score,date,text
2,2026-09-24 08:46:46,has gotten worse. very annoying symbol pre selection. overreaching. probably bad AI implementation. I don't need or even care for symbols. it impairs core functionality.
2,2026-09-04 15:37:28,Verwendet Benachrichtigungen um Werbung anzuzeigen.
2,2026-06-27 06:34:46,"Started to get a lot more pushy with notifications (commercials). Looking for alternatives now. Sad, was happily using the app for 5 years"
2,2026-06-22 19:28:07,Can't delete or rename items once added to a list. What a ridiculous oversight for a basic feature.
2,2026-06-13 08:01:48,"Great app, but they seem to have some artificial restriction to one web login that forces me to log back in every bloody day, making using this at the office adding stuff to buy on my way home almost unusable. Would easily be five stars if it wasn't for that."
2,2026-04-17 09:56:34,"5 stars before, now 2 stars. Does not work with the Chefkoch app anymore."
2,2026-02-11 12:09:23,cannot delete items after adding them
2,2026-01-25 16:20:57,"Really annoying that the app gives suggestions and tries to autofill. I need onions, and the app gives apple juice as first suggestion? Strange and unnecessarily complex for a shopping app."
2,2026-01-22 15:00:13,Spuuglelijk donker thema. Je kunt geen boodschappen wegswipen als die gekocht zijn. Onoverzichtelijk
2,2026-01-03 00:33:24,It is cool but can't sign up
2,2025-11-21 05:22:45,"I used to love this app, however I got a new phone, everything has updated, & now every time I open the app I am asked to turn on notifications. No. I will not turn on notifications. No means No. stop asking!"
2,2025-09-01 19:01:13,Why did you remove the ability to send notifications to other members of the list? We used it all the time to remember things
2,2025-08-31 03:36:25,"Dropped *. Shopping wise, it's very convenient. However, as a vegetarian, I don't want to see meat dishes in the suggestions. The pictures are disgusting and offensive to me. Either add the ability to turn that off, or filter suggestions based on profile information. Add to the profile dietary restrictions such as vegetarian, kosher, halal, etc. Just dropped my rating one star, in 2024, because it's been 2 years since the maker of this app said they would look into adding a vegetarian button."
2,2025-08-22 18:49:56,can we please just have easy to see letters as the image again instead of you forcing a vague or irrelevant icon on our items
2,2025-08-21 10:39:39,"pretty useful, but recently started adding vegan alternatives unprompted"
2,2025-07-28 12:51:50,"The good: nice UI, no bloat The bad: you cannot see if an item has been crossed of a list! An item is on the list or it isn't. There should be a third state: an item is on the list AND it has already been collected"
2,2025-03-27 14:00:08,"Won't let me add or delete items to my list. every time I try to add or delete something to my list, and tap on the icon, it changes color for about 3 seconds, then changes back to the regular color, but nothing happens. items don't go onto the list, and the items that were on a list don't move to the ""recent"" section like they're supposed to. worked great last time I used it a few years ago, so I was going to use this app again in my new phone, but if it won't let me add or delete them I can't."
2,2025-03-19 21:03:57,"Actually horrible. Why can't I add customer items? Cannot add Vitamin D, cannot rename item or delete it. For some reason wants to add it as Dates (Vitamin)? Ridiculous lol."
2,2025-03-12 12:39:38,"Too complicated, hard to use"
2,2025-02-28 22:26:46,Needs an account
2,2025-01-24 09:27:15,All the products in the database are in swedish Even though the UI is in english. It's difficult to find the products because I dont speak swedish
2,2025-01-13 02:16:18,"I wanted something to quickly add items to a shopping list. This was not it. After installing setting it up I still could not get it to sync up with my watch. The phone and watch did not match. Too much work, was not what I wanted."
2,2024-12-28 14:10:04,"Beautiful and easy to use, but the sharing doesn't seem to work. The sent link doesnt do anything and we're unable to access the same list.."
2,2024-12-15 16:46:09,There's no spanish support for the Alexa skill
2,2024-11-23 18:11:46,Does not allow for importing csv. At least it is not obvious if you can.
2,2024-11-07 07:26:17,Malheureusement sans widget avec la liste affiché sur le home c'est compliqué sinon l'application est bien.
2,2024-10-22 08:34:49,"The app suddenly has 50% english, 50% swedish in the menus"
2,2024-10-20 06:15:19,There is no list for canned goods. You have to keep entering that you need a can not fresh. It is tedious.
2,2024-08-29 23:30:24,Why isn't there the option to permanently sync my list with my partner?
2,2024-08-29 09:07:11,Still not providing a monochrome version of the icon. This android feature is 2 years old now :/
2,2024-07-30 03:12:33,It's difficult to use and not practical at all... the list is complicated and to write down what you need takes ages
2,2024-06-17 05:15:25,make sure to not accidentally touch an item you still need to buy!!!
2,2024-04-22 16:18:26,"Though app looks good on phone, not able to see any items in list on my galaxy watch 6 smartwatch. I mainly installed it to use it on smartwatch but clicking on the list doesn't show any items though top view says 6 items. Screen turns back for the moment and then shows as nothing to buy."
2,2024-04-01 23:05:08,When sending an invite to a list it just sends a download link for the app and doesn't add them to the list
2,2024-03-02 20:55:19,I find difficulty when changing pictures for the app.🤨😬
2,2024-02-27 21:27:02,"It send me a notification saying I wanted to buy coffee but my shopping list was empty, I had already bought the coffee so it was notifying me for no reason. I just want to give feedback, I'm not sure how other than via this review."
2,2024-02-19 19:38:05,Notifications on Google pixel 8 don't work despite allowing all permissions
2,2024-02-08 03:44:32,"Terrible app with a very confusing and ambiguous interface. I can't figure out how to make a simple grocery list, as it moves items from the above list to the below list and you don't know which is which. It just doesn't make sense. It keeps asking to refine items and they never show up. Why complicate things?! This is terrible."
2,2024-01-27 07:01:35,"We used this app for around 4 years, unfortunately the newest update introduced problems and we'll need to switch. When my wife or I add items, some go missing and every shopping trip we end up missing something we needed."
2,2024-01-11 17:04:14,"The password reset emails don't work but I don't really mind because this app doesn't remember what I previously entered on my lists, which is the whole point..."
2,2023-12-30 21:30:36,Did not work on my watch while at the grocery store. The app just turned the screen black.
2,2023-11-30 19:10:25,felt like giving this a two
2,2023-11-24 22:15:40,"Ultimately frustrating. No way to delete items from the list as I shopped. Worse still, app refused to delete the original list as well. Needlessly fussy but not doing basics well. Uninstalled."
2,2023-11-12 09:29:04,"Does what's on the tin with the exception of an extremely annoying tendency to rename your entries. ""Lemonade"" gets automatically changed to ""soda"" for instance etc. Will switch as soon as I can find an app that just does as its told without any own interpretation."
2,2023-10-16 17:17:36,Would be good if I could change the language.
2,2023-08-25 14:08:51,"The list works fine, but it is not practical to use for two reasons: there's no way one can prioritize an item, let's say, what is of most important to bring from the supermarket... and the most annoying problem: items and lists cannot be deleted."
2,2023-08-25 09:48:25,"Looks great but I can't share my list with my partner, she created an account on the app but when I send the list to her it just sends her the app again and no link to the list"
2,2023-08-06 07:06:07,Its great (was) Why oh why did you remove support for Google assistant? This is a critical part of the app that makes it convenient to use and not forget to add things to the list.
2,2023-07-28 12:35:13,"Always worked really well, lately everything you add to a list gets removed instantly, and everything that was on the list before gets added when you remove it. App is useless now."
2,2023-07-27 06:11:46,"Items keep disappearing shortly after adding. Currently unusable. Have zo leave Beta Program. Ok, same in normal release version. Well time to see what alternatives are around."
2,2023-07-23 11:05:50,"Initially liked the app but after using it for a while now, I'm finding the categories are a pain as makes the list too long on screen. I've tried using list and tile modes. The main issue is that when scrolling down the list, as soon as you tap an item, it's removed from the list which happens too easily when scrolling. I would like the option to have items listed without categories so that it's an easy to use basic list and a tick box or swipe left/right to mark an item as complete."
2,2023-06-21 14:54:18,"Instead of this app being only a grocery shopping list, we don't you make it and all round shopping list, for example I will like to add shower gels, medicine, toiletries and other stuff."
2,2023-06-15 19:38:03,"Initially thought it was great but random items started to appear on our shared shopping list, which neither of us had added or even looked at - which basically makes shopping a bit of a nightmare. Also, as others have said, it's too easy to accidentally take things off a list. It's a shame, as it would otherwise make it a good app - but with the above issues we're better off using paper and pen. Hope you can fix these issues. UPDATE - will try the double-tap suggestion to see if it works."
2,2023-06-12 14:43:18,Watch app requires me to sign in with my full user/pass. That's near impossible on that tiny keyboard. Makes the watch app unavailable which was the whole point of why I was trying this app. General look of phone app is ok but complicated. Keyboard gets in the way and i have to dismiss it a lot. The suggestions are interesting and can be helpful but i haven't used the app long enough to know if that would be long-term good or not. Don't think I'll make it further
2,2023-06-12 10:05:28,"This app doesn't allow list items to be manually rearranged / put into a specific order (say, ordering items based on how far from the entrance to the store each item is, so that you can check them off in a systematic manner)."
2,2023-06-08 16:19:49,"I appreciate the fact that they allow for items to be grouped by category, but I just can't understand the need to waste space by making giant icons of each product. Just the item name in a neat, columnar list is quite sufficient. I uninstalled this app."
2,2023-06-05 23:59:16,Apparently will stop working with Google Assistant on June 20. Super disappointed.
2,2023-05-14 14:10:19,Crashes whenever I try to add a picture to a new recipe which basically means I can't add any new recipes.
2,2023-03-11 18:40:11,"Was excellent now too complicated to use. Instead of just typing what you want in the search bar, you now have to tap on a +sign which brings up the search bar. Then when you enter your item you have hit Done. What used to be one step is now 3. I've been looking for simpler grocery apps. March 11, 2023: New comment: now whenever I open the app, I get a pop up asking if they can advise me. Very annoying."
2,2023-01-28 08:29:10,Can't sort and can't delete items.
2,2023-01-22 10:53:18,Why are there no offers available from Sweden?? And why are the latest news in the app from 2022...
2,2023-01-13 19:21:30,"Personally not what I wanted You can add things to the list from different categories but it does not show differently in the list itself (eg there are no different colours for different categories) and I wanted that clear definition. Also, the quantities are weird, I wanted to add mushrooms but the only gram amount was 200g so I had to exit out of the category and manually add the mushrooms at 150g which was extra hassle and it felt like using a manual shopping list would be easier."
2,2023-01-04 07:42:23,It's so easy to accidentally knock something off your list when shopping. My partner and I use the app and I've lost count of the times either my partner and I have returned home without everything as we've accidentally struck something off the list before picking it up. It's happened so often its got to the point I'm moving on to try another shopping app.
2,2023-01-03 09:26:37,Works ok but it keeps adding items onto list which i dont need or want
2,2022-12-21 08:11:38,"The app is getting worse with every update. Nowadays, it is also loaded with advertisements camouflaged as offers - the offers are irrelevant, even less intuitive than the rest, and shops may not even close to your location."
2,2022-12-03 22:58:39,No Slovenian language support.
2,2022-11-16 15:10:15,"Can't log in on the watch. The app doesn't allow logging in with the phone but instead requires typing in a username and password on the actual watch. Not only is this challenging because it hides the pw as you type, watches don't have certain characters on their keyboard which I use in my password."
2,2022-10-18 14:57:16,Confusing hard to use
2,2022-10-15 14:00:17,Nothing special
2,2022-10-13 03:58:20,If this app weren't shareable I'd give it 1 star. It's one of the worst list apps out there. How can you not just accept typed input for various lists? Must you constantly change what I type and insert your often incorrect icons? Learn to do basic things well please. And we still can't move an item from one list to another. Wow. Very disappointing app.
2,2022-10-04 22:42:24,"Too... Quick? A single tap banishes any item into oblivion, together with all associated notes."
2,2022-09-18 13:48:31,Items disappear after a while. Entering items not builtin is a nightmare.
2,2022-08-19 16:42:18,"Easy to use but the user interface leaves a lot to be desired. Some of the pre-entered shopping items are rubbish, eg. lawnmower is listed. Who would have thought that a lawnmower is a regular shopping item! Come on seriously?"
2,2022-08-12 16:44:07,"Beautiful application but, at usage, the ergonomic is not efficient."
2,2022-07-18 14:33:49,"This app used to be great and I used to be able to use it on my Galaxy watch 3 but now that I upgrated to a new samsung phone, the app says that I don't have any wearable devices so I am unable to use the app on my watch."
2,2022-07-10 11:10:32,"I love this app but then it doesn't allow me to create a new category. What it has is an ""own items"" category but doesn't allow renaming of the category such as pansta and beans/legumes."
2,2022-06-26 14:37:14,Beauty over functionality. I would like to see less graphics on the app. Do away with the graphics and you can use the real estate a lot better and show more of the list on a single screen. Still searching for a good shopping list app.
2,2022-06-12 17:53:17,"The watch app doesn't work for me and it forces the German language oppon me. Makes sense as I'm German but I'd rather have my list in English and there's no way to change that. Other than that, it's a list, can't go wrong with that (technically)"
2,2022-06-12 11:19:47,Would be 10 stars if it could just present me with a list of things I create/buy routinely. Staples seem to vanish.
2,2022-05-14 17:45:37,"not great. not very simple, and there's little that shows you any of the apps features, so you're left on your own."
2,2022-05-08 08:28:28,Looks nice but Couldn't find any option to delete account You can't (easily ?) alter or create categories
2,2022-05-07 09:30:02,Conplicated as there are no quantities
2,2022-05-05 21:02:02,"Doesn't let you create your own categories (I like to use aisles for my item categories - ie, I'm getting these items from aisle 2, going to aisle 4 for these ones and aisle 7 for these ones etc). I also don't see any option to add prices to each item with a shopping cart total so I can keep track of my spending. I would strongly suggest the developers go and have a look at the 'Out of Milk' app. I would still be using that app if it wasn't deleting my extensive shopping list all the time."
2,2022-04-25 18:20:33,Very limited Icons. Plug sockets are not listed - but shows as a paint spray can 😂😂 Similar with other icons. Also I thought taking a picture would replace an icon🤭🤔
2,2022-04-23 22:03:59,Unable to add an image to one item (a pizza) without it adding the image to another item (a different pizza).
2,2022-04-22 17:05:00,"Works except for a huge bug. When you type and get a list of suggestions, if you scroll too far down it cancels the action and you have to type in again."
2,2022-04-22 10:42:49,"I wanted to like this app, the look and feel is great, but the rigid categories make it too difficult to use. It needs customisable categories."
2,2022-04-07 15:39:59,Great database of items but not a very user friendly interface in my opinion. I find it's easy to unintentionally tap a list item just while scrolling etc that removes the item from your list and you have no idea which one you tapped. It would be better to have a checkmark or strikethrough.
2,2022-03-31 12:12:20,"Such a bizarre interface. It is slow to add items and quantities you want, especially if it not part of predefined set. For the predefined items, one is unable to change the quantities and modifiers to meet their needs. For instance, 'Milk' has quantities of 1, 5 and 2l. I don't buy milk by the liter and frequently I just want to buy 2. It is too easy to mark an item as purchased accidentally. Overall the interface is not intuitive and wasteful of screen space. Beauty over functionality."
2,2022-03-29 14:07:36,Can't even add two types of cheese if they're not in the list of base cheeses. The overwrite the previous cheese. Can't add list categories. This app is mess
2,2022-03-25 21:28:53,"Basically does what it says - like lots of others do. The UI is fine - but lately it uses English words, although the List is set to German. My phone is English - and will ever be. Some devs seem to be obsessed with the idea, people would want their phone in the same language as some apps. - now my SO can't add stuff, when she's on my phone as she does not know the English word for whatever she wanted to write down. A bit to much spammy ""Recommendations"" in the Free edition - but thats somewhat expected in this day & age. What bothers me too - I did not check, if there is a Desktop Version for the App before I moved my Family over - now I am sitting here in an Android-VM making my Shopping lists... The main reason why I currently stick with Bring, is the Wear integration. Which works better than all others I've tryed so far."
2,2022-03-25 02:40:06,"Seems pretty good, but no widgets on android? That's the most important feature."
2,2022-03-24 14:05:06,Your last update does not understand Spanish.. it won't let me add to my list with voice in Spanish as it did before .
2,2022-03-24 02:46:39,"We have a list in Google Keep of a few dozens products we always buy, including their type and quantities. We go over the ticked off items and untick them if we need them next time. With Bring! there is limited number of tiles that can live in the Recently Used folder (and custom folders aren't supported, I think?) which makes it useless for us. Too bad, it looked pretty good at first..."
2,2022-03-21 17:28:01,"Ok, but needs to have ability to move items between lists rather than having to recreate them to do so [Edit - Great to hear this is on the cards. Will gladly give it 4* then]"
2,2022-03-02 06:58:53,Easy to enter items. No search capability. Apparently cannot put the whole list into alphabetical order. Apparently items have to be put in arbitrary categories dained by the authors
2,2022-02-23 22:40:57,Was good when first started but they are gradually making it worse and worse. Now it is not even possible to delete an unwanted item. Originally rated 5 but now about a 2
2,2022-02-21 16:37:40,Very basic. Cannot create your own categories. Cannot add the same item more than once to a template (eg milk and skimmed milk). Quite buggy.
2,2022-02-16 15:11:05,"I still use it for the shared list function, but navigating between lists is just annoying. It's not intuitive at all and feels like there are far too many 'extra' steps to everything, whether adding something to a list or trying to switch lists. It used to be a simple and streamlined app. The changes aren't exactly recent and I've tried to give it time but I'm just not a fan. If this is it's final form, I plan to bail as soon as I find another list app to share between the household."
2,2022-02-12 12:23:16,"The verification email just kept running into 'oops' issues, so never received it. Also concerned that the Privacy option in settings doesn't go anywhere. I like to read the Privacy Policy, so uninstalled given it can't be accessed. Friends recommended it, so maybe works better on Apple than Android...?"
2,2022-02-09 20:13:51,"I don't understand, isn't it a grocery shopping app? I'm very confused and can't find myself..."
2,2022-01-12 20:41:36,Just installed. Haven't tried yet but want to know how to change the language settings. My phone is in English so it downloaded the app in English but I want to have it in French. How do I do this?
2,2021-12-16 19:35:55,Way too aggressive for a shopping list app...
2,2021-12-10 22:20:39,"Not really for me as I am looking for an ""out of milk"" replacement so I wanted to-do lists etc. Even so, when I tried this app, when I added my first custom item and chose an icon, the app gave me an error. Not a great experience to start with."
2,2021-12-04 09:30:12,Hello Bring! Team..Downloaded the app today... in region and language option u don't hv Middle East and India.... Hope you will consider it too...
2,2021-11-18 07:12:56,"Everything is fine, one important thing (a key feature to me) is missing. Otherwise, I would've given 5 stars. The shopping card wallet does not accept QR-codes (only a barcode is accepted) and I'm not sure if it stores your cards to your Google Drive if you are signed-in with your Google Account so that you don't have to add your cards every time you sign-in on different devices."
2,2021-11-08 12:18:20,No arabic language! Why?
2,2021-10-28 20:23:08,"The app crashes literally every time I try to change the category of a item I custom added. Tried deleting and recreating the item, killing the app, and a restart -- no luck. Bummer because I really enjoy the app otherwise, especially it's visual design. For the record, I'm using a Pixel 4 XL running Android 12."
2,2021-09-24 09:10:00,"Umm....I don't get it. It's supposed to be this multi featured app with features out the wazoo. Yet its GUI is almost comically crude. The 'main' list screen is overwhelmed by the stupid heading banner blocking 20% of the screen, and the bottom ~ 30% of the screen is dominated by a panel, the only relevant function of which is to enter (manually) an item you want to find or add to your list---a panel you also can't hide. —>>WAY too focussed on ""sharing"" info w other users. Ignores basics."
2,2021-09-15 10:37:06,I wish to migrate data from outofmilk app to bring app. As well change or create categories it would be a must.
2,2021-09-15 07:20:39,"Can't divide by categories... Can't use but I like the pictures, could be colour option as if there are no categories should be an option to divide, that could see products better as I need to separate vegetables from dairy etc. It kind of shows the categories at the beginning but when you start making the list it disappears."
2,2021-09-05 15:45:15,Good app. But there is no option to remove Jamie Oliver from inspirations tab!!! Please let me turn him off!
2,2021-09-05 13:39:39,"Got this app because it works with Google assistant. While it does work with my phone, it currently does not work properly with my Galaxy Watch 4 so I will be uninstalling it from both devices. It won't open the list on the Watch. It only shows how many items are in the list and when you tap into it it just keeps loading forever. When the bug is fixed I may try again."
2,2021-08-15 13:29:33,"War Mal gut, mit jedem update verliert man 10% vom screen zu Werbung und Schrott. Aktuell interessiert mich noch 25% vom Inhalt und denke ich wechsle wieder auf Onenote zurück. Siehe Ebay wenn ihr verstehen wollt, was ich meine... Ich glaubs nicht jetzt speichert sogar die app komplett andere Sachen in der Liste als was ich getippt habe. Weiss sie besser als ich was ich kaufen muss?"
2,2021-08-12 07:03:34,4 or 5 stars only after you add Bulgarian..
2,2021-08-08 15:10:52,"As of a few days ago it refuses to integrate with Alexa properly. Adding works fine, removing an item does not remove it from Alexa's list. Interface change was a retrograde step. Meh."
2,2021-07-23 13:03:33,might be great but requiring an account is a deal breaker
2,2021-07-20 04:02:25,The design is good. But why can't I simply sort the items in a list alphabetically? It takes longer and makes it a nuisance to search quickly for an item used up and you want to buy. That's such a basic feature missing and it makes it cumbersome.
2,2021-07-14 18:12:10,"used to be a very good shopping app. however, it now has a lot of useless features (e.g. offers, recipes, ads, premade lists, ...)"
2,2021-07-11 12:25:00,"Form over function. I can't even manually sort items on my list, only sort categories. Less useful than a shared item in Google Keep."
2,2021-07-04 17:24:15,No place to add prices
2,2021-06-30 04:23:18,the last update broke it.
2,2021-06-28 06:17:18,"Tried it after years of using Out of milk. Unfortunately it is way below expectations. It doesn't offer a simple form of a free text items list. You must choose from a predefined list of products (catalog) . If the item isn't available, you need to add it in a very awkward way. If your language isn't supported, such as Hebrew, then you are out of luck and can't add anything. An annoying and inflexible experience. Compared to the shop rating it is a total disappointment."
2,2021-06-23 07:47:05,"The app tries to look modern and fancy, but in doing so looks very messy and is hard to use. There's no way to manually sort individual items in a list, essentially making this app useless."
2,2021-06-18 04:49:43,Wow. I'll use a paper and pen over this. Or a list in OneNote or Samsung notes
2,2021-06-16 21:17:31,I dont want to login with my credentials to make a shopping list!
2,2021-06-13 17:19:09,"No Alexa skill?? App says it has Alexa, but Alexa says that skill no longer exists."
2,2021-06-12 08:26:59,"It used to be a clean and easy to use app, but a recent update threw the clean interface out to make it unnecessarily confusing and complicated."
2,2021-06-11 04:47:18,"An inventory functionality would be a good to have to keep stock of things in the house. Rest, this app is wonderfull and the best. I have been usong this app for a very long time"
2,2021-06-10 10:06:43,The privacy settings menu doesn't open lol
2,2021-06-07 05:58:20,"poor update, now refusing any new items not in its catalogue"
2,2021-06-06 11:06:53,"Not bad, except for one huge problem:you are stuck using the app's predefined categories for items. This severely limits the usefulness of this app. For instance you cannot use categories to define the stores that carry certain items, or, as I do, which aisle those items are in. Try Our Groceries to see how categories should be done."
2,2021-05-19 07:56:38,"So much easier to use before. Now all your ""helpful"" options and suggestions makes it frustrating to use. Thanks for nothing. Remember that the keyboard pops up, so we lose most of the screen space when typing, so keep that in mind. Less, is more."
2,2021-05-14 16:43:10,"It used to be a simple app. Now they want my email address to most likely dump junk marketing on me, it has new features that I don't need. And the app nags you for signing up. I don't want to create an account to use your app. Looking for another app to replace it. Might just use a notepad and have list without nags or accounts. Update to developer reply. The app does not give me a skip option."
2,2021-05-12 14:03:48,"It was such a nice app where recently used items were just hanging down and all you needed to do is to click on them to put in basket. Then they removed it and you now need to type in a tiny search box. Also they added cards, which can not be removed."
2,2021-05-12 02:52:48,"Your tag line says ""Your beautiful simple list app"" well it used to be, but not any more. The original simplicity of just picking tabs for what you want then pick them again when you purchase was great. But with every update you make it more and more complex for no reason. Now you have to configure a list to be able to use it. Then pick a flashy background . Now choose a color, now share it. I just want to make a grocery list not a life plan. Guess I will have to look for the next "" simple"" app!"
2,2021-05-11 12:06:30,"I've tried to like this a couple of times now but the app design just doesn't make sense to me. Why can't you move items to separate lists once they're on a list? Why can't you reorder the items on the list? Why can't you use the categories that are displayed to break down your list? Why are the fonts so big and can't be configured? Why isn't there a ""most used items"" category? I apparently have way too many specific needs for a shopping list."
2,2021-04-30 12:10:26,"No idea why this is popular. If you're vegetarian or vegan, forget it. Really wants you to send your shopping list to all your friends for some reason, so maybe it's aimed at dating scammers idk. I only installed it because Google Home seemed to support it but Out of Milk used to work perfectly on multiple devices before, so back to that I go."
2,2021-04-23 18:27:55,Good app but obnoxious notification spamming
2,2021-04-18 00:39:42,Don't like the new format of making lists. Too fussy
2,2021-04-17 07:58:27,App organisation is not very rational.
2,2021-04-08 15:49:33,"I like the basic functionality of it, but I've opted to uninstall and go back to my old grocery app. If you add the ability to add prices (and adjust them for sales and such) and have the app calculate cost, I'll be back."
2,2021-04-07 05:48:50,"War früher mal mehr als top, als es noch einfach war und nicht sehr häufig mit Änderungen gespickt wurde. Wenn man jetzt etwas zu schreiben beginnt, erscheinen Vorschläge unten, verdeckt. Früher sichtber! Nun immer komplizierter und mit Werbung belastet. Früher hatte ich mal bezahlt für diese App. Nun bin ich soweit, dass ich bald wieder bezahlen würde für den Zustand von früher. Zum Glück gibt es Alternativen, die auch weniger teuer sind als die reklamefreie Version."
2,2021-04-01 06:54:13,"New item selection clumsy and slow. End up with ""suggested"" (read: advertised) items by mistake half of the time. Keep it simple."
2,2021-03-31 07:42:46,"disconnected my household and now won't reconnect so the lists don't sync. says ""whoops can't connect to internet"" even though I am obviously online."
2,2021-03-30 19:07:39,Gets wors every release
2,2021-03-19 12:37:06,Worked great until today. It is showing me what I assume is someone else's shopping list. I didn't add any of the items it is showing. I can't seem to access the items I added the night before which is very frustrating. Now I have to start all over again.
2,2021-03-19 10:09:10,"I have used Bring for years, and find it one of the most useful apps I have. However, the new UI redesign has really disappointed me. When you redesign an Android app with an iOS layout it becomes a frustration for Android users since it doesn't match the layout and interaction with the rest of the apps on their device. It's a small, but frustrating, adjustment every time I open the app."
2,2021-03-14 15:25:36,The app was perfect before the latest upgrade. Its not as user friendly anymore so I think I will be uninstalling and finding something better. Would have given 5 stars before happily.
2,2021-03-10 05:58:14,"Think the new UI is confusing. That's about product managers, always want to change something that actually just works"
2,2021-03-10 03:04:18,"It's a fancy shopping list that could be more useful if they wanted to. I'm mostly only using it because it's the only one with Wear support. It lacks a decent space for description, extra details, coupons and price (very useful when researching for best prices on your list). And they explicitly state this is not on the app, on their FAQ, what makes no sense. You can't even EDIT a product name! A lot of empty space on the product screen that could be used properly, too... Please, Out Of Milk!"
2,2021-03-09 12:44:26,Keeps adding unwanted items
2,2021-03-09 02:31:27,the old one is better and easier to you. Now become difficult.
2,2021-03-07 07:12:28,Very poor Used it for a week But found to be no different from other apps All it wanted to do was add a friends list and send invitations to everybody Going to delete and find something better
2,2021-03-06 14:52:04,upgrade to this app has made it difficult to use. have to search where to search for items.
2,2021-03-05 23:16:08,"I hate the new upgrades. I don't need the shopping suggestions, they are very annoying. The new search is too small and too busy. I would give 4 stars for the old version, but 2 for this one. P.S. how much more specific can we get? I'm reading through the reviews and totally agreeing with all the very specific criticism people are giving (yet the canned response asks for more specificity???) Really?"
2,2021-03-05 18:53:33,"With the new interface the app turned terrible. Everytime I check something of my shopping list, the list view jumps down to what I recently added. When I am shopping I don't want to see what I recently added I want to keep shopping. That means I have to scroll up after every single item I check of the list."
2,2021-03-05 06:41:37,Used to love this app but the latest update moving search bar to the bottom makes it difficult to use. I keep accidentally deleting items off my list trying to dismiss the add overlay :/
2,2021-03-02 17:43:59,The new UI is terrible. 2 buttons now to add items instead of the original one button.
2,2021-03-02 12:29:52,Before the latest update it was a 5/5 but they significantly complicated and worsened the UI. Please revert it to the old way!
2,2021-03-02 09:45:03,"Totally ruined the interface, makes putting a list together so much harder. Android apps are meant to help not hinder. Perhaps if the suggestions could be turned on/off. I find that it I can not see what I have allready entered I can sometimes duplicate items which then removes them from the list or miss out items I intended to add. The phone has a 6 inch screen but is too small with the suggestions displayed."
2,2021-03-01 20:19:44,"This App used to be great till the latest update. Such a shame, now its difficult to use especially when trying to do one's shopping. Such a shame. :-("
2,2021-03-01 12:18:50,"Was great for years, now almost unusable. Put the search bar back to top, please. Everything keeps moving around when I try to add items. Can't even see much of the list with all the clutter and keyboard popped up."
2,2021-02-28 14:53:25,I really liked this app but since the new UI I am constantly swearing at the app. Now I reinstalled an older Version from APK mirror. Why should one change a good working System and make it worse.
2,2021-02-28 08:33:51,"Before the update, I gave it 5 stars. It is more complicated to enter a item and the suggestion of an item does not help me. I'd prefer to enter a new item directly."
2,2021-02-26 14:05:16,"Hi, I prefer the old search functionality. Is there a way to change it back to the older one please?"
2,2021-02-24 22:46:08,"As of the latest update, search functionality is less user friendly and requires more steps. Not liking that at all. Move search and type back to the top!!"
2,2021-02-24 20:49:17,"Like many other users here, I'm really annoyed about the last upgrade when the search bar moved to the bottom. The keyboard covers now the screen with the search items so makes the app useless and irritating end user. Can you please correct this or leave the user the choice to choose between top or bottom search box. Thanks!"
2,2021-02-22 12:27:26,"Nice app, I used it a lot. But the new search and way to manage/edit items is only more cumbersome! Example: editing a category could be done by tapping the category. Now it has a dedicated button, but no longer shows what category it actually is!"
2,2021-02-18 21:10:59,The update has caused the app to delete items right after you add them. My partner did a shop today and didn't pick up 4 items because they weren't listed - I definitely put them on the list. Not good. 2 stars until fixed.
2,2021-02-14 04:32:51,"This app works ""basically"". It has annoying notifications and suggestions. Ionly use it because my husband insists and he's the one who shops. If I can't shut off all the extras, you'd think I could at least get relevant adds. LOOK AT THE SHOPPING LISTS. The recipes are really annoying. It's amazing that the recipes don't reflect the shopping lists. We don't buy or eat any grain products but get annoying recipes for pasta and bread based meals. I have not seen one Keto message or suggestion."
2,2021-01-24 01:23:52,"I want to like this app. But one of the main reasons I downloaded it is because I can ""supposedly"" link it to my Google Home, so that I can say ""Hey Google, add milk to my grocery list."" But I am not able to link account. When I go to the Home app, and follow steps, it asks me to sign in to verify, when I click on ""sign in w google"" it just sits there. So I sign in w email, it doesn't like my (google account) pw (because on said app that is my account). Change pw? Doesn't work."
2,2021-01-21 00:27:03,"If I try to rearrange the list categories, it starts creating duplicates and categories start disappearing."
2,2020-12-29 09:43:11,"I have to agree with Gregg K: This app needs to be customizable at a basic level. First and foremost you can not change the order of items, only categories. Which is a no-go, because some categories contain items, which are not even close at the shop."
2,2020-12-19 15:04:09,"Cannot add categories, which seems crazy to me. This app is oddly limited and not user friendly. I like the idea of the list format with pictures, but it's a deal breaker if I can't add categories to match the layout of my grocery store. Plus, even though I'm using the USA version, it lists cornstarch using the British name ""corn flour"" and that name is not editable. This app needs to be much more customizable on a basic level."
2,2020-12-10 07:17:52,It's ok but nothing special. Limited icons and a complete mess if you try to add a recipe to shopping list.
2,2020-11-18 14:32:53,"Can I 'talk' to BRING! ??? ...like i can Google Assistant??? Seems not ready for Prime time. My Grocery list is TILES. How can I change it to LIST??? If I can, it's not obvious how. This app just seems very limited in formatting and organization. I am uninstalling for now. Will check back in a year."
2,2020-11-17 15:22:26,"Leider wenige bis keine 'normalen' veganen Lebensmittel in der Selektion (z.B Nährhefe, texturised soy etc). Ich kann auch nicht die Reihenfolge ändern oder Produkte von meiner Liste exkludieren, die bei mir nie auf den Tisch kommen würden. Es ist mehr als Zeit, andere Ernährungspyramiden (ja, es gibt vegane!) Zu berücksichtigen. Ich gehe sogar noch weiter und behaupte, die app nimmt sich selbst die Chance, einfache vegane Alternativen vorzuschlagen, die man statt tierischen einkaufen könnte."
2,2020-11-15 12:37:16,Cant even change view to list rather than stupid big red squares.
2,2020-11-02 01:22:05,I like it but BIG problem is that you can't change the name of an item once added. Adding items with Google assistant often hears things wrong then enters them in the list wrong and there is no way to change. Only delete and add again. Not going to use for this reason.
2,2020-10-14 16:49:49,"I'd love if you could change the order of the individual lists! Would make it a lot more handy to keep things organized. Love this app, tho! Edit: the app deletes items in ""recently used"" after you checked them off, which is an absolute no-go. :| I'm sorry, but this is trash and I'm not looking to have to type in items I've already used again and again. Please fix this. I'm gone for now. Also, the deletion of items could be made SO much more simple, it's a pain in the butt sometimes."
2,2020-10-08 18:48:11,"No widgets, most important thing is to view lists on home screen and be able to check off items from widget. Not possible with app."
2,2020-10-04 23:18:38,Extremely annoying. Items keep getting randomly added to my lists. Constantly! I don't know who you're sharing my data with but I'd appreciate if items were not added without my consent!
2,2020-09-29 10:12:50,the design needs improvement. it's ugly an unorganized
2,2020-09-25 13:28:06,"Extremely frustrating interface. I add an item to a recipe and the moment I add any description of the ingredient like the quantity of item, it changes the name of the ingredient to another language (German? Not sure) and won't change it back unless I delete the item and re-add it. And then if I do that, it suddenly forgets the original name of the ingredient so I have to type it all out AND assign it the appropriate icon. Only for it to change it to German again. Ugh."
2,2020-09-06 09:37:54,"App looks great, but why the item disappears when I click on it? it's unusual. If my wife makes a list and by mistake I touched an item, done, no idea what it was and no idea how to retrieve it. Why can it just be crossed out or checked instead? for the moment, not useful for me :/"
2,2020-09-01 01:41:16,"I hate it, why cant I use the chefkoch smart list anymore."
2,2020-08-24 20:12:22,"Useless because we already have a shopping list and a cart in every online grocery store we buy from. Why duplicate? This shows no price, no store and no available in entory nor any suggested replacement product in case it is out of stock."
2,2020-08-04 04:19:42,Need Internet
2,2020-07-06 22:20:29,The last update messed up the language of the category. Only in German. Changing to English does not work.
2,2020-07-05 17:04:16,Must be a glitch in the app because it wasn't working for
2,2020-07-02 16:00:21,"This app is okay, but not nearly as good as the SmartList app that Chef Koch used to partner with. I really hate the tile layout. Would like the choice to view a normal list."
2,2020-06-17 10:21:22,"I will be using google keep instead of Bring! just because in Google keep i could sort my shopping list, and also make it a list instead of cards, where in Bring! it's impossible to change your shopping cards to a list. and you can't even change the cards placment after adding them to your shopping list."
2,2020-06-03 17:10:06,Looks nice but other than that almost useless for me.
2,2020-06-02 06:28:53,"item not coloerd no another language , suggest list very horrible ."
2,2020-06-02 01:22:30,Not as good as many other shopping apps. It's very basic. Don't even bother with this one.
2,2020-05-25 18:02:28,App Response very slowly. Pls fix the Bug. It tooks long time at the time when someone send me the shopping list from my home.
2,2020-05-23 00:04:28,Does not consistently sync for my husband and I
2,2020-05-07 00:05:27,"It is a good idea to share a shopping list with family. But that's it. The pics are annoying I am able to read, it disturbes that it automatically recognize languages (I live in a trilingual family) and translates them, I can't change the order. I am going to search other lists more practicable for me."
2,2020-05-05 08:02:52,"Гарний застосунок, але нема української. Вписувати продукти чужою мовою досить незручно. Видалив. На разі Listonic мій вибір, рекомендую."
2,2020-04-14 08:23:16,😢 sadly your icons are often still just showing single-use packaging waste... so we'll just continue with our well educated consuming spirit even in 2020? Or we think out of the cage and proof dollar sign eyed industry wrong by purifying our life again 🌍
2,2020-04-08 10:20:30,"Pretty UI. But I don't know why some of the menus are not in English. I hope there's a way to set the language. Also, the choices seem to be limited. No baby products and no way to add brand names."
2,2020-04-04 16:32:31,No es handy su uso y se atora
2,2020-03-07 16:42:39,"Installed because of Google assistant suggestion. Interface seemed simple upon installation but as soon as I started making a list in English the app switched everything to German. Whilst my German remains passable enough for a grocery list even after 35 years since I was stationed there, my wife has no German. This app in its current nerfed state is useless unless you speak German and are the only one in your household that does grocery shopping. Too bad really. I've had to uninstall."
2,2020-02-28 22:03:06,"It was nice, but could use the option for a list without big dimesize pictures. there ere severe organization control options missing. I love details and miss my Grocery King APP!"
2,2020-02-28 13:12:54,"It says ""One moment, please. Oops, an error has occurred."" So, I say ""Uninstalled."""
2,2020-02-15 09:08:38,"I installed this app just because my google home recommended it for maintaining shopping list. I tried it and found that it is really not useful. You can add items by tapping on the icon(line drawing) of the item. Most of the Items an indian might use is missing. There is no way to sort your list. Items are generic and you cannot include the brand name. For eg: Soap.. but which brand , what quantity. These details cannot be entered which makes it useless."
2,2020-02-13 16:43:29,You have to create an account just to check out the features. Uninstalling.
2,2020-02-10 13:32:44,"Interesting interface, but makes adding things to a list cumbersome! I prefer a simple list making app like cozi!"
2,2020-02-09 21:46:26,"The UI really gets in the way of a functional shopping list app. Adding quantities, notes, and other details isn't intuitive and isn't suitable for quick additions or modifications. It's a simple app for simple needs."
2,2020-02-09 10:20:43,"Super konzept, was mir enorm fehlt: aus den Prospekten etwas zu meiner Liste zufügen, falls mein Handy english eingestellt ist läuft der App Englisch und findet im online shop aus meine Liste null komma nichts..., die Ikone sind zu gross man muss zu viel scrollen, ich würde gerne meine Liste nach Durchlauf Reihenfolge im Shop sortieren können. Händisch wäre auch ok da ich immer ins gleiche Shop gehe. Also noch vieles zum verbessern. Ich kann ihnen eine tolle Product Owner dazu empfehlen."
2,2020-02-01 12:25:48,"No widgets, it's a deal breaker for me."
2,2020-01-08 23:30:32,"Meh! How was this voted ""Best Grocery List App""?? It won't let you create custom categories for sections in your grocery or rename built-in ones. It only displays the shopping list with huge icons and there doesn't seem to be a way to show it as a simple text list with categories as sub-headings. Those are very basic features for any grocery list app."
2,2020-01-06 16:12:04,Current version is buggy. Sometimes pressing on an item won't add it to the list. Also search results don't always show. I find myself repeatedly restarting the app.
2,2020-01-06 11:31:04,Recent update is buggy and won't allow me to select item after a couple of searches. No option for in-app feedback.
2,2019-12-21 15:48:38,Seems very unstable since last updated. Was excellent. Tried reinstalling but no joy.
2,2019-12-14 06:28:04,"Just ok. No store filter or category. It doesn't work as a separate list some items are available at multiple stores. Photos dont override the icon. The icons take up more room than the info they provide unless you need glasses. Layout is too busy too much other info on the list page. By the time you are at the store you just want the list with maximum number of items not the large icons or all the other categories. I tried all the google home integration list apps. ""Any List"" wins hands down!!!"
2,2019-12-12 22:30:34,"Is okay , not what im looking for Needs to a Recipe tab,so you can remove all ingredients for that one recipe from your shopping list. Needs to add up up qty n measurement probably when you add ingredients i( including half's a fruit, ml for liquids ect)"
2,2019-11-18 10:03:02,Requires creating account before you can even try the app out at all.
2,2019-11-13 06:03:42,"Found it a little too complicated for what it is - a shopping list. The icons should be a choice, as they make no sence, when you write your list in for example Danish."
2,2019-10-16 23:51:03,If i use any kind of shopping list: they don't always have things i want or food product went bad or none in stock!!; you have to search on Bring for some items that are not on the list!!
2,2019-10-08 00:18:27,"I appreciate the list, but the app would be more useful with time- and location-based reminders, and importance rankings and notes. Eggs for that cake I'd like to bake this weekend are less important than bread for the kids' lunches."
2,2019-10-07 15:08:58,The app is consuming a lot of battery when put to the background while some items are still active - samsung galaxy s7
2,2019-10-05 19:38:47,"Why would a shopping list do push notifications even before it's first use (and consent to such popups)? Some privacy please, shopping lists are supposed to lay flat on tables and fridges till needed without spamming their owners."
2,2019-09-14 10:59:25,"Great app but crash on my smartwatch when I click on ""Continue with Google""... MOBVOI TickWatch E2 (Wear OS)"
2,2019-08-31 04:46:12,Doesn't allow you add own categories. Not user friendly
2,2019-08-28 13:30:30,love being woken by your notifications in the middle of the night. thanks
2,2019-08-23 07:12:21,Needs better multilingual integration. And there is no desktop widget which is a deal breaker
2,2019-08-22 08:15:16,It doesn't have a widget and I need it on my screen
2,2019-08-15 16:41:17,"This app has potential but it's really buggy. I'm not sure if it's an issue with WearOS or what, but it takes so long to add items because more than half the time, things just won't add. It took me 7 tries to add one item today before it appeared on the list. Also, items will randomly vanish from a list, which is extremely frustrating. I'm sticking with Got Milk, a far superior shopping list app."
2,2019-08-12 15:30:43,Part useless. Very very unstable with data traffic or the app is just randomly changing things. Looks good and had some nice features though....
2,2019-08-11 12:56:42,"While the app looks to be nice, I uninstalled very quickly before even using it as it doesn't have a widget available to put on my screen. I need to add items quickly, so I don't like that I have to find the app, open it, then add the item. A widget would make this much easier and then I would consider trying the app out more."
2,2019-08-01 08:33:26,Going downhill with all the ads It's getting difficult to even find something with all the ads. Push notifications are also getting out of hand. This is not an app I want to interact with daily. It's once a week for grocery shopping
2,2019-07-29 06:24:20,"I said ""no"" when I was prompted with the screen to create an account. In an ideal world, I'd be able to skip this while I was trying the app out, so after finding it would stay on my phone, I then would I register. It's too much hassle to register, use app for 10 mins to appraise it, only to find myself to be uninstalling it, *and removing its access to FB / Google* So in a word, uninstalled"""
2,2019-07-28 13:30:52,Nearly a great app. Sadly you can't save a list and bring it back once you have crossed everything off it. So no good for a regular weekly shop unless you are happy to keep rebuilding your list. Fix that and I would give 5*.
2,2019-07-20 13:08:18,"Has been really convenient and easy to use, but recently the lists have not been properly updating between users, rendering the apps most useful functionality practically useless..."
2,2019-07-06 17:13:50,app is not working. things hasn't been on list or couldn't update for the shared person. really annoying!
2,2019-06-29 16:18:23,"Nice app, but you can't delete items that you will potentially NEVER purchase. And you can't have more than one list offline. Why make us sign in? It's a shopping list... Not an email. We don't need to bring log ins to this... And no widget..."
2,2019-06-15 15:09:41,"Personaly, I found this app frustrating. I like easy-to-find, right-in-you-face, lists. I'm always backtracking, collapsing sections and scrolling to find something. I didnt find it conveniant while shopping"
2,2019-06-14 23:27:35,"Missing some obvious features. Cannot edit item names. Cannot create custom sections in lists. Workaround: create many lists. Cannot move items between lists. Inspiration feature is annoying and cannot be disabled. App nags you to use it in certain ways, which is also annoying. Usable for buying only the products the app recognises at a single shop, but not usable as a general shopping list app. OI Shopping List is better in general, but lacks this app's social features."
2,2019-06-04 21:36:24,"The list is shown as huge squares with article names, and sorted alphabetically without any modification of order possible. Whoever designed this hasn't done shopping beyond some 5 items possibly. Too bad, because other features like sync and notifications seemed promising. I still can't find the feature. I could only find an option to sort item categories, not single items. Still, I should be able to rearrange the items without jumping through a few views. And see more at a time than ~9."
2,2019-05-26 10:16:31,"Use 'Listonic' or 'Shopamore Lite' apps than this application, that apps have so may features, especialy prices of each items ,calculation of all items and many more..."
2,2019-05-15 06:43:30,Just updated on all devices and now playstore says not compatible with some devices so the kitchen tablet is not compatible
2,2019-05-03 05:49:20,too simple. no way to add quantities of item or brand/type of item. And registers an inventory list of what you have at home as a shopping list. just didnt meet my needs.
2,2019-05-01 01:35:22,"Pros App is nicely designed Cons For being a shopping list app, it has no list view of ingredients. Only grid. Ingredients grid does not categorize items by store section. Offers no option of ""crossing off an item."" Once an item is removed/""crossed off"" it's completely gone. Although nicely designed, this app feels more like a college project than a production ready app."
2,2019-04-28 02:04:11,Buggy and difficult to differentiate categories
2,2019-03-26 02:00:24,notification for sharing. I want an app my family can all see
2,2019-03-18 08:55:29,"The icons on the list are cute but I don't think the shopping list itself is as functional as the one on the app ""Listonic"". Listonic allows for more room for notes under each item and you can write in the price as you're shopping to keep track of your total amount. i downloaded Bring! to see if it can organize my grocery lists better but it didn't come close to the functionality of Listonic. The only benefit Bring had was the fun icons."
2,2019-03-17 16:52:20,Very disappointing because one obvious feature is missing: there is NO quantity field! Users should not have to combined both the description and the quantity into one data field.
2,2019-03-15 18:30:50,"The St. Patrick's day promotion was the drop for me. 3rd promotion just this week. You guys are waaaay too offensive with your push messages, it's directly abusive. I need an app for keeping track of what I want to buy, that's all - I certainly I don't need MORE ads in my life. Looking for alternatives."
2,2019-03-15 15:27:28,"Good app, but spams with ads in notifications. Uninstalled"
2,2019-03-06 01:16:07,"Can't send my husband notifications that i am going shopping, weird. He can send me. Is that a bug? please fix"
2,2019-03-02 01:28:06,didn't see a way to edit or delete categories etc
2,2019-02-25 04:04:14,"interesting but too easy to click accidently on items from the list and they disapear from it, then there is no way to go back to what as been in the list. somehow notification worked only one way. i've been unable to receive notification."
2,2019-02-05 11:00:13,"It's a few features and some polish away from being a good shopping list app, but they are critical features. At the top of my list (lolz) is the ability to require more than a single tap to clear items from your list. It's way too easy to accidentally touch something and then forget to buy it because it was marked complete. Next, you can add pictures of items but it won't show the full picture. Why?? Finally, the app is pretty generic with its item tiles and the fine print is too small."
2,2019-01-31 22:00:24,"icons are great, but there doesn't seem to be any categorizing. which is, you know, helpful."
2,2019-01-30 21:50:01,First step:. sign in with Facebook etc. Uninstalled.
2,2019-01-29 07:12:38,"I like this app but I think it lacks a useful function: the items are divided into categories but when you create the shopping list, the items are grouped all together at the top and you don't see their category anymore. It should be useful to have categories in the shopping lists too (because usually category = aisle) or to have a different icon color for categories in order to recognize the items visually. For now, I am giving it 3 stars. Edit: after the multiple useless reply I will give it 2"
2,2019-01-18 18:24:24,I just wanted a list not picture.
2,2019-01-15 02:48:41,Can't edit item names and can't even change an item's icon or category without internet access. An otherwise interesting app that showed some mild promise ruined by such a ridiculous design decision.
2,2019-01-09 23:30:47,too basic. unable to choose different varieties of basic things.
2,2019-01-04 08:08:23,App was great but now it isn't updating when my family members add things. So it kinda defets the purpose.
2,2018-12-28 05:13:21,"What's with the sharing man? All I wanted was a list that i could check items off of. the thumbnails and colors r fine as long as the app performs the basic tasks well but many things are in the way of getting started quickly. create account, add people, share app with ppl, share lists with ppl, create different kinds of lists, share w/ ppl, add items, oh and did i mention sharing with ppl? & i might have overlooked but there is no light theme, seriously? does it unlock after i share w/ ppl? 😉"
2,2018-12-22 23:02:36,i have loved this app for a longtime-especially with the New loyalty card feature BUT for a while now it has starting flinching. my husband can not see the updated list & now when i go into my list it's completely empty even tho it says there are items in the list. am getting very frustrated & considering other apps!!
2,2018-12-13 01:43:33,"UI is OK, but app tries to do too much."
2,2018-11-30 06:57:20,From 5 stars to 2 stars due to the inclusion of the unwanted WhatsApp stickers. I don't use WA so why should I need 20+ MB update of this app???? If you really want to provide the stickers make a separate app!
2,2018-11-23 19:50:08,"It used to work well, but now it doesn't work at all. Disappointed."
2,2018-11-05 18:27:00,Ok
2,2018-10-27 04:42:37,You really need to be able to set up your own product categories. Seriously? Fail!
2,2018-10-10 14:55:03,"Too many functions for me, I DON'T need multiple shopping lists (I can see when you need them tho). I DO need to see what I've checked off on my list but they just disappear in this app!!"
2,2018-09-28 02:43:06,"When pressing enter after a new item was typed, it does not add any item, when there are multiple choices. This is very annoying as it seems like it was added. Please change or at least add that behaviour optional, to ensure a good user experience."
2,2018-09-20 10:01:26,"I tried but I'd love for an app to work with phone and watch. For some reason it changes the order of the food in the watch compared to my phone which makes long lists impossible to find anything. I'd love to add more categories to my list, or change the names (Because I rarely buy alcohol and never tobacco?!).  Would also be nice if the categories appeared in the shopping list rather than just a straight list, the shop I got to separates Baking and Bread into different ends of the store."
2,2018-09-16 16:35:06,Doesn't start
2,2018-09-10 13:58:25,"Constantly populating my list with things I did not put on it. When attempting to add a new but similar item, bring defaults to one or the other."
2,2018-08-29 20:29:03,"Would you rate us, would you rate us? Minus stars for constantly asking. Like the app a lot, but I would like to see the ability to add/change aisle names in the lists. This would really add usability to the app. Would you rate us?"
2,2018-08-28 20:56:30,"Used to be my rock, but really flaky now. Constantly losing items, reverting and not syncing across apps and platforms. Probably have to uninstall soon."
2,2018-08-17 11:41:08,I need to copy an existing list and just change some itens of this new one.  I can't do that. I have to insert all the 40 itens again in a new list.  There's no sense.
2,2018-07-29 23:11:44,"Great app for your grocery list, but tried to share my list and its forces  you to use Google.. I hate google, Google wants your entire life and the  names of your firstborn and those who are dead."
2,2018-07-28 12:53:18,"This app is a decent idea, but is overall clunky to use. It's hard to edit  details, and the ""sketch"" icons make it difficult to read any details, like  quantities or flavors, etc., And they take up too much space on the screen.  It could really benefit from a ""list"" view. Also, shared lists did not sync  or notify consistently. Seems like they put much more effort into the  graphics of this app than the functionality!"
2,2018-07-24 09:17:27,"Interesting app but the must-be-online things makes me dislike it.  I don't need to share my list but I had to create an account for this in order to use it.  Plus, the app is not offline-friendly, some functionality require to be online, such as editing custom groceries. I don't understand why I need to be online for this, it could be just simply saved on my phone, but it needs to be connected to internet, which is completely dumb! I'm not 24h/24h connected on wi-fi and 3G is really expensive in my country.   Until the app fully work offline without the need to have an account, I'm not using it."
2,2018-07-08 09:50:41,"Dear developers, do you really think that it is so necessary to ask for  registration at the first step of using your app? I've downloaded it for  test if it suits my demands, but I am confused why I have to sign up  because of that. I don't need sync by now or any other feature that are  backed up by ""your account"". Think about it"
2,2018-06-26 12:11:58,gets buggier every time
2,2018-06-25 19:43:42,Schade um diese schöne App dass diese nervige Werbung kommt! War Anfangs eine super App aber wird zunehmend mühsamer mit dem Schnickschnack und der ständigen Werbung!  Für die App habe ich 3 CHF gezahlt und dachte dann wird man von mühsamer Werbung und Aktionen verschont. Bald seid ihr einen User los… Ich will nur eine Einkaufsliste und nicht noch eine für die WM oder sonst was!  Konzentriert euch auf das Kerngeschäft…
2,2018-06-25 18:23:29,Shows spam pop-ups
2,2018-06-11 18:28:29,"Very nice shopping list app, syncs flawlessly BUT lately it comes with  aggressive ad-like notifications with very long vibration patterns. Sad..."
2,2018-06-05 15:14:56,"fulfills its purpose, though its bloated with ads, annoying tips, and  misses vital features like removing people from lists."
2,2018-05-07 01:11:42,Too much information needed.. It's a shopping list not my personal  information list
2,2018-04-16 19:58:14,"Annoying,  we got this to work on our watches but the notifications don't come to our watch, notifications only works for phone"
2,2018-03-20 17:42:55,No way to delete items or to change the name of an item
2,2018-02-21 15:41:46,"Crashes when making custom ""inspiration board"" basicly a standard shopping list option"
2,2018-01-26 19:01:13,Much too simple. Even cannot write custom notifications to members?
2,2018-01-07 14:01:23,"Looks ok, but without a print facility its not much good. When shopping its not practical to be holding smart phone to read shopping list, selecting products off the shelf and scanning with supermarket scanner all at the same time. Will wait to try when printing is available."
2,2017-12-31 14:07:21,"I don't get why a shopping app neess cess to my location and camera ?! Especially when it has no ( official)  functionality that uses them. So... anothee ""big brother"" app ?  Pitty though, as a shopping list app does a good job."
2,2017-12-24 09:36:49,"Looks nice but it's american which is problematic, ie scallions / cilantro aka spring onions / coriander etc..."
2,2017-12-17 21:21:11,Terrible. You tap an item to remove it from your list but then it disappears for ever. It is so easy to accidentally tap something while trying to scroll and then you have no idea what you just accidentally deleted. Got home and found I forgot a few things because they magically disappeared. I'm anlo getting popups in German.
2,2017-12-10 09:38:58,Nice! But I would really prefer Swedish support when sharing lists with the family. Otherwise the benefits of this apps kind of goes to waste.
2,2017-11-04 19:45:42,Lack of any voice/Google assistant support makes this pretty useless to me. Otherwise the layout and functionality seems pretty good.
2,2017-10-16 01:01:16,After the update I can't type in the search bar. The keyboard appears and then quickly disappears
2,2017-10-04 04:00:53,"Quite nice, but would be much more useful is there was a widget."
2,2017-09-26 12:15:05,From the moment I installed this and gave an email address (why is this required?) I kept getting annoying pesters. So...uninstalled.
3,2026-09-29 18:35:29,it's okay. I wish they would quit charging the list function. I can't add quantity to it currently.
3,2026-09-16 14:16:59,"l'app è fatta bene ma purtroppo io ho bisogno che gli elementi rimangano in lista anche quando sono ""verdi"""
3,2026-09-12 07:29:15,"used to be great, now rather annoying due to recurring plea to allow notifications which are completely unneccessary"
3,2026-09-05 14:07:15,"Have used this since 2017. Now the app forces me to use a picture of rolls for egg rolls. Since Asian foods don't seem to be included, I was just using the E. Now, once I add the ""s"" to rolls, it switches to a picture of biscuits. Please include sketches of common Asian foods. Thanks."
3,2026-07-17 12:08:12,"Nice presentation. It needs some additional features like adding prices and basket/list total price. it would be great as it gives me an idea of how much money I need. overall, a good app, great customization abilities, and sharing features."
3,2026-07-13 13:49:54,"Thank you for answering my previous feedback. Just that the ""Urgent"" icon has disappeared again. I long-click on the item, and ""Change icon"" ""Add photo"" ""Change"" and ""Move article"" and sometimes ""Item details..."" come up, but NOT the ""Urgent"" icon anymore...."
3,2026-04-08 19:56:24,"Would be 5 but you don't have a way to contact you on the app. The link being sent out to invite someone to a list is not working. It opens the app store to your app and if you click open, the list is not there. Tried 5 times via Messenger and then email which the email never has arrived."
3,2026-04-05 14:18:03,"Great app for sharing grocery lists with some flaws - No barcode scanner, every product has to be entered manually - Syncing with my pixel watch is hit or miss. some days it works some days it doesn't."
3,2026-03-03 08:08:50,"It's kinda good. but some stuff is just obviously not thoughtfully designed. why not give an option to give feedback? why not show in the notifications panel what items were added/removed from WHICH list? looks clean, though devs obviously stopped short before making it actually polished."
3,2025-10-16 23:47:17,"It's beautiful but lacks the option to remove an item from the list. If I put something accidentally, then I'll be stuck with it"
3,2025-10-16 08:52:49,"Used to be very nice, but recently a few features have disappeared"
3,2025-10-11 21:30:16,"Alguns aspectos incomodam muito no uso diário, principalmente a falta de liberdade. O app não permite a edição dos itens do modo que preciso. Coisas simples como excluir um item. O pior é quando tento adicionar um item como ""Copo de plástico"" e ele entende como ""Filme plástico"", colocando um ícone que não faz sentido e mudando o título. ""Copo"" fica embaixo, sem destaque, como um detalhe. Assim, nas compras, acabo tendo que fazer uma lista no papel ou no celular, porque é mais rápido de ler."
3,2025-10-11 02:53:37,"not a bad concept, works for short trips. the trick seems to be adding an item to the list from the watch, then the watch syncs to the list you made on the phone. a refresh option would hopefully fix the sync issue."
3,2025-10-06 08:18:06,"Nice app. Would be even better if there was an option to duplicate items to other lists, as I'm restricted to move only (this deletes from original list). This is becuse I have spent the time to correct the image, category and given very specific details for many of my items, so to do that all over again when I want the item to be duplicated to another list is very inefficient. Please, please just add a duplicate feature, and I will never ask for anything ever again...(can't promise)."
3,2025-09-24 01:10:12,"Found the inability to create your own categories frustrating. When items that fall into the pre-set categories are actually in different aisles of your store, it makes no sense to lump them into one generic category. The only 'solution' was to put them in categories that made little sense name-wise, but did in terms of store layout. Category colours would also help, and the ability to dynamically resize the list, which seems large and thus fits relatively few on screen."
3,2025-09-06 07:44:53,is there any planned integration with Google Home and Google Assistant?
3,2025-08-30 14:44:25,"I like the app, but it drives me bonkers when it changes what I enter. ""Dinner stuff"" becomes ""cornbread stuffing."""
3,2025-08-27 21:11:33,Used to use this religiously during and before 2023 but since they dropped Google assistant integration it's just not been convenient unfortunately. Super sad cos I see it's got alexa integration. Thanks Google!!! Otherwise great visual app that's much better than a normal list
3,2025-08-25 11:23:12,"I'm testing different apps as I am leaving my old shopping list (for performance issues). In terms of functionalities this is good (recipes to list, web version, sharing lists are all available), however the list's entries are too large (making you scroll a lot more) and not being able to change the language it means for now the target audience is only English native. I will check back in the future."
3,2025-08-11 20:30:35,"The UI on my watch was lacking and compared to other apps like this, both the watch and phone versions were not very intuitive to use."
3,2025-08-08 08:36:57,Good app Concept. But it fails at keeping the list up to date ! The whole point of the app is that the things that the other person includes appears on my app. and this works just sometimes.
3,2025-07-23 17:42:51,"Search bar should be included in INSPIRATION -> MY RECIPES then it would be almost perfect, please if possible include would make a real difference in managing saved recipes since if you have many of recipes it takes longer time the one you need at the time."
3,2025-07-20 01:02:12,"I really feel the Watch app is lacking. I've entered my list on my phone, sorted by categories, then sorted those categories by store aisle. I've even switched to list format instead of tile. But on the watch, it's a monolithic list with some unknown sort order and no categories. As a result, I'm forced to use the phone app defeating the purpose of having handy access on my watch. Disappointing, to say the least. At a minimum, have the sort order match the phone and space between categories."
3,2025-07-17 20:19:54,"I like the design but there's no option to add prices to products that I'd need, which would in turn, give an estimated budget of my grocery bill spending. Hopefully this is done in the future."
3,2025-06-12 18:19:47,"Not really the typical interface but it had Norwegian and Sweden region & language support, but not Danish. This led me to going with a different app."
3,2025-05-31 04:51:12,le jour ou on pourra l'utiliser avec des téléphone folds phones ca sera 5 étoiles
3,2025-05-21 09:13:58,"Die App war bis vor wenigen Wochen super und wurde bei uns rege genutzt. Leider ist seit einem der letzten Updates in den Offers nur noch Migros, Denner und Ottos zu finden. Lidl ist nur noch als Prospekt verfügbar, womit wir die App nicht mehr wirklich nutzen können, da die Liste manuell geschrieben werden muss. Da können wir für Lidl gleich die Lidl Plus App verwenden. Schade, wir haben Bring sehr intensiv genutzt da all unsere Supermärkte integriert waren."
3,2025-05-17 14:13:28,sending to someone was p little hard to figure out but got it done. not sure if it is the app. or Samsung. but developers don't make it easy.
3,2025-05-11 14:25:15,"almost perfect, The biggest shortcoming, in my opinion is that it only remembers the last 12 items that you cleared. I would want my own group so that I can keep all the things that I buy regularly."
3,2025-04-24 23:32:53,"it's okay but unable to share. I invite my wife but it's not a shared list. In the details of this site, it states the paid version will share but no place in app to pay."
3,2025-03-26 11:46:56,"Long-Time user here (> 5 years): The app looks and feels quite polished, but some areas for improvement exist: 1. Animations are too slow (for me). It would be very pleasant to have a setting for disabling the many animations all over the app. Or decrease animation duration altogether. This would def improve responsiveness. 2. Please leverage the great ecosystem that you have in place. It should be relatively straightforward to add smarter recommendation features based on data from the past. Thx"
3,2025-03-17 09:21:48,"I couldn't add my wife to the shopping list, we tried everything in the app settings."
3,2025-03-10 14:23:43,"Good, but not needed"
3,2025-03-09 02:59:30,"Very smart features in the app (tiles for items, list-wise language setting, item details for setting type/amount/urgency, ...). I also like the seasonal products, the offers from nearby shops, and the integrated fidelity cards. But lacks some important features: supplemental dimensions for classifying items (brands, shops where I find them, organic certified origin, ...), and a way to import lists definitions from an external app (CSV file ?), instead of rebuilding them by hand from scratch."
3,2025-03-02 03:27:41,"I don't get why email?? Just, use a code or create an account but there's no reason this app needs an email to work. Also not everyone in my house speaks English, it'd be great to have Spanish..."
3,2025-01-25 19:01:04,Great idea. Implementation is rough. It changes the name of anything you enter into something else. It's like your dumb friend that tries to be helpful.
3,2025-01-24 00:19:49,This is a great app. It's very unfortunate that Google killed 3rd party support for lists. Wish there were a solution for that. Also wish that Bring had a pantry inventory system built in so that it would be even easier to update a shopping list with almost out-of-stock items in the pantry. This would also allow the inspirations menu items to be data-driven and recommended based on ingredients already on-hand.
3,2025-01-13 16:45:35,"The app is missing a localized language. As a non-native English user, matching the recipes ingredients to my native language is a chore."
3,2024-12-29 21:59:07,Wish you could add prices and it had a calculator
3,2024-12-28 13:05:15,Keeps changing a product's name to a different one. What the hell? I see no option to stop it and you cannot turn off suggestions either.
3,2024-12-27 06:02:03,it would be nice to have also Romanian language in app
3,2024-12-24 21:49:21,Not everyone in the household speaks English so this would be an easy 5 if it supported more languages like Greek and I'd pay for it for sure. I'd like to be able to adjust the size of each item too. A tad shorter tile for each item would look way nicer I believe.
3,2024-12-16 16:16:11,"It looks very clean and easy to use, including icons for each item that can be added. Unfortunately, there doesn't seem to be a way to hide individual items in the preloaded categories or even add new ones. There's a separate category for custom items but it's not really what I was looking for. I can see this app being useful for a lot of people but it's a dealbreaker for me, sorry. If this changes I'll probably use it."
3,2024-11-01 15:49:06,I'm really missing a way to differentiate items we want to remove/delete from the list and items we just want to 'check' while doing shopping. At the moment there isn't really a check/tick/done option which is really annoying. Thanks
3,2024-10-12 06:44:31,Why did you remove the Prospekt from Aldi and Lidl and Rewe? 0r is it a setting problem? Cannot manage to find them anymore.. Since 2 Weeks or so..
3,2024-10-09 10:48:26,"Where are widgets? Says there are, but non-existent on android and iOS widget lists."
3,2024-09-25 14:04:59,"It's good, but to delete something from the list, should be done with two clicks, not only one. Because it happens very quick, that you accidentally push a button while using the app. Specially, if you have a lot of items and the whole screen is full of icons and you have to scroll with your finger touching the screen."
3,2024-09-06 14:36:05,"why don't just using a dedicated field in a database for the quantity? it looks like you store the whole thing as a string and using the 'x' as an indicator. I used the app to add woodworking materials like: plank 100 x 10 x 2 after adding a few, the app added some of the later added items into the description of the other ones... now I have to go trough my whole plan again and use the notes app to write the materials down -,- beside that: good performance and sleek look and feel"
3,2024-09-06 04:10:06,This is a great App though it is hard to set up a shared list I would also like it to have the availability to change the icon to the picure that you have of the product
3,2024-08-05 17:03:41,"Some quick feedback; - I can't find a select language setting for the entire app, only for the lists. - Subcategories for each individual list. Use case examples: grouping groceries by different stores based on where current sales are. For a gift ideas list, grouping by person."
3,2024-07-05 17:21:30,"It's ok, and our family has been using this for a very long time. But, the picture icons for items are really hard to change once they're assigned and confusing to look at. Items are also very limited to just a few basic stuff, which hasn't improved much over the 5+ years. Would love to have more variety and a trip packing section with travel stuff to bring on family vacations."
3,2024-06-22 20:37:59,Some issues with translations between devices and the free version has lots of ads.
3,2024-05-21 14:53:50,"It's a nice app, I really like the little art work for lots of products but can someone tell me who made the decision that items that I'm not buying super regularly just disappear from the Recently Used section? I keep forgetting to buy some things because I don't find them on the list anymore. This is actually a reason for me to switch apps even though I really like this one otherwise"
3,2024-05-11 19:47:05,"I just switched from a different grocery app and I'm impressed with this one. My one drawback that I have found, the screen doesn't stay on while using it. I've looked everywhere to change this setting, but there doesn't seem to be one. I would also like if there would be an option to add/change categories."
3,2024-04-30 22:28:22,"Nice idea but my food shop is small and doesn't conform to the category areas. The isles have different types of food all mixed together. How about feature to make our own categories (Isle1, Isle2, etc) and list food in order they are added to category."
3,2024-04-29 17:01:37,"Great app. Will rate with 5 stars once item pricing is available. Also, selected items keep randomly dropping off the list. This happens on both my and my wife's list...? Annoying."
3,2024-04-20 18:45:10,"Would be useful if the tabs below would hide when scrolling. Never use them, and when I have multi window open (the other window being grocery app product scanner), the tabs take a lot of space and I can only see a single line at a time. Not efficient use of space in the app overall, not just the existence of tabs tbh"
3,2024-04-06 18:51:01,"I really liked it at first, but then the offers/catalogues tab permanently vanished from my app, so now it's not as good. I emailed support about the issue two weeks ago, but no one replied, so that wasn't helpful"
3,2024-03-09 16:40:57,"It'a useful app, but I think it lacks a main feature: I cannot sort each item in an ungrouped list. I need to sort every item in a precise order, so to have them in the same order I found them while I walk thru the aisles of the store. It's a really nice app, but a simple list that I can sort exactly as I need, helps me save more time."
3,2024-02-15 18:46:13,Love the UI and seamless WearOS integration but badly missing the czech list translation.
3,2024-02-07 02:58:47,Great app for shopping lists. Though expected pantry too in the app which would have resulted in the best app on Play Store
3,2024-01-27 10:23:18,It's ok but the lack of a basic feature such as keeping favourites saved seems idiotic...
3,2024-01-22 04:58:58,"It's a good app if you want to have an overview of the things you have to buy. The thing is, it is very limited in the products you want to add to your list. What makes the app better is to be able to add custom icons to your products. If I need to make a list of the things I have to buy in the hardware store, there are no icons for certain products."
3,2024-01-20 08:23:59,Add Ukraine region please
3,2024-01-05 19:30:49,"Can't change the language of the app and sometimes it's not possible to delete am item .. I changed to a different app for those reasons. It's a shame, because the design of this app is so cute!"
3,2024-01-05 06:02:02,overall a good app but I haven't been able to add new items from my galaxy watch 5 pro for months because the app doesn't work with gboard - only shows a black screen when the keyboard is supposed to show
3,2023-12-24 15:34:51,"Works OK on phone and tablet. On Watch, Wear OS, reason why I choose this list app, Adding an item just gives a blank, black screen ? Also the 'Recent items' list is not refreshed. It is only there during the current Watch session."
3,2023-12-16 15:47:58,"Easy to use, but sort order doesn't reflect the real world in a supermarket. Similar items such as fresh salmon and tinned salmon will not be in the same aisle. The whole point of a shopping list once you are in the supermarket is to be in the order the items appear in the aisles. Milk is not with eggs although they are both dairy. My guess this has been written by someone who's never been food Shopping. Good design on paper, but not so good in the real world."
3,2023-12-15 14:17:19,There needs to be a List option without the icons. It takes up too much space unnecessarily and you end up seeing very little of the actual list.
3,2023-12-13 09:32:27,"The app is nice and I've been using it for years. Almost 4 years ago I asked about the Alexa skill Iin Spanish, but still not available :(. I'm trying to find a replacement (not easy, to be fair)"
3,2023-12-13 07:44:23,"I've been using Bring for years now and a gripe that is getting more and more frustrating is the weird behaviour where you'll type something and then Bring will decide you want something completely different that may have similar words in it. Also, now you can't use it with Google Assistant as your main list (might be outside of Brings control though I'm assuming?)"
3,2023-12-10 13:59:22,"Really nice app for sharing list, the only issue I find is that I don't receive any notifications when it is updated, but my partner who uses the IOS version does receive notifications. Is this an android issue? (Edit: I have enabled notifications on both the app and OS and still don't receive notifications)"
3,2023-12-08 07:14:00,"L'application est bien mais la gestion des langues est mauvaise... En mettant Switzerland(français) l'app affiche du français, de l'allemand et de l'anglais..."
3,2023-11-30 05:28:34,No bad not great
3,2023-10-24 18:45:44,Just make make the Lists button on the upper left corner bigger. Always takes me 2-3 tries to trigger the hitbox. Such a minor issue that makes this app somewhat miserable when using multiple lists.
3,2023-10-15 21:34:51,Often is frozen
3,2023-10-05 17:24:43,"Pretty good for what we need, only thing it could use is a sort by keyword :)"
3,2023-09-27 22:28:42,"Serving Sizes When I create a recipe, I should be able to say I need 2 apples and 3 grapes for 6 servings. Then when I go to add it to my list I can increase it to double or less and it should scale from my recipe. Currently I cook for 6 it's hard to say how much I need for 4 people and then increase the recipe servings to get the amounts right when I add it to my list. You cannot set the servings when you make the recipe ... only after and it assumes it was for 4"
3,2023-09-14 17:56:59,I have a galaxy 4 watch and the list will not appear on watch it's telling me that there is items but does not show
3,2023-09-05 14:27:06,Would be better if you could add prices so you could track spending
3,2023-08-28 10:21:27,"Decent app, works mostly as intended. Yet having my phone in English and my zone set as Swiss *french*, half the app still being in German is an absolute joke. Let us chose our language, using the phone's one is dumb and doesn't work"
3,2023-08-17 18:09:03,"Wished that Bring! could also have an in-app display for up-to-dated discounts feature of different chain supermarket brands like Lidle, Aldi, Pingo Doce, Continente in Portugal too!"
3,2023-08-08 15:00:27,"Un petit bug à corriger rapidement, parce que très frustrant de mon point de vue, le menu (Listes, Inspiration, ...) disparait quand on est sur la page Listes... Un autre point un peu frustrant également, quand je partage une liste avec une personne, j'aimerais bien qu'elle soit ajoutée à mas liste des contacts pour que je puisse partager avec elle d'autres listes plus facilement, actuellement on doit à chaque fois envoyer un lien de partage même si c'est la même personne... Merci."
3,2023-08-01 17:13:06,"Mostly good. My husband and I share the app. We always have to confirm the items, however, because things we didn't add show up. Also when I type something to add I still have to select the box or something other than what I typed is added. FRUSTRATING. HOPE ONE DAY THIS CAN BE FIXED."
3,2023-08-01 04:35:51,"This was the first grocery shopping app I tried and I found it clumsy to get started. The prompts used words that I had to pause and think about what they were trying to say, and my first attempts at adding a photo with an item did not work at all. The app wants to anticipate too much of what I want to shop for, and I want to be very specific. I just felt like I was bumping up against a wall at every turn. I ended up trying Our Groceries instead and it was much smoother."
3,2023-07-31 13:54:19,"The only thing that could make it better is if it showed prospects based on geolocation, right now if your sim card is from a different country it won't show you current local prospects which is very sad. Sometimes it also autofills products weird. But all in all pretty good app!"
3,2023-07-21 15:32:05,"The App is soooo useful! The only Thing i would add is that i can adjust if i tap one time the field, then the product i add fly out of the list...its better i think, when i must hold it to switch it to recently viewed. Thats all! :)"
3,2023-07-21 07:56:27,"Getting more and more noisy, harder to use and laden with ads. The subscription cost is ludicrous."
3,2023-07-09 21:37:16,The app is great for the most part. I love the integration with Google. The thing that will probably make me choose another app is the lack of control over sorting. Most list apps let you drag and drop in the order you want. That's why I'm only giving 3 stars.
3,2023-07-02 07:00:27,No longer works with Google assistant..
3,2023-06-09 11:15:04,Why are you removing google assistant?
3,2023-06-05 20:28:25,"This would have been 5 stars but Google Assistant has just told me that Bring! Will stop working with it from 20th June. It is one of the most useful things about any shopping app.. ""Hey Google add X to my shopping list"", this will reduce my app use hugely."
3,2023-06-03 14:40:32,Could be great have the option of sorting the list alphabetically
3,2023-06-02 07:40:47,the lack of delay when using the touch screen causes you to remove items from the shopping list. it is an annoying non feature. otherwise this is a very handy application.
3,2023-05-30 21:53:30,"The app is useful, but there's a problem with the virtual keyboard when writing a description for the items: it glitches, not recognizing some keys when typing fast. The only workaround i could find is to type very slowly, but it's quite frustrating. When this bug will be fixed, the app will deserve the 5 stars."
3,2023-05-27 15:17:13,Great App. 2 suggestions for now. First of all please let us suggest new articels which are not available so ur developers add those with new icons. 2nd. Add the option where we can open a specific Market offers and add from there the article right on our list with one click. Then you will get 5 stars. Best of luck
3,2023-05-13 17:21:15,I love this app because my wife and I are able to use it for grocery shopping but the recipe part is terrible they want you to pay for them. I have the app why should I pay for the recipes ?
3,2023-05-02 04:13:10,"Functional & pretty, but I want a more minimalist view. I don't need images & photos, just an item per line & a check box. Can you add a minimalist mode?"
3,2023-04-27 19:32:35,"Bell'app, molto intuitiva. Ho letto diverse recensioni e concordo con loro, non esiste una sezione per mettere i prodotti che si hanno in casa con le quantità e le scadenze dei prodotti, ci vorrebbe anche una sezione dove vengono consigliati piatti che si possono cucinare in base agli ingredienti che si hanno in casa, oltre alle idee di piatti in generale che già ci stanno. Poi anche io non riesco a rimuovere i prodotti aggiunti nella lista per errore, tenendo premuto non funziona sem"
3,2023-04-16 23:25:00,"I like the app and find it helpful, but it would be even better if I could add dietary requirements to the inspiration section so I get revelant recommations to me."
3,2023-03-27 09:57:47,when you accidentally touch something you had on your list it disappears and you can't see what it was.
3,2023-03-17 20:00:07,"I get that you try and tailor the menus to what people want but when you send out notifications at least make sure they are new recipes rather then the same recipes because just this week alone I've had three notifications from this app all have had the exact same recipes,try changing them for each notification,Other then that this app is very helpful when it comes to shopping also could you categorize the shopping list so when you're out shopping all the fruit and vegetables are together &so on"
3,2023-03-16 16:13:07,"Despite having a nice interface and very easy to use, it still lacks some features, like prices or an easier way to see the products you already bought."
3,2023-03-15 12:21:51,Need to be able to add quantities of items or more details (eg so I can add item brand/type)
3,2023-03-14 15:14:57,It looks good but big downgrade is that I can't sort my custom list (in my language I use) according supermarket layout I go.
3,2023-02-21 19:40:45,"I like the app and I've been using it but recently the app keeps asking me to allow push notifications every time I open the app. I don't want push notifications from my grocery app and I will never allow them. And I'm tired of declining it every time I open the app. Saying ""no"" once should be enough. So I'm uninstalling today."
3,2023-02-21 18:05:28,Why there are no widgets??
3,2023-02-04 13:18:56,"My wife and I find it super useful for sharing lists so when one of us does have time to swing by the market, we don't forget anything. However the one thing that drives us both crazy is the dumb autocomplete. If you start anything with a number, it gets added to the number of items to buy instead of being left alone in the description. Enter something that's not in the app database it will try to correct it to something completely different. There is no way to disable the autocorrect either!"
3,2023-01-27 01:34:08,"Like the app however when I try to ""confirm email address"" using the link in the email it sends to me it just takes me to the playstore to the apps download page. I keep getting more confirm your address emails but all of them do the same. Same issue on my wife's phone."
3,2023-01-21 10:01:51,"It's alright. It could be easier/faster to organize, but it finds it more important to perfectly categorize what you're looking for in a way that probably helps their data collection, but not you when you're shopping. It's very easy to accidentally archive/delete something you're just trying to check off. It has Google Assistant integration but I ended up moving to any.do."
3,2023-01-14 09:50:23,"Responds well to Google voice and syncs easily with other users. Also has web interface. However, it's annoying to add items of similar types (e.g., tomatoes, cherry tomatoes, canned tomatoes) as it wants to default to ""tomatoes"" with a description."
3,2023-01-06 15:25:29,"To take a picture of something it requests more system permissions than needed. It doesn't need to access the files on my phone, but it requests permissions to do it. Guys, use the temporary folder of the app, which is usable without any permission."
3,2023-01-06 01:43:17,Serious issues after the latest update.
3,2023-01-02 02:45:37,Annoying you can't do alphabetical order sort...
3,2022-12-19 16:09:48,"I just started using it, and it has promise, but I need the ability to add my own custom categories and not being able to do that will likely be a deal breaker. Also, not really a fan of the app on my watch which was a major reason I decided to try this app."
3,2022-12-17 18:55:31,"Sorting recently used alphabetically would be a big help. Also some sort of permanance would be nice - like if your shopping list looks pretty similar between runs and you just want to put more or less same things in. This app looks great, icons are nice and big, but it's like it's been made by someone who doesn't really shop. The impossibility to sort the lists alphabetically is kinda big oversight - I know there's categories, but I want some lists alphabetical, why is that not a thing. :/"
3,2022-12-16 22:33:13,Good for sharing a shopping list with others in the household. Unfortunately didn't keep my store cards saved when I got a new phone which has been a massive pain in the neck. Good that it talks to Google Home devices. Swings and roundabouts.
3,2022-11-30 02:02:48,Missing alphabetical sorting. Not everyone wants to sort by category and it makes the app a pain to use. You add an item and it gets tossed in the middle of your list. Otherwise I would give it 5 stars
3,2022-11-11 19:25:38,"Nice looking, easy to use, missing ability to add own categories, stores and sort by stores."
3,2022-11-04 10:06:04,"Not too bad, nice design but lacks some feature such as adding custom categories."
3,2022-10-29 16:33:29,"Looks ok if you're starting from scratch but I wanted to integrate it into Google Home as a better way of viewing the existing shopping list in store. This app does integrate, but you end up with ""add lettuce to the shopping list"" going to Google shopping list and ""add lettuce to my shopping list"" going to this one. So it's prone to screwup. Being able to sync with Google shopping list would be better than ending up with two."
3,2022-10-26 21:00:22,Nice app but it's too easy to remove or add cards. People on my list add or remove cards by mistake. Can you only let add/remove with double click?
3,2022-10-14 08:25:41,We are vegetarian and need to add a new category for frozen vegetarian products. Does this app allow us to add a category?
3,2022-09-25 21:35:52,"The large icons are great. However, the recentl dramatic increase in showing advertiser shopping items above my recent purchases in the search results is aggravating beyond tolerance. The developers have ruined what was once a great shopping app."
3,2022-09-25 09:21:03,"It is a good app and it is very useful within the household. However, our family being Romanian, we're really missing support for Romanian products. It would be great to have it not just for us, but for those who are also missing this aspect of the app."
3,2022-09-20 07:05:26,This is a reasonable shopping list app with a nice-looking interface. Let down by the limited product categories and inability to create your own (clothing for example!). Also needs an instant undo option given how easy it is to accidentally mark an item as done.
3,2022-09-07 16:13:08,Needs some widgets
3,2022-08-17 17:28:23,"Decent but the item database is way too small. Most items won't be categorized automatically, so you end up spending hours manually adding items over time."
3,2022-08-13 16:25:45,"After using this for a couple years.... I constantly get aggravated that I can't rename items. Pretty decent otherwise, including that i can tell the Google assistant to add things to the grocery list and it puts them on the same named Bring list. That being said though, I'm about to drop the app entirely because I cannot rename things. It is so so frustrating."
3,2022-08-11 16:22:30,Removing two stars from my rating. The searchbox used to be cleared up automatically after selecting a product and ready to type in the next one. Now the typed-in characters remain there and need to be cleared up manually every time. Very annoying. Looking for an alternative.
3,2022-08-06 23:56:02,No widget?
3,2022-07-16 18:10:03,"Functional, but hard to add anything non standard. It always wants to auto correct to some known item but usually messes it up and I have to spend more time to try and fix the auto auto stuff. But, works better than default app for Google Home shopping lists."
3,2022-07-16 12:40:11,"1) There are just not even close to enough preexisting icons in each category. Maybe prioritize users' added items data to integrate more items? You know, people don't only cook western meals 2) Need the ability to add customized categories & change the name of existing categories 3) Need the ability to add links, many of us shop online these days"
3,2022-07-01 08:25:39,"Easy to find items and love the icons, but still only stores 24 items in recently used list (which is better than the 12 it stored before). I typically list everything i ever buy and flick them between the 'Want Now' area and 'Previously Purchased/Recent' area, however this app deletes Recent items keeping only the last 24. Would be nice if user could set list size. Im not going to refind items each time i want to buy them. The web beta is looking good."
3,2022-06-11 22:29:06,Awkward adding items! The category is automatically set (in an effort to help) but it's not displayed on details page. So you may have frozen mushrooms in the fresh produce section. The watch interface is perfect - when it sync - as who wants to have one hand on their phone an entire shopping trip? Unfortunately it seems random when it wants to sync between the phone so the use is frustrating. There should be a manual force sync button. Icons nice but when wrong takes more time to fix.
3,2022-05-16 01:24:12,"The UI is great, but the UX needs some tweaking. It's kind of awkward to use at first. It's cool to watch the sync happen in real time. Most of what I could ask for is in the app and works well. There are only 2 (major) things missing: custom categories (there are several missing categories and some odd naming for the included ones), and a to-do or non-grocery list (it would be great to be able to keep track of what I'm going to cook in app without messing up my grocery list)."
3,2022-05-13 14:14:19,"It should be a basic setting to select the metric system. I don't want to count in ounces, teaspoons, fl. oz, cups, etc. Making this app unusable except for people familiar with US units. BTW thanks for removing my first review."
3,2022-05-03 16:13:31,"Mostly what I was looking for for a long time. BUT: 1it's not intuitive how I need to check stuff I bought so that the suggestion will know how many I have. 2When looking for stared recipes I completely overlooked the button on the top and was looking for it on the bottom abd ""My List"" main view. 3would like if it integrated with a few online delivery services to buy everything on the list online. 4an automated meal planing that suggests a balanced diet without selecting everything individually."
3,2022-04-23 12:22:15,"It's pretty handy but on my very first use I notice that I can only select broccoli and can't add a note that it should be tenderstem broccoli. You should be able to add a note to every item, because no app is going to have every variant built. For now I'm back to paper lists."
3,2022-04-22 09:51:45,"It's not bad but is very buggy. Often there is no option to delete what you've added, sometimes the button appears sometimes it doesn't. Also, you can't order alphabetically so if you want to find something to tick it off it takes ages of you have a long list. And if you're coming from Google Shopping note there is no way to import lists."
3,2022-04-21 15:36:15,"Love this app! No need for a paper list anymore that gets forgotten or lost. Family can also add to it as needed. Used to be able to make multiple lists, such as for an upcoming birthday or holiday. Now I'm not able to do that. Really liked that feature. Especially for stores not frequented."
3,2022-04-20 23:12:48,Every authentication is breaking!
3,2022-04-16 07:05:16,"It's a nice app. It could be great but what's missing is the input of price per quantity for the app to auto calculate the total price as well as barcodes. If these functions are in, no doubt it could be one of the greatest."
3,2022-04-03 15:38:34,Much too easy to accidentally check off an item. Would prefer a setting to e.g. swipe to complete and/or long-press to select multiple items. (Came here from Google Shopping List which had great UX but sadly removed all the useful functionality...)
3,2022-04-03 09:21:03,It became a bit overloaded with stuff I don't need (bloatware in software terms). Used to be straight forward and focused on what it was supposed to be.
3,2022-04-01 14:24:05,"The premise that it is used only by unmarried smartphone users in grocery-only stores is mistaken. Walmart is the largest grocery chain in the US. The app's categorization ability needs to be shown in the formatting of the printed output. It's very difficult to push a grocery cart, hold a phone, pick items like produce and milk from bins and freezers and watch kids. The Android add items interface is clumsy compared to the old Google Shopping Lists which had better automatic sorting."
3,2022-03-27 11:35:37,"good app, the item list needs to be able to hold more items, i like it remembers and loads into the last list used, but an option should be good for those that don't. a ""on the basket"" side list/cart could be nice if another person is doing the shopping so the one not at the shop can see which items were on the list in case they forgot what they put in it"
3,2022-03-18 16:15:21,it's a good way to share lists with other people. not a huge fan of the interface. it is easy to accidently take items off the list. sometimes lists to sync so not everyone has the same list.
3,2022-03-08 20:10:58,"Almost brilliant. The recently used items section needs to be able to contain more items (preferably double the amount) before older items being overwritten. I'd never have to add items to my list by searching again, just click one button and done when a food has ran out. Would and will rate 5/5 if this was fixed but at the moment this is an annoyance."
3,2022-02-20 06:48:56,"Items keep getting deleted from the list unintentionally (brushing the screen when unlocking the phone for example), an option for a removal confirmation screen would be a good thing."
3,2022-02-08 18:49:23,"Doesn't have basic items we use in India, please tell me how to suggest you to add those?? Also doesn't have option to say 1Kg, 500gram, 250 gram, these are basic ways we buy everything here in India."
3,2022-02-03 17:45:56,"Lost all my description by accidently pressing a cross icon, there was a rare information about product. Please add undo or confirm button"
3,2022-01-22 10:33:53,"Great app and I love the Echo integration... however, Alexa keeps telling me I have already added things to my shopping blist and I haven't and she refuses to add them. Doesn't obey my wife either."
3,2022-01-17 20:24:58,"Has potential but fiddly adding own items as you basically have to edit existing item. Also keeps randomly changing language, courgette became zuchetti just because I added a quantity and watermelon became wassermelon, gave up and uninstalled, shouldn't be this hard"
3,2022-01-12 19:26:34,"Update-2022: the latest app sends push notifications for every single change to the list, and sometimes even when a list participant simply looks at the list. Much prefer the old notification scheme that required user initiation. Very useful, though features added in last 2 years slow it down and get in the way. Customized items can disappear, and support offers little help. ""We see them on our end,"" isn't very useful for users if they don't see them in mobile. Sharing lists is useful and easy."
3,2021-12-23 08:19:34,"Really wanted this to work out as a replacement for out of milk... Unfortunately no control over changing or adding category names which was the deal breaker for me. If that was doable, this would be the perfect app - but that's a super important feature out of milk has that this one doesn't."
3,2021-12-22 13:20:20,The app it nice but there are definitely the some issues you should work on: - way toooo easy to delete a product when filling a list without knowing - there should be a button to save the product (not the keyboard enter) - there should be a clear effect that a product was inserted in the list. - the products in the list should be visually grouped to easy when you go shopping - you should allow to use an app language differentof the system language
3,2021-12-20 18:35:08,Great shopping list that works with Google. But why on earth do I need to continually click to unlock icons? It's just unnecessary and annoying.
3,2021-12-15 08:04:17,"Great app and lovely appearance, although the icons and large capital letters (if no icon is available) on the list items are really off putting while using. Can this be an optional switch off? Otherwise great"
3,2021-12-07 18:20:24,"App is very helpful with it's tile based organizing. However, it's very difficult to remove items you may have typo'd or an item the app took liberties with in his labeling. The app sometimes auto-fills the listed item with the typo'd item."
3,2021-11-15 08:27:50,Please add any browser feature rather than desktop only
3,2021-10-30 13:13:18,Please make it possible within recipes to move items between mandatory and optional so that we dont have to delete and recreate. Please give the recipe list a search feature.
3,2021-10-20 22:25:58,"Very practical. I only wish one could mark certain items as urgent or priority. There is the ability to send a message, but that doesn't get saved in the list itself. One feature that I'd also really love would be to be able to specify dietary restrictions. As a vegetarian, I'd rather not have to scroll through all of the meat offers and recipe ""inspirations"" before I get to the part that interests me. Wish I could customize it to fit my needs."
3,2021-10-17 13:36:24,"A lawnmower, really???"
3,2021-10-13 06:17:37,Would be great if you could have each category its own color and add new categories.
3,2021-10-07 22:53:42,Needs widgets. Iphone has widgets. Why the f*** no widgets on android?
3,2021-09-20 08:58:11,Please add the option to change language inside the app and not rely only on system language! Thanks
3,2021-09-16 15:25:01,Like the app. Easy to use. It needs an option to keep screen open when using the app. Annoying when shopping to have to keep re-opening the screen. Other shopping apps I have used have this. You ll get a 5 * if fixed
3,2021-09-12 19:06:20,It doesn't have an option to add item prices
3,2021-09-10 02:53:53,"Very hard concept. I am trying to fit into, but I am walking through valley of blades. - quantity and description in one field (? Why?), missing price of item, missing type of measure unit, I can't create own category and name it like I want?.. Hmmmm that's quite weird concept which I have to fit in and change common shopping behaviours. And then I am asking myself - wouldn't be better to leave this concept and use classic pen and paper?? Me considering.."
3,2021-09-07 14:07:36,"Cant load ny shopping list on 40mm Samsung watch 4, only work with the bigger classic watch, plz fix this issue!"
3,2021-08-27 07:51:22,"Now that I've gotten used to the changes, it's not that bad. So....I've upped my rating from 2 to 3. Any idea why the app shows tiles with pictures and then when I go into the tile the pictures doesn't show up, but there's still a space reserved for where the picture normally would be?"
3,2021-08-16 18:12:03,keep losing contact with my shared partner
3,2021-08-05 22:29:50,"After using this app for a bit it has one annoying bug, uploading a picture for Caesar salad dressing overwrites and also uses the Caesar picture for the ranch dressing I configured."
3,2021-07-29 16:12:50,"The app is good to look at, but can be counterintuitive to use. My biggest gripe is that you can't use custom categories or even rename the ones that exist, making an aisle-based list impossible."
3,2021-07-24 22:55:55,"Looks nice, but not for me. Having created an account (required to figure out if app is right for what i want) I now can't find option to delete my account and be forgotten. I'm hoping it's just i can't find option rather than ""bring"" preventing it deliberately."
3,2021-07-21 14:47:24,"I only use it for making basic lists. I wish it were more intuitive, but I don't find it annoying enough to stop using the app."
3,2021-07-20 14:26:26,Too easy to accidentally delete items.
3,2021-07-14 19:55:59,"maybe I don't know where it is, but there is no place to import a list (like a text list from my spouse) or import pictures from the web."
3,2021-07-14 02:16:59,"Nice but will not sync with Google assistant. I have done all the steps, but will not sync."
3,2021-07-08 14:12:06,"Nice app, I like the syncing and notifications, just want more icons! It seems like a super limited selection when it comes to things that aren't pre-programmed. I'd like more flexibility to select relevant icons when adding something besides the usual things."
3,2021-07-05 16:47:33,"An OK app, but it looks like aesthetics are valued over functionality. There's a lot of counter intuitive design decisions (I have to select a list, click profile, to find notification settings? What a weird place to put that.). There doesn't appear to be a way to edit an item after it's created, which is also super strange. I accidentally mistyped an item and now I have to delete it and create a new one. Very bizarre."
3,2021-07-01 12:38:33,"I used to love this app but now when I add an item that is not already in the list, most of the time, it will not transfer into my shopping list. if I can't add what I need, it loses its usefulness."
3,2021-06-26 16:38:06,It is good but I can't link to the Amazon devices. Not skills on Amazon for Bring on canada
3,2021-06-23 05:18:57,"I switched to this app because ""Out of milk"" says it will not work in Europe. So I'm used to the flexibility of that app. In the ""Bring"", however, I cannot add own categories. Why is that?"
3,2021-06-22 23:08:05,Would love to see the ability to create our own categories (I shop in multiple food shops for the best prices) and to add prices that get added up for a basket total
3,2021-06-05 12:53:01,"Great looking app but needs pricing. When you need to stick to a shopping budget, it would be very handy to have the ability to add a price to the produce, with a total spend. When you add items it will retrieve the last known price entered. When you go shopping you know how much you will be spending. Then when selecting the item you just picked up, it lets you input the price you are purchasing the item for as well. This way you keep the pricing up to date."
3,2021-05-24 18:27:30,"If you have cheese already on your list and want to add cheese with a refinement, it will instead remove the cheese you already have when you click on cheese, I would expect to be able to add a refinement. I would not expect to be able to remove items when explicitly searching for items to buy as the search field says."
3,2021-05-15 20:00:49,"I have tried the recent upgrade to the app and still cannot add sliced wheat bread and sliced white bread to my list. If there is a way now to do that, then it isn't a very user-friendly way. Probably okay for the average family but my household consumes multiple types of sliced and other breads, 3 different types of milk, and that is just the beginning."
3,2021-05-14 21:58:32,"Love the app, but when are u gonna add widgets support"
3,2021-05-14 19:46:55,"**Updated to add that all parties have all lists set as Canadian English. We have been using this app for a while and love that my family members can all share the shopping lists. Lately, however, we have found that it randomly changes the items on our lists from native English into German. Amusing perhaps, but a little frustrating when at the store."
3,2021-05-13 22:15:30,"I liked the app, but the last update is a nightmare! The performance got very slow and usage is more complicated, and instead of improving the app, it makes proposals, like the month specials etc. which nobody really needs. It should be a simple shopping list, not overloaded with ads etc. So if like to have the old one back! Tx"
3,2021-05-10 10:59:11,"Edit: So the last update basically changed nothing that people have been asking for. The search function is still not user-friendly (also looks terrible) and it's still not possible to move tiles. That feature is so needed. I don't want items to be grouped by category, I'd like to be able to move them as I want them."
3,2021-05-10 07:57:44,"Would be great if it worked as suggested with Google assistant but I just keep getting redirected to sign in over and over again when I try to connect in Google. Couldn't find anything in help and emailed with no response, so I'll have to uninstall. Shame as it worked fine for my partner, just doesn't want to let me choose bring in Google home."
3,2021-05-07 19:57:57,Used to be a SIMPLE and fantastic app. Now...
3,2021-04-13 17:43:25,the food didn't taste that good
3,2021-04-07 06:31:42,Ads got very intrusive
3,2021-04-03 21:40:24,Got much better ..
3,2021-03-31 07:54:45,"Was a brilliant 5 star app until they changed it. The entry bar is now inconveniently at the bottom and entering new items seems so much more difficult than it was. The Done button also does not do what you expect. A seriously retrograde step. If you want specific advice about the search bar, just put it back to exactly how it was."
3,2021-03-24 13:35:44,You've ruined a once great app with the new UI. Not nearly as intuitive to add items. That should be front and center on the list page.
3,2021-03-22 00:47:44,"The new interface is way too complicated. It sometimes takes me 2 or 3 goes to add a new item to the list. Please back out the changes so that updating a list only takes a couple of keystrokes, as it used to. Once I would recommend this app without hesitation. Now, I can't explain how it works."
3,2021-03-17 12:50:51,Loved it until the update. Now its cluttered and borderline unusable. Please allow an option to revert to the previous version
3,2021-03-15 21:28:38,Very nice!
3,2021-03-14 19:40:34,"when I upgraded, it changed the whole dynamics. I no longer get items sent to my phone, and no history of what I bought."
3,2021-03-14 11:48:07,"Like many people, I am frustrated with the recent changes to the user interface. Now it takes 1 or 2 extra clicks to add each item after typing. You have to press Done each time, and ""refine"" buttons (voluntary) before that. It's seldom that I need to refine an item, and I can press and hold the item if I want to do that. The Done button does nothing if you have finished typing the item (you have to click the item first). The typed item should be the first suggestion in the list, not the last."
3,2021-03-13 22:22:02,"This is a solid app generally but, the latest version is much less efficient and intuitive. E.g the item entry box is smaller and positioned oddly, excessive drop down list clutter the interface, and an automatic request for more information makes entering a new item a two-click process."
3,2021-03-13 11:29:57,they need an ux/ui guy
3,2021-03-13 07:02:26,"Good app, became sluggish recently"
3,2021-03-12 14:58:15,"This app was a 5 star app until they changed it a few weeks ago. Why move the search bar? Now the search area is so tiny that I end up mis-clicking on things constantly and it blocks my grocery list so I can't see what has already been added. It was great before, please change it back"
3,2021-03-12 09:29:39,App used to be great. Newest update has made it extremely user unfriendly. Adding things to the list ist adding gray hair to my head.
3,2021-03-11 20:31:30,"In principal, this is a great app, which has served us well in our household for years now. Before now I'd have given it five stars! The latest update, which puts the search bar to the bottom of the screen instead of the top was unnecessary and makes the app less appealing to use. I'm in no way dogmatic and I usually enjoy updates when I can understand the rationale for them. I don't understand why this physical change has taken place and it detracts from my enjoyment of using the app."
3,2021-03-11 20:30:02,"Generally love the app. Hate the new upgrade that now only offers a thin bar towards the bottom of the page on which to type our groceries selection onto.. Please revert back to the original search bar, there was absolutely nothing wrong with it."
3,2021-03-10 06:12:04,"Super useful app for a household that shares the shopping list among several individuals. The user interface could use some brushing up. For instance: When adding a new item you need to locate the ✔ in the corner of your keyboard and press it before pressing the large Done button in the app, or nothing happens. Also if you want to refine an item by specifying quantity or type, there are two buttons with❌ in the top right corner, one of them is to exit without saving and the other save and exit."
3,2021-03-07 05:56:57,"Love this app, but am not liking the latest version at all. Adding to your list is no where near as easy as it used to be. Definitely not an upgrade or improvement."
3,2021-03-06 14:55:12,"Last update has made this app difficult to use! When taking things off the list it jumps down to recently used, making you have to scroll back up to where you were. Adding items also not as easy as it was!"
3,2021-03-06 14:37:44,"Latest version is less user friendly, and more company friendly! What used to be a large, easy-to-access, on-top-of-the-screen entry bar, is now being squeezed to the bottom, and it's thin and hard to touch. This way you are much more likely to hit one of the 3 lower buttons (recipes, products....) which are essentially about marketing etc.. Not happy."
3,2021-03-06 02:52:54,"The interface used to be great but now when you tick off an item, the view of your list jumps down the page to the list of ticked off items. It's unnecessary and distracting and I have to keep scrolling back up to the top."
3,2021-03-06 01:25:58,They just did an update and the app now is not as good as it was. Very good. Helpful. Would be better to long press or tap twice to remove a list item. Things are frequently removed accidentally.
3,2021-03-05 19:56:29,I don't like the new update
3,2021-03-04 00:43:10,"It's ok. Been using for awhile. The best things I can say: it syncs & has the ability to create multiple lists. However, the little buttons are hard to read. And I really miss the ability to put items into categories, which my old app had. It's so much easier to shop aisles with stuff grouped into categories. And the latest update, instead of typing in & clicking on a new item button, they've added an extra click with a ""done"" button. This kind of app should save time, not take up more."
3,2021-03-01 21:38:07,Don't love the last update. The search bar for adding items is now in an uncomfortable location.
3,2021-03-01 05:44:31,"Not very intuitive, but easy enough to use. Fun to share lists with family members."
3,2021-02-28 14:29:41,I dislike the updated search bar
3,2021-02-27 22:25:46,the updated version isn't really user friendly anymore!
3,2021-02-27 19:20:23,"I understand wanting to update the app, but I find the new one not usable. Adding items to the shopping list is slower than before, and the auto scroll when removing an item is really annoying. I've used it for a long time, I would gladly pay for premium features to support the app if they ever came out, but I'm not enjoying the latest update at all. I'll update the review if I change my mind using it for longer, but my last two shopping trips were not particularly enjoyable."
3,2021-02-27 10:56:48,alright app. very detailed lists
3,2021-02-26 23:20:57,"App very handy! A bit too eager with suggestions and other extraneous things. Would prefer a more stripped down, mini.ist approach but this one works. Follow up: beginning to to cluttered. Really enjoyed it at first but I don't need all the stuff you guys are loading...or layout changes."
3,2021-02-26 20:30:35,"Lard, no icon. Squash, no icon. This app works, but for costings (let alone price comparison) you are on your own. The best of a piss-poor bunch, that is as good as I can say."
3,2021-02-26 20:20:56,Latest update February 21 makes it very uneasy to use.
3,2021-02-25 15:27:43,new search at the bottom is annoying when you're shopping. You have to keep scrolling back up to your list.
3,2021-02-24 21:44:59,You've made it harder to use.
3,2021-02-24 19:14:30,"I love the concept and functionality with Google home. But... The fact that it wont accept any recipe format is really frustrating. I find a recipe I like, go to add it and it says ""format not accepted"". 4/5 times this is the case and it stops me dead in my tracks."
3,2021-02-23 01:29:16,"It was quite good, then they updated it in the last few days. ""Search"" (for what you want to buy) bar is moved to bottom (irritating) and is small. Search is irritating at best and often dread-producing. The app wants to oversee what you buy to the point that it's hard to get down what you want. I wish there was a way to go back to the previous version. Oddly, others in my family have not yet been cursed with this new version. Once they are I suspect we'll be looking for another shopping app."
3,2021-02-19 19:15:42,"Moving the search bar to the bottom is a huge downgrade. Please let users decide in the options where to position the search bar. /edit: the ""refine"" part after adding something to the list sometimes gets covered by the on screen keyboard. That means I have to minimize the keyboard to refine something and that disrupts the flow when adding multiple items to a list."
3,2021-02-19 18:51:03,"Die alte Suche war viel intuitiver. Bitte rückgängig machen. ---- Usability ist viel schlechter als vorher: Man klickt unten in das Suchfeld, ein Popup erscheint, das Suchfeld wandert nach oben. Obwohl das Suchfeld den Fokus hat, erwische ich mich immer wieder wie ich in das Suchfeld klicke. Das Beenden der Suche muss mit ""Fertig"" bestätigt werden (ein ""click"" mehr.) Das Suchfenster nicht Modal (es wird ja ein overlay angezeigt), trotzdem kann man die Items, welche man zum Einkaufen will ""weg-klicken"" (das ist zwar dann eher ein Bug als ein Usability Problem) Als die Suche oben fester Bestandteil war die Applikation viel ""ruhiger""."
3,2021-02-19 18:25:20,"Doesn't connect to Google, the connection page loads for eternity. Edit: yes, to both. Husband is having the same issue on a completely different phone."
3,2021-02-17 20:03:13,The new searchbar is annoying and not an improvement :(
3,2021-02-17 16:06:25,"Was awesome, until latest update. Input bar was better on top, and now it just deletes some words eg: it turns 'Pringles Wavy Jalepeno"" into just' Pringles'. Extremely annoying and frustrating"
3,2021-02-12 13:31:48,"The last update was jarring. It has good intention, with the whole location of the search field, but it should be an option. Also, the text entry field is super small now. I also don't like the suggestion feature. It's of no use to me, but I can't seem to turn it off. I did recommend it to a couple people, but it still needs to be cleaned up and simplified a bit. It got a little cluttered."
3,2021-02-11 15:15:17,"Absolutely love this app. Use it everyday. I have several list, some together with other family members. This way any one of us can do the groceries. Don't like new upgrade 2/2021."
3,2021-01-25 18:26:03,It is not available for Alexa in Portuguese ☹
3,2021-01-17 07:53:58,I like the app. But we should be able to add prices on items and get a tallied up price
3,2021-01-15 01:39:04,"This app is pretty good, but PLEASE PLEASE stop filling up my recipe list with unsolicited reciepes labelled INSPIRATION. There seems to be no way to remove these from my list and there's no option to NOT get these in the first place. Please fix this. It's very annoying and enough to make me stop using the app and find an alternative. EDIT: So apparently the only way to delete a recipe from the inspiration list is to add it to my list, THEN delete it. This makes no sense. If I'm not interested in a recipe and want to delete it, forcing me to save it to my list in order to delete it is a terrible design choice."
3,2020-12-24 00:46:42,"All features I need, but it is annoying to me, as It's difficult to get overview as while scrolling all menus appearing and taking 1/3 of the screen. Bottom menu bar with three dots is masking last position on the list. It is hiding when I scroll down but than I can't see last position anyway. Of course after first purchase it will be problem with last of recent purchased. But anyway it is not elegant and not professional. IMHO both menus - add item and these three dots should only appear when user slide in from the top or bottom border, but not when sliding inside the screen (not touching borders)."
3,2020-12-19 14:57:50,"Not too fond of the app. -You don't list an item you have to search for the item in order to add it to your so-called list -it's not a list it's more tiles You can't change the settings to make it into an actual list -The tiles all have a picture. I don't need a picture to tell me what chicken breasts are,I prefer no pictures but the settings doesn't allow you to remove the pictures into an actual list. -The sorting function that lets you sort your list so you can go in order around the story is"
3,2020-12-17 18:47:49,"Good app but a few features really let it down. Its easy to tap on an item by mistake and it disappears from the list - an undo button would help! Also, being able to put your groceries in A-Z order would definitely help to ensure nothing is missed!"
3,2020-12-08 14:02:13,Can you enable an alphabetical sort function on the app? Too time consuming scrolling items that are scattered all over the app. Thank you.
3,2020-12-07 11:01:29,A ideia até é interessante mas não gostei da forma como algumas coisas são organizadas: O local principal da lista mantem tudo que foi adicionado sem permitir separar por categoria. Quantidade de itens e observações ficam juntos no mesmo lugar oq não faz muito sentido pra mim. A criação de itens customizados precisa melhorar pq não dá pra por imagens legais e as outras configurações são meio estranhas. Abç
3,2020-12-05 01:14:51,Nice and simple
3,2020-11-24 17:00:07,"Pretty good app, but missing a few basic features: 1. Need to be able to change the name of something on list, not delete and redo. 2. Need to be able to move an item between lists, for example from ""shopping"" to ""Costco"". 3. Need to be able to make boxes smaller, even remove image. 4. Need to differentiate categories on list itself, color or break line."
3,2020-11-22 17:55:58,"A pretty good app, ready to use, great with Google Assistant, however, it's really needs widget support. I'm a bit surprised that a shopping list app doesn't have widgets in 2020. Add that, the ability to customize categories, and the ability to rename custom items after adding them to a list, and you've got yourself a 5-⭐ app."
3,2020-11-14 11:28:21,Convient
3,2020-10-11 18:51:44,"Downloaded today. Enjoying so far. Love the Google home integration. Is there a way to sort specific lists by categories within a list? (Instead of seeing Apple, bread, dog food in a list, can I view as fruit, meat, pets?)"
3,2020-10-09 17:04:56,"Downloaded to try something different but was seriously unimpressed with this app. May well suit some but does not suit me. Big pics of items was pointless to me. I wanted a proper list that can be juggled around and week give an idea of likely monthly shop cost. Never mind, good effort but no cigar"
3,2020-10-03 17:24:49,Is it possible to integrate bring with Apple and Samsung watches. It will make it better. I just downloaded and have liked it till now. But not having it with watch is a little disappointing
3,2020-09-30 22:58:53,"I have been using this app for almost 2 years, recently its acting up. The list keeps adding stuff from history on its own and you are left wondering if your partner has added the item or is it a glitch again. Defeats the purpose of a live shopping list. Uninstalled it"
3,2020-09-27 12:09:26,Really nice app! Please add a Greek catalog!
3,2020-09-15 23:59:53,"Its good but doesn't always remember the foods I buy the most often. Also I wanted some oven mits but the image was a spray bottle, what?"
3,2020-09-12 09:54:31,Попробовал - неудобно.
3,2020-08-18 19:47:45,Struggling to login with different account. Need to uninstall and reinstall the app again.
3,2020-08-14 12:03:00,The auto sorting feature and rearranging categories is neat. However I find myself removing items from my shopping list more often than I'd like. This makes shopping tedious as it takes a while to find what I just removed. I would prefer the option to change item settings with one tap and remove them with a long hold or swipe to the side.
3,2020-08-08 06:54:05,Don't understand the App.
3,2020-08-06 05:47:26,It's good but it should let you categorise your list rather than it all being together
3,2020-07-25 23:36:47,I like the set up and how you can add ingredients from a recipe. What would make it really helpful is if the shopping list put the items in categories like the inventory section. That way at the store you can have the items by grocery store section.
3,2020-07-25 10:30:32,- please make it possible to rearrange my cards - Love it. Helps me organise my shopping. Tough i would love to be able to custom sort my cards and choose symbols for ingredients the app doesn't know
3,2020-07-15 13:58:02,Muss leider sagen ich fande die Einkaufsliste Ansich bei smartlist bessert. Toll sind zwar dir features aber Naja. Wahrscheinlich einfach nur gewöhnungssache
3,2020-07-03 16:22:36,I don't really like the app in comparison to the one I had before. It doesn't categorize the food by kind nor how it's sorted in my local supermarket. It's not very customer friendly.
3,2020-06-15 15:31:50,Haven't used yet.
3,2020-06-13 11:12:26,"I wanted to love this app, I really did. It did not meet expectations when adding in your own recipes and making lists from there. All recipes had to be added with quantities for 4 portions regardless of what your recipe says. When adding multiple recipes into a shopping list instead of adding together all the same item you just get a list of '4 + 3 + 2 + 4' if your item occurs in 4 recipes for instance. Please include quantities (g/tsp/ml/etc) and put the combined total in the list."
3,2020-06-10 05:16:27,I've never used a shopping list app that doesn't allow me to add prices for each item. It's a huge fail. This list also has an unusually difficult editing for items. I've found myself prepping the list and ignoring it for something basic with dollar amounts for items and a touch to edit response.
3,2020-06-03 23:38:44,Cloying
3,2020-05-31 12:46:13,"Super handy but still has its bugs. I wish when I change icons on items not on in the database, the app would save them properly and even remember them for future uses. The web interface doesn't remember any icon sets and often conflicts with the app's saved custom items."
3,2020-05-30 19:40:02,Good but doesn't list category or aisle number.
3,2020-05-25 16:15:49,Too involved for me. It's good but just complicated for my needs.
3,2020-05-10 16:59:21,Have been using this app for a while now and it's great. But why can't you sort list in alphabetical order and it would great to be able separate items into categories when shopping!
3,2020-05-10 01:39:27,HUGE icons instead of a list. Some people might prefer this.
3,2020-05-01 10:56:36,No landscape mode
3,2020-04-20 19:02:37,The app is perfect for me and my girlfriend to coordinate the purchase of groceries but this app needs additional features similar to the app OrganizEat. I'm putting 3/5 stars due to the random German (despite English) showing up in the app and website. I'll grant the 5 at extra features!
3,2020-04-18 12:34:09,Good way of presenting categories and items in pictorial format. But unfortunately not usefull for India as this doen't have items in the list as per Indian food and kitchen needs.
3,2020-04-18 11:55:05,"It works very well with Android smartphone, smartwatch and nest hub. Thanks. One issue, once an item is added to the list, it is not allowing to chang the name of the item. I use Google assistant to add items. Sometimes assistant adds items with wrong names due to pronunciation. Bring allows all other changes but the item name. To correct, ı have to delete the wrong item and add it again the item, with correct name. Can you please allow item name change like you are allowing all other changes?"
3,2020-04-14 20:06:33,"The UI is very nice but I'm missing some ""in the store"" mode which would be meant for actual checking off of items (maybe just graying out instead of removing) and most importantly offer clustering by categories or aisles. Also missing an ""Undo"" button, it's too easy to add/remove item by mistake. On a side note, there are a few forgotten German strings (I understand German, so I don't mind, probably not intentional though), such as Zuletzt verwendet or Eigene Artikel in the US English locale."
3,2020-04-11 03:31:26,How do I change the words zuletzt verwendet to English? Only this is not in English.
3,2020-04-10 08:00:25,"I liked it but didn't like it at the same time, which is a pity because what I dont like about means I chose not to to use it. It needs better self edit I already have an app for recipes, I couldn't edit the section to delete the recipes or delete that page entirely & was a bit of a disappointment. Other edit functions it needs is the ability to personalize the shopping list with photos and I don't know what the two foreign language tabs are but I would've deleted those also."
3,2020-04-08 16:13:48,Frankfurt 🙌 delivery🤔😒
3,2020-04-03 14:19:43,"I'm evaluating several apps now and I must say nothing beats the user interface of Bring. Very friendly. What's lacking though is the ability to add prices with the running total, barcode scanner for each product and set a double tap feature so you don't accidentally click tap and mark the item as done. If that is added, they it will dominate this market. Because of that, I'm using another product first though the UI is less friendly."
3,2020-03-21 08:05:45,What means Zuletz verwenden?
3,2020-03-20 17:29:29,This app really needs a widget that can show your list right on your homescreen.
3,2020-03-14 15:04:38,Parts of the app are in german.
3,2020-03-10 11:20:14,"Version 3.42.0 still contains some German upon first time launch. While most of the language issues appear resolved, there are still some words that need fixing. I just installed the app this morning looking for a new list compatible with Google Assistant. Maybe I can fumble through, but no way I'll get my family on board if they can't read it. *update. the issue is only when you launch the first time. Close and reopen the app and the language is fixed."
3,2020-03-10 09:15:58,Good. But where's the widget? I neet that
3,2020-03-06 15:07:55,Opcion para Descripciones de los articulos en ingles?
3,2020-02-21 21:15:11,"It is a good app IF you're really going to use it as designed. You'll think you will but after using it a time or two you'll refrain from going through the steps necessary to use this properly and just hand write a list, or take a picture of the list hanging on your refrigerator. 😄"
3,2020-02-16 16:07:10,I'm excited to try it - but is it possible to make it a widget? I've been using Keep and I'm used to having a visual on one of my home screens. Making this a widget would be fantastic.
3,2020-02-13 20:47:25,This app asks me to confirm my age when putting wine on the shopping list - hilarious. Either way I like the design
3,2020-01-30 18:55:57,"A handy app but basic bugs. EG the ""change icon"" function doesn't work."
3,2020-01-29 06:52:04,This app is not helping to check what are the items qlr already available
3,2020-01-23 10:53:53,"Good, but no widget support, and no ability to display the shopping list as a text list (rather than giant icons! ) relegates this to 3 stars."
3,2020-01-15 14:30:31,No UPC scanner. I think we would have loved this but without UPC we'll look else where.
3,2020-01-13 00:49:04,It was ok but won't let me delete a list although I went list setting
3,2020-01-11 01:34:14,"Not syncing with Google Assistant. Should also have the option to link to Alexa. Other than that, a quick and simple to use shopping list app."
