score,date,text
2,2026-09-29 18:00:14,"Good list, I wish the lists deleted automatically after being completed Its not hard to make a setting where I can choose for lists to automatically delete after 3 days."
2,2026-09-26 06:07:42,Werbung nervt
2,2026-09-21 14:44:42,"Starting recently, if you don't consent to the app sharing your information with 3rd parties, expect to have to turn off such sharing for a gazilion such 3rd parties one by one every time you open the app. So, either consent, or redo the time consuming process every time you open the app."
2,2026-09-14 20:45:23,"ads and trying to get my data, again and again"
2,2026-09-03 23:17:42,you have to pay for this app not worth it
2,2026-09-02 18:07:29,"Wants to sell your data. I paid to stop adverts and help the developer. However, once, every week or so a full screen permission page keeps popping up wanting your permission to share your data with hundreds of other companies. I initially scrolled and scrolled denying permission for each company a few times, but the app is persistent and does not stop wanting that information. I eventually had to uninstall it just to save my information from being forcefully taken. SO be WARNED."
2,2026-08-31 14:47:13,"I use listonics on a regular basis, but when I just opened it up it had completely changed it's layout and I HATE IT!! It may be time to check out other similar sites 🤨"
2,2026-08-30 21:02:17,recently adds block the screen completely and can't be removed! Have to restart the app each time.
2,2026-08-26 00:32:12,"I've been using the app for a few years and have had a decent experience, but the recent developments have been very disappointing. The bloat caused by cramming daily rewards, an ai assistant, and a food facts tab on top of the already disruptive ads is frustrating due to how unnecessary it all is. The final product has gotten worse over time. would not recommend in its current state."
2,2026-08-25 08:22:40,"Aktualnie aplikacja jest prawie bezużyteczna. Przy każdym uruchomieniu aplikacja cię pyta czy nie chcesz zostawić opinii, oraz czy nie chcesz im zapłacić za funkcje premium, co sprawia, że zrobienie szybkiej listy zakupów nie jest już wykonalne w tej aplikacji a to jedyna funkcjonalności która powinna być w aplikacji do robienia list zakupów."
2,2026-08-24 09:07:57,"It was great until it started to asking to collect data without reject all button, preferably on the top as the main option."
2,2026-08-21 12:38:06,Fullscreen ADs? You can't be serious with that...
2,2026-08-01 01:43:57,I really enjoyed the app until now it's asking me for permissions for a lot of things I'm not willing to share. I need to delete the app and look for another app. I don't understand why this is happening?
2,2026-07-29 11:40:43,"Now being asked for""consent"" to share my data with advertisers again and again. Can't find any way to make settings permanent."
2,2026-07-29 05:15:55,This app sells your info to a lot of companies.
2,2026-07-04 07:55:24,"this used to be a very good app, but nowadays it exaggerates with full screen ads which renders the app practically unusable."
2,2026-07-03 05:49:18,It's VERY annoying to go to make a grocery list and you have to watch stupid ads! It wasn't like that when I first downloaded it. Latest version sucks!
2,2026-06-25 14:38:28,used to be great but now doesn't work without network connection (lags and crashes) probably because of the AI assistant nobody asked for
2,2026-06-21 13:30:46,many ads
2,2026-06-14 15:46:11,too many ads for too long can't get to lists from it anymore most of the time
2,2026-06-13 03:54:27,"I've used this app for years and it's always been simple and reliable, but the AI features are useless and intrusive. it's become bloated and frustrating to use."
2,2026-06-12 03:49:14,"First seemed like ""finally the one"" but ended up full of ads and not being able to login with google if you don't use Safari as main browser on Macos to sync with same lists across devices"
2,2026-05-18 09:31:51,"very good experience even while using the free version, but after the ladt update the ads became crazy bad, I am currently looking for an alternative. while I do understand that you need to make money, I dont understand why you have to include this frankly intrusive version. you had banner ads, that were constantly displayed and were effective. these new ads that hijack the screen and require interaction are just too much."
2,2026-05-17 10:19:23,"Updated review: Since my original review of the slow UI, things have improved. However I still get the impression that development is directed by management buzzword bingo, rather than user needs. (As evidenced by all versions after the version I decided to buy). Current gripe: Does it need ""AI""? No. Does it have ""AI""? Yes."
2,2026-05-11 18:36:51,Easy to share lists with family members. Increasingly difficult to make those lists because they keep adding AI interactions to every screen. Even though I paid to get rid of ads. Would probably delete it and find a new app if it weren't for the fact that finding one app my whole family agreed to use was a nightmare and I don't want to do that again.
2,2026-05-09 04:31:52,Too many clicks to do a simple thing
2,2026-05-03 06:18:51,"paid for it ages ago, used to be great. now there are annoying animations slowing things down, slower interface, and it keeps repeatedly trying to get me to agree to it sharing my information with its partners. denied it several time and it keeps asking."
2,2026-04-04 15:17:43,"what's with the sudden tracking, what in the world, for a list app???? ffs, AND you have to double tap to disagree in the selection. pretty shady. it just got worse. read the room, tracking everything in a list app isn't going to help"
2,2026-03-20 05:12:14,another app pushing AI assistance with no way to turn it off.
2,2026-03-10 17:55:07,it was a nice app until they added an ai feature. the app now freezes and stutters.
2,2026-03-09 09:36:03,"I have used this app for years, sharing lists with my partner so if either of us are near a shop we know what to pick up. Now they have added a useless AI ""feature"" that gets in the way, interferes with my lists, and can't be disabled. This is causing daily irritation. I have already paid to remove ads so I'm invested in this app. Is there any way to get rid of this AI garbage?"
2,2026-03-03 13:23:57,I don't like AI Mostly the app works fine. It becomes cluttered with partial matches and app suggestions. But I don't like AI in a banner at the top of the app. I don't like that I can't remove this.
2,2026-03-02 04:56:20,"been using this app for ages and enjoyed it, but now it has gotten super annoying with the constantly flashing ads."
2,2026-02-28 13:52:54,"AI wasn't needed and is now forced on users, there is no option to remove. sad."
2,2026-02-26 13:35:39,for the love of... not every app needs freaking AI. it's a list keeping app. The ads are almost bad enough. let us turn off AI
2,2026-02-25 21:33:59,"Changing my rating because developers have made several updates and ""enhancements' over the past four years when I first subscribed....AI Will now tell me what to have for dinner, yet won't calculate sales tax. Jumped in and became a premium customer, but now see that there is no option to include tax... Since responses to reviews appear positive, I'm hoping this suggestion will soon be taken into consideration before I decide to opt for a different app."
2,2026-02-25 20:34:50,"I've been using this app since it came out. I had a 5⭐️ review for most of that time, but I'm about to start looking for alternatives. This push to add gamification and AI into what was and should be a quiet, peaceful shopping list app is not only ridiculous and unnecessary, but also makes the app less accessible to neurodiverse users. Devs/Execs: Not everything needs the kitchen sink thrown at it. It's okay for an app to just work and not be performative."
2,2026-02-21 22:05:52,"This app started out really well when I first installed it but is getting worse with every ""update."" the ads are taking up more and more of the screenn. Hopefully they will fix this issue"
2,2026-02-15 17:48:52,y I'm just not knowing how to use this thing to it's fullest advantage
2,2026-02-07 22:42:27,"Decent app. It has price, CATEGORIES, and more. The icons are taken from the standard phone emojis so the icon list has a bunch of icons u'll prolly never use (12% r food). The CATEGORIES don't even show up on the list as tabs so I'm not sure what the point is. As per our conversation, I shouldn't have to choose between categories and price. Lots of other apps allow both at the SAME time. Ooh wait let me find a better app. BYEeeeee"
2,2026-01-25 17:46:04,"I have spent a lot of time creating my ""Lists"" in other apps and thought I would certainly be able to import them into Listonic but sadly there doesn't seem to be any way to do that which is a deal breaker as far as I'm concerned! I can't believe the developer created such a great product but failed to include such a basic feature! :-("
2,2026-01-08 09:39:56,"useful app, bad search, supporting only exact word order match. Not practical for longer lists, like a family grocery list"
2,2026-01-05 08:37:02,"Functional, but full of ads"
2,2026-01-03 11:34:29,"constant invasive, full-screen promotions. Now opens to a completely unnecessary summary screen instead of to the lists, adding unnecessary clicks. Used to be good, now becoming unusable."
2,2026-01-01 10:11:04,The app doesn't update shared lists anymore in real time.
2,2025-12-24 17:44:51,Getting better all the time And better and better 12/2025 sadly I stopped using it. using Gemini on my pixel watch to add to keep is so much better. wish you add Gemini too
2,2025-12-20 21:42:02,Frustrating ads sometime take up a quarter of the screen if not more. Time to move on.
2,2025-12-13 14:45:10,"If you click ad at top of screen, intrusive ads for games occurs which totally prevents use of app."
2,2025-12-08 19:01:30,"If you have more than three lists, the 4th list is inaccessible due to a large ad covering the list. You can't scroll up and down to release the ad. There is no x to close the ad, it is just stuck in that position, making that 4th list useless. There are plenty of other apps out there doing the same thing without this annoying quirk."
2,2025-12-06 18:29:03,cumbersome
2,2025-12-05 01:28:31,"I don't mind there being ads on the app (well, I do mind. I hate ads, but that's just how the world is) but pop up ads that you can't skip or close is a step too far. it's a shopping list app. You should not have pop-up, unskippable ads blocking the whole screen. That goes way too far into inconvenience. I am not paying for a freaking list, but I should not have to deal with pop-ups. That's ridiculous."
2,2025-12-03 13:58:55,"Every single update makes it slower, less handy in their free version and brings you more ads"
2,2025-11-25 18:09:03,I used to be fine with the banners but now they are 3 times the size and blink on and off. I'll probably just use a simpler note or memo app that doesn't have distracting ads.
2,2025-11-12 20:34:16,Generally good app. However sometimes there are some problems with updating of sharelist between 2 people. I wish that it was less adds.
2,2025-11-09 10:49:32,"Used to be my favourite shopping list app. Now, in an attempt to add ever more features, it has become cluttered and unmanageable. The latest disaster is ""Browse flyers"", a tag I can't get rid of even though the list of countries it's available for is short, and doesn't include the UK. At least let me delete it."
2,2025-11-05 02:48:54,The amount of adds is very annoying but you dont get enough to pay in my opinion. I've also noticed over the last few months things are just disappearing off my list and Im not checking them off. if it weren't for that I would have kept using the app.
2,2025-11-02 16:48:34,"I was using this app, but then had to replace my phone. This app did not transfer over, so I reinstalled it, but my lists are gone! I was using it not just for shopping, but places to visit, movies to see, etc.... now gone! Any way I can recover those lists?? Thx in advance."
2,2025-10-30 14:43:03,It was good to start with but you need to be able to put your phone absolutely flat for it not to start moving items to the purchased section or randomly increasing the quantities of things being purchased. I ended up going back to writing a list as it was easier - time to give something better.
2,2025-10-16 11:17:08,"I paid for the premium plan to stop annoying ads. Now when I open the app, half of the screen is covered with ""check it out"" panel. I want a clean user interface with no clutter."
2,2025-09-30 21:24:17,"I have used Listonic for years. I love it for grocery and to-do lists. I understand the need for ads to help pay to keep the app free, but recently the ads have become so large that they take up half the screen. Very obtrusive and annoying, especially when you accidentally click on them. Keep the ads on the free version, but please limit their size."
2,2025-09-20 17:07:09,"My wife and I have been using this app for a long time. It's good for things like groceries, or home repair, or anything you need to make a list for. It has ads showing up at the bottom. That's fine, those have been there for some time. Today, however, I opened the app and there was an ad taking up nearly 20% of my screen. Making lists, with ads as a byproduct, is fine. Seeing ads, with lists as the secondary focus, is not fine. I'm not letting ads take up more & more screen space. Uninstalled."
2,2025-09-17 12:40:33,mediocre
2,2025-09-15 15:46:49,"Annoying that you can't add notes as you add items to the list (you can add notes from the list, but this is less convenient). Not sure how it decides on the categories, but it seems like key words should make it easy for the app to realize that a pot roast is meat. It would be useful to be able to share the list within the app (for example, when my wife makes the list and I do the shopping or when we are both shopping in different parts of the store and want to mark stuff off simultaneously)."
2,2025-09-15 04:33:34,need premium to use widget which is the only reason I use a list app
2,2025-09-09 15:23:16,I really don't use this App. I wanted to cancel my monthly subscription. I can't find where to do it. it would make sense for that to be right on the App. no such luck though.
2,2025-08-28 14:07:39,"This app used to be great but now no longer works on iOS. as it immediately crashes and is no longer useful. I emailed support several weeks ago and they stated that thay are aware of the issue; however, it still hasnt been fixed yet. So, I would probably just find another app and not rely on this one."
2,2025-08-07 17:38:08,A lot of unnecessary pop ups
2,2025-08-05 13:54:38,"we were very happy with this app, but, now when we open & try the use the app the screen goes gray & locks up....help"
2,2025-08-05 11:34:10,"I don't understand why this app updates every other day. At first, I thought I was tripping. I check for updates daily and your there every couple days. You had a update today but it says last update was the July 30."
2,2025-07-19 22:17:22,hard to move lists
2,2025-07-07 09:49:13,Your ads now take up 1/3rd of the screen. Time to look for something else.
2,2025-07-05 08:20:11,"app is good but this overflow of adds is killing the app, greed greed greed"
2,2025-06-28 18:46:56,Not what I wanted
2,2025-06-21 08:57:03,I am going to delete this app if they keep on supporting Temu ads and pop ups. Hugely irritating. I am NOT going to pay a subscription just to get rid of this annoynce. I would rather choose an app without it
2,2025-06-17 14:52:16,"Charging people to make the font readable and change the currency to their own, good job."
2,2025-06-13 06:56:34,too many ads and pop ups. not lightweight. slow
2,2025-06-11 10:44:33,When trying to voice enter new items the app randomly reorders my entire (long) carefully-entered store-order list. That's a deal-breaker. Deleted.
2,2025-04-27 14:38:00,"I like that there are vegan and gluten-free categories. But it seems pointless when it doesn't include specific options. For instance, there are no dairy free yogurt, cheese, coffee creamer, or other milks beside Almond. There also isn't gluten-free bread, oatmeal, crackers, etc. Everyone in the same household may not have the same diet. Thus, it's crucial for the shoppers to know what to get when that is the case. I wish I had known that before paying for the lifetime option."
2,2025-04-24 16:13:46,"app does what it says, but won't stop sending notifications even with Everton but list sharing turned off"
2,2025-04-14 16:04:55,It works a bit. My main 2 problems are list syncing between devices slowly and the widget options. There definitely should be a widget options that actually shows the list itself and lets you edit items directly from that widget. I think the only widget it currently has isn't very helpful at a glance. I'm also having a problem with the widget where it won't let me pick a list of I add the widget then remove the widget. I can no longer select a list when I add the widget back.
2,2025-03-28 08:53:25,"Can't even change the currency to EUR without premium version. Also, showing only US units"
2,2025-03-23 18:50:25,"Latest update has ruined it. No more 'Recents' option in the 'Add Item' section? The new categories thing is flashy and cool but by your own admission in your now outdated FAQ, most products I add to my list are repeat products. Now there's only the 'Popular' section filled with items I don't buy. Also, petty annoyance: the fact that items are uncapitalised by default annoys me no end. I regret paying for a lifetime premium service now. Will have to find another app."
2,2025-03-18 18:16:18,"An sich ist die App gut, aber sie frisst unfassbar viel Datenvolumen, was für eine bloße Einkaufsliste keinen Sinn ergibt"
2,2025-03-08 12:57:17,No barcode System. Pity.
2,2025-03-02 19:51:54,Good app but i can't comprehend why it occupies 400+ mbs.
2,2025-02-28 22:23:41,No directory structure just one list despite turning on categories
2,2025-02-21 03:44:59,"Why do I care how many items could be in my list. When I check them off, go away, but don't completely delete yourself and delete the isle you're in. The first # should be the items I have bought and the 2nd the # of items on my list to buy. And when I clear prices, why completely delete them. I don't want to enter the price every time. Needs major work."
2,2025-02-09 10:54:07,Alerts are pretty irritating
2,2025-02-05 15:37:36,"Moving the add button to the top of the screen has completely prevented one-handed use of the app. The floating action button in the bottom corner was well within thumb reach, and is a recognised interface pattern."
2,2025-01-22 04:58:40,"Frequently adds random items to my lists and the interface jumps around, causing me to click on the wrong thing."
2,2025-01-03 07:26:28,"This app use to work wounders , but since november this app freezes my phone i have android"
2,2025-01-02 16:10:16,"There is a bug when I add two widgets to the screen and choose the first list in the widget one. When I choose the second list for widget two, both widgets change to the second list. The widget has to be a quick way to reach the info you need. It makes no sense adding more than one widget while the app forces you to choose only one list. Update: Then you must have a look at Tasks' widget, they nailed it..."
2,2024-12-27 18:59:01,"edit... Almost perfect :) - if it does not have annoying unskippable fullscreen ads... when you had banners, that was fine... now is time to look for alternative, if you dont remove theese annoying ads"
2,2024-12-27 11:18:28,The app used to work well but it freezes now.
2,2024-12-22 19:09:02,I used to love this app but now it messes up all the time. About to go back to pen and paper! It will save some prices while not saving others. If you haven't bought an item in a month the price will no longer be saved! It will re-add items you've deleted or checked off! You send feedback and they expect you to some how record what it's doing so they can see. 😒 how?!?! There is nothing to record even if I could! If I could find another shopping app that tracks the prices I would switch apps!
2,2024-12-21 23:03:56,"Suddenly I'm getting full screen pop ups every time I add something to a list, it's really annoying."
2,2024-12-21 11:23:05,"Edited review from 2⭐️ to 4⭐️. Since recent update appears to have removed the intrusive forced pop-up ads, it is back to the app I know and love. Thank you, Listonic app devs!! - Being able to reorder the categories is great. - Storing the previous price paid helps keep track of spending and seeing which prices have changed. - Copying items from previous lists is a great time saver. I really do use this app daily! 2nd Edit! Back to 2 ⭐️, sadly, because the forced pop-up ads are back."
2,2024-12-17 21:51:48,"Gone downhill Used to be very good, lately it keeps loading a game every time I add anything to my list, I have to close the entire app every time as it doesn't let me exit the stupid game any other way. Really pissed off at this app now, why would I want to play a game when I'm grocery shopping? Just dumb."
2,2024-12-16 08:35:00,Was a five star app for lists now I can't give it that 2 stars due to video ads being served.
2,2024-12-15 18:28:19,Spam full screen ads
2,2024-12-14 13:29:40,"Utilizo a muitos anos, era uma ótima solução. Porém a feature de compartilhamento não está atualizando corretamente a lista entre dois aparelhos, tentei por alguns meses, mas me fez perder o interesse pelo app."
2,2024-12-07 12:37:18,Sharing new lists doesn't work anymore tried with 4 different accounts and phones. Very unfortunate cause for me is a deal breaker 😭 plz fix it
2,2024-12-07 11:59:34,Common synchonisation issues
2,2024-12-07 10:39:07,It has problems with sharing the list. Sometimes it does sometimes it doesn't.
2,2024-12-01 20:44:44,Needs list of current pantry stocked items
2,2024-11-27 19:57:20,"Your feed back has no email address, your lifetime option is so squished on the screen it's unreadable and then I hit yearly it just sits there does nothing. I gave up buying upgrade. The app is fine though. Giving you money I would think you want to work JS."
2,2024-11-04 15:20:18,"Two stars as long as you guys don't integrate Google home assistant (and an app for Android smart watches)! I keep manually transferring items from Keep, where I add them by voice without touching the phone. I'll buy your premium pack in this case (I'm sure I'm not alone in this boat)! Otherwise great app, especially the intelligent sorting it does making Costco surfing less unpleasant."
2,2024-11-02 07:32:30,"Not bad, but like every other app now a days it has the annoying subscription options."
2,2024-10-28 06:44:00,"The adverts are very irritating and in your face. Unable to change categories, sort categories, add to categories, change colours or pretty much anything without upgrading to premium which totally negates wanting a free app for my shopping list. 'That Shopping List' app is far better and you can do all the above for no fee. It's a no brainer, I'm uninstalling this app"
2,2024-10-27 15:46:17,"UPDATE New update fixed loosing my list. UPDATE KILLED MY LIST. I HAD TO REINPUT EVERYTHING. WORSE YET, I CHANGED THE NAME OF ONE LIST AND IT ERASED EVERYTHING IN THAT RENAMED LIST. ARE YOU KIDDING ME. JUNIOR ENGINEERS NEED TO GO HOME. THEY SCREWED UP A GREAT LIST. GO HOME. ORIGINAL.Freaking awesome. Ads stay in little banner at bottom. Make unlimited list, so far. Type in anything at all. Thanks. Love it."
2,2024-10-27 10:27:59,I used to love this up until I found out how much data it consumes. I have to find alternative app now.
2,2024-10-27 02:15:48,"Good when working. I have the premium paid version and have been experiencing a problem with the app opening but then closing by itself. Unable to use the program. I have contacted them regarding this issue, and nothing has been done. No one has contacted me or attempted to fix this."
2,2024-09-16 16:23:55,"I've used and loved this app for years, but since a fairly recent update, it's been agonizingly slow. So slow that I don't even want to bother using it anymore."
2,2024-09-07 08:58:55,"Synchronization between ios and android is NOT optimal, to say the least. Old lists are coming alive, deleted items are getting back to the list and other kind of weird stuff."
2,2024-09-02 15:47:34,"Glitchy AF, I give up. I've tried to use this app for a few years now, and it just never improved. I reached out to them in March of 2022 about it, and they had me uninstall/reinstall for some update they had done. It improved for maybe a week. The list sorting function moves items wherever the spirits move them, and it takes 2+ seconds for the app to cross an item off a list, which is frustratingly slow when you're trying to cross off more than one item."
2,2024-09-01 12:48:51,Items being added to the list are not appearing on the final list. Sharing doesn't work most of the time either!
2,2024-08-26 03:49:36,Was perfect but now (since last update) requires multiple taps to add a product. This is a very annoying bug.
2,2024-08-21 08:12:54,"Very useful app, but incredibly slow processing. Appears to be more focus on the ads than the processing of the app."
2,2024-08-13 04:14:07,Great app but when will it be on Google wearables like Samsung watch?
2,2024-08-08 05:41:55,unfortunately had to stop using it as partner on iOS would regularly not have items show up for me she added
2,2024-07-28 17:18:59,"My whole family has been using this app for well over a year now and it worked great. Then an update happened and now the list sync has been broken for the last couple of months. I rearrange the items to make shopping easier but within a few seconds the list refreshes and it's out of order again. Items that were checked off weeks ago, reappear. We had a period where the same items would appear that no one in the family added and they kept reappearing even after being deleted repeatedly."
2,2024-07-27 00:49:21,"Past Updates have made Touch Sensitive, while scrolling items or lists gets deleted/checked."
2,2024-07-10 21:19:51,I have been using this for awhile and my biggest complaint is that when I am trying to scroll up or down on a list it will remove current items or add previous items. It's acting like I'm swiping left or right instead of scrolling up and down. If there was an option to confirm removal or addition of previous items would be great. I am on the version you listed and these options are not there. The u do button does not show up now can I see an option to block swiping.
2,2024-07-10 13:09:01,"My partner and I share lists all the time. When something is added, it never adds to the shared list. You need to close the app to make it add, but it doesn't add immediately even with that. 2 days ago she added something, and it JUST added on my side about an hour ago. It has also started deleting items from lists. 3 items from the base list were randomly removed with no record of them ever being on there. This results in more shop visits and frustration! I'm looking for an alternative now."
2,2024-06-28 00:30:26,"EDIT: Used to rate 5* but every month or two I'm asked to consent to the app using my data (incl location for no good reason) and sharing my info with their 887 partners (no exaggeration). After looking into it, of all the apps on my device, Listonic ranks among the highest for ad network connections. They are also the only app on my phone that uses the Tap Joy network (a company I consider to be among the most sleazy/predatory ad networks). I am very disappointed by this finding."
2,2024-06-23 05:16:55,The ads have increased and the UI has gotten worse. Way too easy to swipe accidentally and either add or remove something to the list without meaning to
2,2024-06-18 16:35:06,"I like this app for an individual use, but I hate it when wanting to share the list with other members of the family. When sharing the list with my wife, most of the time some items get deleted. It happened too many times that we were missing items on the grocery list because they disappeared after synching."
2,2024-06-18 09:25:26,"Can't scroll up. When I try, I get an ad."
2,2024-06-16 14:26:14,Worked fine until latest update. Now when I try to scroll down the list the app deletes items on my list.
2,2024-06-11 04:48:21,"In the past 6-12 months, it's become more and more buggy. The worst of it is hyper sensitivity to left (deletes item permanently) and right (checks item) swipes. You will try to scroll up or down and it may do the other actions without you noticing what it just permanently deleted or checked on/off. It's become laggy and has started occasionally popping ads up as of I've clicked on them. Used to be pretty decent."
2,2024-06-09 13:11:35,"Recent updates make it too easy to accidentally swipe away/remove items from list while just trying to scroll while shopping. I had been using app for years, but now too many times I see I've accidentally deleted something and don't know what it was and get home and not have the item. Ugh. Looking for a replacement grocery app now."
2,2024-06-08 05:00:08,"Changed phones and now the app won't sort by category any more. Is this a bug? Because it's basically destroyed the utility of the app for me. Also when I go to the website the ""contact us"" button doesn't allow me to, you know, contact you."
2,2024-06-03 09:36:47,"3 stars. Seems that whenever I swipe up or down on my list, something goes into the purchased list. It's very annoying since I have an extensive list of things I buy and have to go through my lists to figure out what moved."
2,2024-05-31 10:47:52,Too many ads. Not worth the time lost waiting for ads to finish.
2,2024-05-29 09:48:35,Custom setting doesn't work
2,2024-05-24 09:19:04,"A problem with scrolling. Scrolling up or down sometimes swipes off an item from a list, very annoying. Unfortunately this problem has forced me to switch to another app. I would be back if the bug is fixed."
2,2024-05-22 16:28:44,This app is ok until you realize how much data it is constantly getting and you have hundreds of permissions to remove. Each a separate click. No just no.
2,2024-05-20 12:17:24,"Lost accidentally deleted checked items. Option to undo disappeared before i realized what happened. Accidental touch of the screen, and they are gone. List too large to remember all of the items. If I remember all of the items, what's the point of the list?"
2,2024-05-11 13:02:29,App is poor at discerning between scrolling and swiping. Scrolling through the list often results in items being swiped off the list. Needs an 'undo' action or ability to sort by items recently checked off so they can be put back.
2,2024-04-30 09:57:35,"The app works great, but there are too many trackers in the app. In addition to that the app takes a whopping 450mb of storage space! Why is a grocery list app so heavy? Makes no sense."
2,2024-04-29 23:08:37,"Decent app format , however, it constantly adds unwanted items by itself as I shop. Annoying and Frustrating"
2,2024-04-29 22:57:49,"Used to enjoy this cause I could organize my items but now every time I recheck something it puts it at the bottom, I specifically organize them in order of my grocery store so it's easier"
2,2024-04-28 12:07:08,Ads still appearing after paying gor lifetime use .. Annoying ads
2,2024-04-27 15:00:43,Loved this app and used it with my wife for a long time but it started to act funky and it's been adding food to our list. Things we would never add like pork chops. I usually pick up stuff after work and she would share the list. Now I have to question everything that's on the list.
2,2024-04-24 22:08:19,"I've been using Listonic for a couple of years now. I love the custom sort feature to organize groceries according to the aisles in my store. all of a sudden everything is out of order. the worst part is that putting them back in the correct order is extremely difficult, there is no easy way to re-sort them."
2,2024-04-23 14:36:35,I paid for lifetime yet they kept charging me the $1 every month as well. :/
2,2024-04-19 00:59:07,"I have enjoyed using this app since I downloaded it, until today. When I went to open it up, all my lists had been deleted."
2,2024-04-03 14:57:40,Not the best right app
2,2024-03-30 22:26:14,"It doesn't sync between users. We've been having to meet up and compare lists half-way through shopping. It doesn't update a check off at all. We've even went to use the store's WIFI thinking it was connection issues but it still will not update and sync lists. There's also the problem of having random, descriptive brands on the list that weren't added by the okayed users. We've opened our list once to an Illinois Lottery Ticket added to it..."
2,2024-03-24 21:16:26,I am going to uninstalll this app because it constantly adds items to my grocery list that I don't want. I delete the unwanted item and then it adds 2 more. Very aggravating. In
2,2024-03-24 10:52:22,Great app for collaborative shopping lists with others. Worked well in the beginning - loved the swipe to tick off & option to delete all purchased items (most other list apps overlook this UX). Reason for 2 stars... cannot use app anymore due to it deleting items BY ITSELF. This became EXTREMELY frustrating when I could no longer remember what I had initially added to the list... discovered this because I 100% knew I put things on the list that disappeared. Uninstalled & moved to the Bring! app
2,2024-03-20 02:24:47,سأغير التقييم من خمس نجوم إلى نجمتين . و السبب أني دفعت لإزالة الإعلانات و اخترت الدفع لمرة واحدة . والآن الإعلان تعود مجددا . هذا غش . على الرغم بأن التطبيق ممتاز جدا وأنصح باستخدامه لكثير من الأصدقاء
2,2024-03-19 11:21:20,"I really enjoyed using this grocery app initially but ever since they made multiple updates, the syncing between Android and iPhone users isn't working properly, which has been really frustrating. On a shared list, when someone else adds an item it seems to be unchecking all the purchased items. Support haven't been very helpful either even though I've raised this issue a couple of times."
2,2024-03-13 15:20:05,Works poorly when sharing a list. We overwrite each others changes and lose things we've added.
2,2024-03-12 02:25:00,Not much of a specific Icons available. Most of it automatically chosed as under OTHERS eventhough eg. LAUNDRY is a specific Category.
2,2024-03-11 18:14:43,Recently started using the App... Infact what I found while computing the total price of items app considering the Price per Unit not Total price... For example suppose I bought 0.5KG item whose price is 60 rupees per KG. So total for that item is 30 rupees but App considering it as 60 rupees.
2,2024-03-02 00:13:23,"Fabulous app! Edit: I used to love this app. It has recently stopped synching with my family. I bought the no-ad version and they didn't. I'm not sure if that's the issue, but I'm really bummed about it. Is there a fix for this?"
2,2024-02-14 21:24:34,Too many steps to add & delete items. I don't want see a list of items to choose from. I want the item to pop up as I type if it is in the app.
2,2024-02-13 22:35:21,"Love the app on my PC, and Android phone. Great syncing across the two devices. When I installed it on my phone, initially it was great. Now it has stopped syncing to my phone, and will not update the list on the phone. Any help available? UPDATE NOTE: requires me to log off and log in again on watch to update lists. Doesn't seem to be any other way to update"
2,2024-02-13 22:33:31,"This app used to sync well between my and my husband's phones, but now we're having constant problems with it. It's disappointing since we both paid to have the ads removed - were moving on to another app."
2,2024-02-04 22:57:11,The total is calculated incorrectly. If I put unit price £10/kg and I put 0.5 kg it will display £5 as total BUT the grand total will still add the 10 instead of 5. Please solve this!
2,2024-01-31 11:27:59,App is fine... Just kinda glitchy... Always telling me to get premium even tho I have premium...
2,2024-01-27 17:38:19,"Used this app to keep me and my husband on the same page while we divide and conquer shopping duties. Not helpful when this new bug came up today: advertised and TM products are being added to our list without either user permission, while we're apart no less, so hubby could easily think it's me adding things. They come in bulk, 9 all at the same time, bunch of Bubly's, 3 Orbitz gums, mountain dews, hallmark cards. Happened twice in 10min. Really strange and disconcerting, ethically questionable"
2,2024-01-27 02:12:58,"I actually love this app, but it's glitching daily and customer service doesn't seem to want to respond to my ticket. Seeing as I am a paid member, I do expect better support."
2,2024-01-25 12:12:38,"App has been useful for some time, but the new scheme of auto-adding promoted items that I have no interest in is distracting and counter productive to the app's purpose. These items are intrusive, and deleting them can cause me to forget what I wanted to add to my list in the first place."
2,2024-01-24 20:01:11,Adequate. I just needed an app for losting groceries
2,2024-01-21 21:38:53,"After more than 6 years of using this we finally had to stop using this because it is missing simple UNDO functionality. In the middle of shopping or when adding an item, if you touch the wrong part of the screen you mark the wrong item and have no way to Undo and get it back on the list when you have a big shopping list. We have forgotten to get too many items this way. We have switched to AnyList because it supports undo and way more functionality than this app."
2,2024-01-16 16:00:15,"Works fine, and synchronizes ok with other accounts, but it is a bit slow (laggy). Edit Jan.2024: very slow and resource hungry."
2,2024-01-14 14:28:28,Why does the order of my items constantly change??? Ugh
2,2024-01-13 22:31:32,"Despite paying for the app it constantly nags me to share my information with their partners. Now it is nagging me to ""renew"" my premium account so i wont have ads. It isnt a bad app, but im not going to pay a yearly fee for the priviledge."
2,2024-01-13 10:40:37,"Works well as a phone app but the reason I preferred it to others us because it has a WearOS watch app - which is terrible. The watch app works as a standalone. What it should do is sync your phone lists, but it doesn't. Dissapointing."
2,2024-01-09 13:31:57,"I am using Listonic also with multiply function (quantity x price). Since December there is a problem: quantity x price gives correct result, but if quantity starts with ""0,xxxx"" then total sums only price for 1 full item, not the result of multiplying. Example: 12 items x 7 currency = 84 0,45 x 12 = 5,4 correct total: 84 + 5,4 = 89,4 but Listonic calculates: 84 + 12 = 96, because there is 0,xxx. If quantity is more then 0: 126,567 or 38, 1 then Listonic calculates total sum correctly."
2,2024-01-08 00:42:59,Will not record items as I key them. Always forces lower case instead.
2,2024-01-07 14:34:08,"Have used this app for years and have been very happy with it for the most part. today when I opened the app to start my list, there was a huge ad in the middle of the page for a grocery store where I very seldom shop. It looks like the newspaper ad showing everything it has on sale. I don't mind ads in the app, I understand it. However, do not take up the whole page for a full page ad for the store. I'm looking for a new app."
2,2024-01-07 10:21:31,"love the UI really limited features. no meal planning, no inventory management, no recipe management. can literally do the same thing with Google keep. I don't know why this exists"
2,2024-01-07 00:26:52,Just went Advertisement Crazy. Uninstalled.
2,2024-01-05 20:01:17,I have had this app for a few years. It's always been very helpful until now. The Kroger add is so intrusive that I now need to look for a new grocery app.
2,2024-01-02 16:59:37,"It works, but sometimes doesn't update on my phone when a family member has added things to a list. I could live with that, but for a couple of reasons. 1) The ads are too easy to accidentally click and when I do, the item is immediately added to my list. Give me a prompt to accept or cancel. I put my phone in my pocket and didn't lock the screen. When I pulled it out, my list had five new items from ads. 2) It keeps bugging me to leave a review. I've left one now, so please stop bugging me."
2,2024-01-02 00:58:38,"Unistalled the app today. I get it, ads make the app free, and if you don't like ads, just buy ""our premium."" Banner ads are fine, but half screen flyers that interfer with the actual use of the app, no thank you"
2,2024-01-01 17:58:06,The last update liked this app for me. It's awful now.
2,2024-01-01 14:06:34,cumbersome to use
2,2023-12-31 16:46:04,Great app. But having paid the 9.49 so called lifetime premium already in may 2022. It is now in December 2023 asking me again to pay the 9.49 lifetime. Is lifetime in your world 1.5 years?
2,2023-12-31 15:02:35,I used to love this app but they've added so many ads that it makes it impossible to simply make a list without like an entire Fry's weekly ad popping up in my grocery list. Ads are always annoying but it is particularly frustrating in Listonic bc they will add things to your list that you didn't want. I just uninstalled the app and switched to Anylist.
2,2023-12-28 17:39:42,"Decent app, but frequently doesn't sync shared lists and with the December '23 update, there are adds IN the grocery list. Probably would've given 4-5 stars before this update. It's so blatant that it makes the app distracting and harder to use. Not worth the $0.99 /month to get rid of them. The worst thing for apps is when devs forget that their job is to provide users with a tool, rather than using them as a revenue stream. Definitely looking for other options unless they change back."
2,2023-12-27 14:07:36,Paid for the premium which is supposed to eliminate ads but every 4 - 5 months something goes wrong and the ads reappear. Support not always helpful.
2,2023-12-25 02:56:52,"For a while this was my favorite list app, but they keep increasing the number of ads, to the point where now ads take up more than half the screen, and there's branded suggestions when you're adding products to the list as well. I just need to make a list and keep it on my phone, and the ads have gotten so out of hand that they now impede that."
2,2023-12-24 12:51:55,"Your recent changes that allow ad's to take up most of display is crazy. You went from a five star to a two star app, and the two star rating was being generous"
2,2023-12-22 18:47:11,"Have used this app for years & loved, but so many glitches lately. If an item autopopulates as you type & you click the ""+"" to add, it appears to add but does not. Now I'm having the same problem when fully typing and manually adding. Big pain in the butt when you don't realize it's not working & you miss groceries because they never added to your list."
2,2023-12-22 13:34:42,"I was enjoying it until recently. I paid for no ads. All of a sudden, the ads are back. Don't understand why since I paid for a lifetime account. Thank you just did, and ads are gone."
2,2023-12-22 01:14:07,"Dec '23 update: I've had the paid premium account since I found the app, but I'm suddenly getting ads. I submitted a report/inquiry to the creators, but haven't heard back. To add insult to injury, the ads are for guns. Original review: Super easy to use, very intuitive, and it syncs better across multiple devices than any other app I've tried."
2,2023-12-21 18:07:28,"I thought if you purchased the app it was for a lifetime. I purchased it a year and a half, two years ago and it looks like I have to purchase it again? Come on that isn't right. Lifetime is what it says, not a couple of years or so"
2,2023-12-17 22:45:40,Rating 2 star for now I add a Xmas list that I am buying off of eBay and I add the price so I don't go over my $100 dollars budget but your app say the total price is 695 which is inaccurate total price I have use the good old fashioned way by using a regular calculator and the price sow lot less than the app shows.
2,2023-12-15 19:20:51,Lists do not survive device changes or major updates.
2,2023-12-14 17:02:02,"Odświeżanie listy współdzielonej nie działa poprawnie. Zazwyczaj lista ""odhaczona"" u jednego z użytkowników, u drugiego widnieje w całości łącznie z ""odklikanymi"" u drugiego użytkownika produktami. Odświeża się dopiero przy jednoczesnym otwarciu aplikacji u obu użytkowników."
2,2023-12-12 10:46:46,Loved this app until just a few weeks ago. It's recently started dropping items on lists and randomly adding multiple separate entries of the same item and then not syncing accurately across my devices. I've uninstalled and reinstalled but it keeps happening. What's going on???
2,2023-12-09 13:08:50,"Normally I love this app but now it won't let me copy items to another list. When I select which list to copy to, it just copies to whatever list it's already in. Makes this app useless to me"
2,2023-12-07 02:02:43,I have used thos app for years but ever since my wife upgraded her phone her shared lists dont populate. Very disappointing and makes the app a waiste of space
2,2023-12-01 23:31:35,Things appear on your list. A brand of beer was added. Fancy bottled water. A specific brand of mac-n-cheese. My husband has the paid version and this still happens. I realize they are replying to all these comments saying you must have clicked on an ad. But if he has the premium why would there be ads to accidentally click on?
2,2023-12-01 17:21:39,"Really useful app until recently, now I've uninstalled it as notifications magically turn themselves back on every time I close the app."
2,2023-11-18 00:28:09,"List not sharing between my people and I'm a ""premium user"" 🙄"
2,2023-11-17 03:36:29,"If they didn't charge you for EVERY SINGLE OPTION other than creating a shopping list, I guess maybe I'd give it 3+ stars but honestly I'm sure there are better apps out there. It's kind of all over the place"
2,2023-11-04 15:00:33,Extremely slow
2,2023-10-27 19:05:17,"App adds its own items to my shopping list!! Not cool, sneaky dishonest. The 1st day I thought it was a fluke, but it adds more everyday"
2,2023-10-23 17:07:34,For some reason this app was great but now it has done some strange things. Suggestions now come up in pretty much every language but English. Not sure what that is about but it is sufficiently distracting and difficult to use that I don't anymore.
2,2023-10-22 18:29:26,"It can be very helpful, but it can be very sneaky as well. On a recent grocery run I found several items that popped up on my list that I hadn't put on (specifically Halloween candy and Panera soup) I asked my wife later if she had put them on. She did not. It turned out the app itself ADDED THEM TO MY GROCERY LIST without my consent. Not cool at all. Since then I have turned off all permissions and data sharing. I suggest you do the same."
2,2023-10-15 08:57:00,As soon as I opened it and saw that there are ads and subscription fee I uninstalled it. This is ridiculous. There are hundreds of free apps here...
2,2023-10-13 22:32:27,"Used to love this app, but it no longer syncs for us in real time. I'll arrive home with the groceries and all of a sudden I get all the updates my wife had added while I was out. Found another app that works properly."
2,2023-10-06 18:44:06,"When I get a shared list, I can't open it because it says ""server error""!In the past, it worked."
2,2023-09-23 10:52:30,"If you want to invite ppl, you cannot manage easily. Even you cannot see each other lists, and on the top of this, the link you sent to your friend, point out another app...funny"
2,2023-09-20 23:04:11,"Very frustrating, keeps crossing off some of my entries (and I don't realize it til after I've gotten home from the store!). If I add something, the app crossing it off defeats the purpose of using the app! It also adds random things?? (Why was some brand of tequila added?! I don't even drink!!) Very strange app! Do not recommend"
2,2023-08-27 08:40:42,Unable to import items from other apps. Deleted.
2,2023-08-21 19:42:30,"Silently fails to sync the list with the people you've shared it with, causing tons of headaches when you return from the store and realize you were missing half the list. The worst part recently is that it adds random items to your list, I am assuming as a part of some ad deal, like Captain Morgan Spiced Rum. Been using the app for at least a year now, and the amount of issues we run into for sharing a simple list are excessive."
2,2023-08-16 01:24:55,"Listening worked fine until somehow the background data option turned on. Even a short shopping trip used 100MB of data out of a modest monthly plan. I have turned off the offending data operation, but will be checking usage within the app with the tempting option of stating our with a different app. Or a paper list"
2,2023-08-05 15:41:01,List won't syncronize with other users
2,2023-08-02 15:48:13,"Nice and simple app. But sync with another user doesn't always work. My wife updates the list on iphone, I go shopping and list on my Andriod syncs when I'm back (not always, but often)... Therefore it doesn't serve the main purpose."
2,2023-07-26 06:33:43,"Shared a list from my android phone with a friend who uses iOS. She couldn't open the link to view my list. In fact, the iOS version looks very poor."
2,2023-07-10 00:21:52,"It works fine, there are quirks that make it annoying. When you share a list by copying the link, it posts two paragraphs and two links, the first is your actual list and then the second is an ad for the app you're already using. Just delete the second half of that annoying prompt and it sends fine."
2,2023-07-09 19:57:43,Not intuitive at all
2,2023-07-08 22:46:29,Used to think this was great. Enjoyed the free version with ads but decided to upgrade to ad free. Then I got a newer phone and the ads are back. Have wrote 4 times to support and never got any response so I reckon it best to stick with the free version and deal with the ads because if you pay for it you don't get any help with issues. Here was my former review: Intuitive to use and easy to share with other users and stays in sync so multiple users can update in real time
2,2023-06-30 21:06:38,Previous one was better
2,2023-06-27 03:32:11,No where near as good as out of milk but its boy in Australia any more. Out of milk was brilliant and exactly what I needed to keep my shop organised. This app is a subpar version
2,2023-06-27 01:06:38,Only 1 currency.
2,2023-06-25 23:52:39,great until things moved to trash
2,2023-05-28 06:59:18,Poor design. Reducing font just changes the text size; doesn't decrease the padding around them. Need to to add visit to ortho at the end of every shopping list due to heavy scrolling.
2,2023-05-18 19:57:54,"We have used this for a long time. My wife and I share a shopping list so we don't know what the other has added until we do the shopping. I did the shopping today and there were McCain hashbrowns and McCain breakfast bowls. I didn't think she added them, not her thing but I tried to get ahold of her to check. Couldn't get ahold of her so I got them but now she says she didn't add them. When did this app start adding items to your lists. Not cool."
2,2023-05-16 15:56:34,"I used to love this app. The latest upgrade wiped out my existing lists that took me years to build. I used to be able to custom sort individual items. I had each item in my lists sorted by aisle in my local store. Now the developers took that feature away and decided I should sort items by their categories. Yeah, I can create my own categories, but too much trouble. The app pretty much sucks now!"
2,2023-04-17 09:02:14,This app was supposed to be helpful between my husband and I but it randomly adds items and randomly deletes items before he sees I put it there. It deleted ziti off my list so he didn't get it. Not the first instance this has happened. It also added specific scents of soft soap. We don't use that brand at all! Waste of $ when my hubby buys something neither of us put on the list but it's there anyway. I need a new list app.
2,2023-04-04 15:12:58,Otherwise a nice app but sharing hasn't worked well recently and it's one of the main selling points for us. The lists are out of sync constantly and refreshing doesn't solve it. After checking all items and emptying the list the other person still sees most items as checked and a couple of unchecked items. We are using the latest version of the app for OnePlus 6 and 8 Pro.
2,2023-03-12 00:37:37,It doesn't update to my shared lists anymore. It used to be great.... can't say the same anymore.
2,2023-03-09 02:08:20,Since you changed how to share grocery list with someone I can't. I've been using this app forever. Will be finding another app.
2,2023-03-05 06:19:31,"This is very convenient to share a shopping list with others, but it keeps adding products to the list that we are not typing in. I just opened the app to find 5 products named by brand added to the list. This is incredibly irritating. I'm ok with ads at the bottom of the screen, but altering my list is not ok. There was a period of time that ""Lambalicious"" kept appearing on the list no matter how many times we deleted it. It's not even a real product, which made it even more annoying."
2,2023-03-04 08:49:16,"Disappointed. Not possible or very unclear to change currency, size of package. Very inconvenient to use on markets and countries, where no dollars, gallons etc..."
2,2023-02-28 17:56:14,It was a very good app but the last days-weeks it does not keep my categories for the items I add. I change the categories to my own and it keeps change them back to the initial categories. I tried to uninstall and install again the app and to delete and add again the list but the problem remains. It's really annoying.
2,2023-02-24 13:37:32,"Somewhat dumb. The watch shows 4 items (added via old active watch), but the phone app shows 1 item. Also, nowhere on the watch 5 app can you add an item. I tapped everywhere... nothing opens. Dumb."
2,2023-02-18 12:25:53,"Just updated. I like the new UI amd dark mode. What I dislike is that you can't add a known item in smaller case letter, very annoying for me because I like my lists with the first letter in Uppercase. Also the check and unchecked prices bar should be pinned to the bottom of the screen like the old version bcus if u have a long list you have to scroll all the way to the bottom just to check the prices."
2,2023-02-10 19:48:02,"This app is great, BUT it doesn't work as a multi window app any more. It means I can no longer use the app at the same time as the shop's self scanning app. I've been using an older version of the app, and not updating, but this isn't going to work after 1st March. A real shame as it was incredibly good."
2,2023-02-10 19:12:21,100 MB size installer. Installed > 200 MB. Really? What did you bundled?
2,2023-02-07 18:25:35,"Why are items that I add to my list suddenly disappearing? It's happened multiple times over the past 2 weeks! So frustrating when I get home from shopping and realize I didn't get items that I know were on the list before, but not there while I was at the store."
2,2023-01-29 12:51:27,"It could be a good app but there is no way to change currency or add kilo (kg) & grams (g) to the default settings. I also find that it's too many clicks to add the amount, first you add the grocery then you have to edit it, should ideally be part of the same so I find a product and select it then get to input amount right away. As it is now it goes fast for me to just type it up in one note. Price is also not justified for what it is right now."
2,2023-01-24 13:34:36,"Recently added items to list keep disappearing. After a few seconds of selecting something to add to the list, it disappears and I can't remember what it was so have trouble readding it! But only happens to certain items..."
2,2023-01-19 19:50:17,"Very elementary, not very flexible with item selection , and somewhat confusing"
2,2023-01-14 16:35:48,This app was useful up until they removed the feature to search the catalog to add items to your list. Now to can only type in items to add. The catalog was useful for things I might've overlooked that I needed. Bring that feature back and it will be a 5-star app again.
2,2023-01-11 22:54:29,"Unfortunately, the list sharing option doesn't work. I contacted support and they told me the issue has been fixed but still, the invitee can not see the list. I think this is a core feature of the app, thus rating it with 2 stars."
2,2023-01-11 05:41:02,"It's simple and good, but have problem sometimes sync between the watch and the phone app so you need to log out in and log in in the watch app to sync it. Anyway also translated really good to Hebrew"
2,2022-12-29 17:03:00,"One thing I don't get about this app. Other apps allow you to have a ""favorites list"" of all possible groceries to buy, so that it allows you to THEN add them to a current list of what you need to buy that week. This app leaves you with one huge list that you have to scroll through and figure out when you go shopping. You can't actually have a master list, so when you know ""I have to pick up lettuce this week"", you can simply add it from a premade list with the price already entered."
2,2022-12-26 19:50:00,"Might work or not, doesn't matter. It doesn't have metric units and is thereby useless."
2,2022-12-23 18:10:20,"Great app, but lately when I add items to my list, they will sometimes not show up on the list unless I back out of the app, close it, and open it again. This has caused me to make multiple trips to the store wasting my time. Using Samsung Galaxy S20 FE 5G."
2,2022-12-04 01:22:41,"Can't believe still get ads sometimes when I connect to the internet. I've contributed with the lifetime payment, but the ads are still there sometimes. Please review the way you validate accounts. It's not working the way it is."
2,2022-12-02 14:55:04,"App now only shows recent and popular items. Items I have not bought in a while are not available for selecting (like paper towels, certain cleaning supplies, etc. I'll probably be looking for another app instead"
2,2022-11-27 23:12:10,"Not syncing anymore! I've used this app for years and shared my lists with my husband and daughter so we can all add the the list. Lately, it's not syncing when we delete and add items from and to the list. It's very frustrating! Also, it sometimes adds items we've never purchased to our list."
2,2022-11-27 11:42:52,Good app. Sync with server (or between phone and watch) very unclear. Several times watch's list was unsynced after even 3 hours. After several month of using problem of lists sync between phone and watch still exists. I never can be sure that I have actual shopping list in my watch even after 1 hour after I'd edited list on phone.
2,2022-11-17 21:10:46,Been using this for a while and it worked great but it has been slowly going down hill. Lately list items sometimes don't check off which was annoying but not detrimental. Also just in the last week the add button has started hiding behind the add making the app unusable.
2,2022-11-17 18:48:36,"Ads always cover the ""add"" button. Very frustrating"
2,2022-11-14 20:27:50,No search nor undo options!!
2,2022-11-11 00:02:23,"Last update messed something up. I add things to the list, they are on the list and then I go to the store and find those things are no longer on the list. Other times, I check off items and then they reappear on the main list next time I open the app. It's unusable since the last update in OCT"
2,2022-11-06 09:30:13,A recurring bug stops me checking items off the list until a restart the app. Happens every minute or so of use.
2,2022-11-05 13:10:30,"Nice interface, unfortunately it keeps sending push notifications that are pointless all the time, reminding you to create new lists. No way to turn it off."
2,2022-11-05 09:16:23,"I've decide to now quit this app. I liked it once but it has become impossible to use after some of the more recent updates. Sometimes it does not tick off items, sometimes it does not add items. It's become quite annoying, I don't want to double check whether something was added to my list.. These are newly introduced problems however.."
2,2022-11-03 17:05:09,Listonic is adding and taking stuff off the list randomly.
2,2022-10-28 18:15:30,Very primitive compare to really great grocery app like Grocery King List.
2,2022-10-28 16:11:21,Difficult to edit and delete .
2,2022-10-25 16:13:45,"Used to love this and depended on it for my caterings. Now it sucks. It doesn't check off items. It's like it just stops after a few clicks. This makes me just waste time going back to it until it works again. I complained, but no improvement so far. I'm searching for a replacement."
2,2022-10-25 00:47:07,"Works great on the phone, but the Watch app is broken."
2,2022-10-23 10:48:40,"It's less responsive lately. I klick and klick, and I can't remove an item from my list...."
2,2022-10-20 22:21:42,Sync issues
2,2022-10-15 00:23:12,"I absolutely loved this app... until a few months ago. There was an update, and all of my lists disappeared. It took months to create my lists. They were all meticulously created for every store I shopped in. It made it very easy to comparison shop, and create shopping lists on a budget. I have been so frustrated having lost my lists that I am looking for another way to do the same thing."
2,2022-10-14 21:10:12,"It was great, a recent update means after about 15 items it freezes and I have to restart the app to allow me to tick things off again."
2,2022-10-14 08:11:41,For more than 2 months I have problem with this app as I can't share a list with others.
2,2022-10-10 16:51:11,Slow and buggy. Custom category order gets scrambled no matter what I do. Makes the app difficult and unreliable. Checking unchecking takes a long pause after the UI update
2,2022-10-08 18:36:23,"The new way of adding is annoying. If I want to add I want to type immediately. Now I have to press add twice, as most of the times the item is not on the first add press"
2,2022-10-05 20:54:43,"When I speak into the microphone to add an item to my shopping list, it doesn't appear on there list. It makes composing a shopping list very tedious. I will change my review if the problem is resolved."
2,2022-10-03 20:52:26,"Got this because I'm not the best at memorizing prices and therefore not the greatest at budgeting But there is no way to save prices or item brands (that I can tell) which means this app is useless to me. I did like you can have multiple lists and how it had the checked and unchecked totals, but this app is lacking"
2,2022-09-30 13:17:35,It lags
2,2022-09-29 22:53:58,All of a sudden I'm pressing to add items and it won't do it. I'm looking for something else.
2,2022-09-22 14:41:58,"Just new to this so I am learning how to use it but so far it's good for me. While shopping the items wouldn't check off. And items kept getting on my list that I didn't add, because the items pop up on bottom of the list as you scroll through you accidentally hit those items not knowing until you look over your list. It was not cool. Will not be using this app again."
2,2022-09-17 17:20:54,"Sometimes cannot select items, and a recent upgrade added unnecessary animations that slow down selecting items"
2,2022-09-15 17:08:11,the ads not good
2,2022-09-09 22:37:12,"Abbbbbbbbbbsolutely **ridiculous** that they won't let you alphabetize your lists. Apparently, for some unknown reason, they want your experience of looking for a specific list to be as lonnnnnnnng as possible, and therefore increddddddibly frustrating."
2,2022-09-06 01:06:20,"I'm not happy with how the app keeps ""forgetting"" my data privacy settings, turns the sale of my data back on without my permission, and then prompts me to either agree or have to manually turn everything back off. The privacy toggle also has 3 setting options - red, gray, and green. I assume red means ""don't sell my data"" and green means ""yes please sell my data to our overlords"". But no idea what gray means and there's nothing in the app to explain how it works."
2,2022-08-31 15:37:39,Easy to use .Following the last update it no longer works as it used to. Prefer previous version
2,2022-08-23 19:09:05,"Keeps adding brand name items to my shopping list. First time Iwas fooled as it gave me some sort of brand name pierogi that I was supposed to get at Costco while I was shopping. I bought the thing then found out from my wife that she never put this on her list. Now each time I go to the grocery store, I find at least one item added to my list that we didn't put there. Not sure if Listonic has some sort of advertising arrangement with these companies. Other than that, I like this app."
2,2022-08-20 12:40:44,"We've been relying on this app for years and it's been a lifesaver for our family. However, it's recently become unreliable and more problematic. This biggest issue is that it's not reliable updating across different devices. This caused serious issues when we used it for our camping list. We ended up without several important items while in the woods. Not okay! We're going to explore other shared list apps because of these experiences."
2,2022-08-14 20:49:22,Doesn't give an option for taxes
2,2022-08-08 10:41:32,"Since the ""update "" items in my shopping lists keep duplicating."
2,2022-08-08 06:51:49,Too many ads
2,2022-08-04 11:51:06,It's just a currency indicator Michael... How hard could it be? 10 Difficulties?
2,2022-08-03 19:13:08,Used to the old one don't like it.
2,2022-07-29 17:38:23,"I thought this app was awesome so I paid over $9 when it went on sale to get rid of the ads. Now it asks for permission to scan my device, access precise geolocation, and serve me personalized ads. WITAF? What did I pay to remove ads for? They did have very responsive customer service so I bumped them up from 1 to 2 stars. Definitely not worth the money paid to remove the ads. That's just a con to get at your private information. Which you can decline to be fair. But still...smdh"
2,2022-07-26 14:00:07,Good work flow. Text size is much too big for my large S22ultra screen. No way to adjust UI scaling - which forces me to scroll much too much. Can't view many entries at once. Very expensive.
2,2022-07-22 02:08:23,"Used it all the time, but last update was a solution in search of a problem. Now unusable. Uninstalling."
2,2022-07-14 04:05:50,I dun like the new version. I no longer hv the vertical version for my tablet. Very inconvenient to key in n view list in horizontal view.
2,2022-07-13 15:20:33,Prices disappeared and won't stay locked in
2,2022-07-13 14:10:28,"Generic, but utilitarian shopping list app. EDIT 13Jul22: 931 Marketing and Advertising partners? Nope, nope, nope. (I blocked them all). TWO stars."
2,2022-07-13 06:18:32,"The latest update ruined everything. The interface is less clear, the ""add"" button disappears regularly"
2,2022-07-08 15:47:38,No longer available on Galaxy Watch 4
2,2022-07-08 09:13:52,"Love the app. Don't like the black or white front page. Some of the things I used to be able to do, can't now. 😔 not happy jan"
2,2022-07-07 12:37:15,After uninstall it my phone works great
2,2022-07-07 08:31:08,"Kesäkuun päivitys tuhosi käytettävyyden! Kaikki vuosien aikana näpytellyt hinnat katosivat ja nyt oletuksena on dollari (käyttis on US-astuksissa), eikä sitä voi vaihtaa. Ostettujen tuotteiden poisto listalta on nyt hankalampaa ja kokonaisuus toimii hitaammin. Ei todellakaan näin pitäisi 'kehitystä' tehdä."
2,2022-07-04 01:42:15,Too many suggestions and not user friendly. App update without notice.
2,2022-07-01 21:46:04,"This app, designed for shopping, is a great app for multiple lists. I've used it for years to contain lists for packing, shopping, movies, books, etc. It updated this week and all my data from the past year or two are gone, and I'm left with zero record of all the things I've recorded since then. Using it for years, there was a lot of information I've lost access to. I cannot find a phone number to call to get help. I would like help getting my data back! Please please please. It's vital."
3,2026-09-28 16:47:19,"My app has not been updating me with items my husband adds. I can open. the list hours after he adds items and they do not show up. If he tells me he has added items, I have him re-open HIS app again and then finally the items will populate on my app. So annoying! Many items have been missed due to this glitch!"
3,2026-09-28 15:08:51,"Pretty good UI and includes many useful features. Unfortunately, the app has become horribly bloated with AI, and relentless ads lag the app quite badly. This app used to be pretty good but unfortunately I can no longer recommend it."
3,2026-09-27 08:03:59,"I quite like the app, and I would give it 5 stars -- but there is 1 thing that I kind of hate about it: the sorting options. I would like it to be `custom` but also chronological. When I set it to custom, the things get added alphabetically. All I want is to see the thing I added at the top of the list!"
3,2026-09-26 15:08:57,showing products not in a list form but with blocks and photos would be great
3,2026-09-12 14:46:34,"I'm sure it's a good free app if you're using it on your own, but I got it so that my girlfriend and I could share a list and you have to pay to access that feature </3"
3,2026-08-17 12:25:21,"I have used this app for years. Very sad to see it taking the enshittification route, like everything else. Ads now take up a significant portion of the screen, and the clean interface is disappearing in favor of a cluttered interface which collapses your lists. I guess I should be grateful it was a good product for as long as it was. Why does everything suck now?"
3,2026-08-08 01:40:00,"I have appreciated this app for years, using it simply, with different lists for different stores. After toggling off 'legitimate interest' consent from a LONG list of vendors (no 'reject all' option), confirming choices and exiting, upon returning to the setting they do not remain toggled off!! This is surely unlawful?! As a result of privacy choices not being respected, I shall be changing apps. Also I find it frustrating that different lists will not stay in order they are dragged n dropped."
3,2026-08-03 08:48:40,"Makes it hard to reject tracking cookies. No button to reject all, have to do individually so deleted the app. Before this, it worked fine but I want to be in control to who I share my data with, not you."
3,2026-07-28 18:55:16,I don't want to earn rewards and points. I just want to keep my life organised 😅
3,2026-07-27 15:46:26,"Pro: A simple, useful list. Cloud stored, family-accessible. Multilingual. Con: Not linkable to recipes or inventory. Items cannot be grouped more than by category."
3,2026-07-26 18:17:20,"Full screen ads that you can't close. I have used this app for years and was happy with it. Recently however they have added all kind of junk on the first screen that is irrelevant to me. I also do not really need some of the core features. Worse, ads have appeared, many, full screen, and I couldn't find a way of closing them. Uninstalled and replaced with Google Keep."
3,2026-07-24 14:32:23,I don't need access to so many products. just what I've ordered in the past
3,2026-07-24 04:57:10,Love it but the ads are awful. Let me buy a lifetime subscription! I can't justify another subscription.
3,2026-07-15 07:00:32,"I'm a long-term user of this app, what is driving me mad lately is how it keeps recategorising my items. E.g. I live in Scotland, here chips means fries, and will be in the frozen aisle. I'm fine with the app initially thinking chips means crisps and categorising them as snacks, but when I change the category it should remember that. Instead, it always puts them down as snacks and I have to change it myself."
3,2026-07-11 17:21:20,darn ads and stupid animations when ticking items
3,2026-06-29 16:54:26,Seems good but I don't see any of my custom entered recent purchased items which is what I need.
3,2026-06-18 16:42:53,"loved it before they jammed in an un-removeable AI assistant. All I want is a shopping list. I don't need it to suggest vegetarian recipes to me. It still works, it's just a little more annoying now."
3,2026-06-03 04:24:30,Factory reset my phone recently and learned the hard way that lists are not saved to accounts.
3,2026-05-31 18:49:49,decent app but spams with ads and is sketchy about opting out of data selling
3,2026-05-18 09:17:58,"Good for shopping lists but the badly timed pop up ads are a pain. Just be aware that when you close the app after checking that you've got everything on your list, the ads take over just as you are stood at the checkout ready to pay by phone."
3,2026-05-09 14:58:28,it works overall it's okay but it has tons of ads and a freaking AI feature!! why does a shopping list app need and ai assistant??? GENUINELY? I KNOW WHAT I WANT TO BUY THATS WHY IM MAKING A LIST!
3,2026-05-08 12:18:37,muita propaganda
3,2026-04-30 17:21:28,"I've been using this app for over 6 years now. I'll leave my original review below. I don't really like this app anymore. I haven't wanted or needed any of the new features. every time it updates it asks me to confirm again that I don't want my information shared with its advertising partners, which is frustrating. the AI features are gross. I'm looking for alternatives. --- circa 2020: It's very easy and intuitive to use, and it has a good number of prebuilt items and categories."
3,2026-04-27 07:48:50,When I switched to a new phone and logged in none of my lists were transferred over. Very strange.
3,2026-04-11 16:31:04,"The app is ok, but there is no apparent way to turn off the app suggesting and ADDING items to our lists. I absolutely do NOT want this to occur. I will delete the app if it continues."
3,2026-04-06 20:19:30,"Very useful to use for grocery shopping when two of us use the same list and it updates in real time. Update Apr 2026: I rated this at 5 stars, but now it keeps suggesting I use AI to help make lists. I don't want 'help' or recipe suggestions based on my list. I just want a list. There should be a way to switch the suggestions off."
3,2026-04-06 07:18:15,"I've used Listonc for years. I really do like it. Super solid app. Too many partners, though, means selling my data, and that's NO Bueno."
3,2026-03-25 10:43:22,"Extremely disappointed in the recent addition of unnecessary and uncalled for AI features in this app that I've been using for so long and have paid for. I don't need these features and we certainly don't need them to be on by default or to have to go into every list to turn off suggestions, with no way to turn off the assistant which is now taking up room on the bottom menu. I would rate it even lower but I have loved the app up until this point and it's insanely useful."
3,2026-03-21 18:19:54,"The developers don't seem to understand that most users just want a simple list app. they keep adding more features that no one wants. I don't want an entire section for ""food facts,"" I don't want your ""reward points."" God knows I never, ever, ever, EVER want you AI grocery list writing AI chat bot assistant that I cant turn off! I just want a quick and simple app to write down my shopping items so I don't forget deodorant. This app is getting too bloated with idiotic, unnecessary features."
3,2026-03-13 00:49:54,"So far so good! My husband and I both installed this app because you can share lists. Both members can add and remove items. It remembers what you entered and keeps those items at the top. And it does not let the phone go to sleep, so you're not forever unlocking your phone while shopping. Update: They have now added AI, and it's becoming unusable. It finishes words without input and is constantly in the way. We may be searching for a new app unless there is a way to turn off the AI."
3,2026-03-06 10:39:49,"This is a great shopping app, but loses 2 stars for buying into AI. It's totally unnecessary and really environmentally unfriendly. Have used this app for years so im quite disappointed."
3,2026-03-04 16:12:29,Great job at managing lists. Ads that won't quit and forcefully open play store make it a 3 star.
3,2026-03-04 10:43:04,"Great app is full for creating items from food items thru to parts list for vehicles etc. 2026- Now I get annoying ads. when I first downloaded this app there were no annoying ads now they pop up all the time, to the extent that I don't always use the app when doing the groceries."
3,2026-02-27 23:24:02,"don't like the ai header on page. if I want ai, I will seek it, not when I making lists or shopping. give option to remove from header."
3,2026-02-02 00:17:44,"The 4x3 widget shows error ""can't show content"". I have tried all methods to resolve the issue including clearing cache, unrestricting battery optimization, etc but to no avail. I even uninstalled the app. please find a fix. thank you"
3,2026-01-27 07:59:32,"Good app, few rough corners. Two things irk me: shared list editing is such a crucial feature, that until notifications for editing them is added, I won't be paying. The developers must know this, because there's even a switch in app to enable this feature, but with a [soon] tag indicating it's not available just yet. Second, the search in list function is hidden behind a menu button, which requires an additional tap, this should be streamlined. If these were fixed, it would be 5 stars."
3,2026-01-18 15:43:36,unable to install.
3,2025-12-18 20:54:45,"I had decided to try this app and it looked promising. But when an ad automatically add items I'm not interested it. NOOOO. Sorry guys whether you get paid for ads or not, forcing it on customers is not good"
3,2025-12-15 15:36:27,why does the app automatically go to the bottom of the list when i open my lists?
3,2025-12-12 12:32:40,"One of the best Apps. I have ever seen and had. And I have had some!. Please get this App. You won't be sorry.😘😀 This App let's you know who has the best prices. I am so happy to have this opportunity to have this App. I know how much I am going to spend before I get there. I thank God for this APP. 🤟🥰 it save me time and money. And Organizations with peace and comfort. one more thing, Please not so many ADDS. Thanks Be Bless, Enjoy your day..."
3,2025-12-07 16:18:39,okay app but it takes too much time to generate a list. The ability to import a list is a critical missing feature
3,2025-11-22 08:25:50,The app uses exotic units like oz and lb. One has to input standard units manually. Sometimes it shows ads even for premium users. This should not happen. Otherwise it is easy to use. Removing 1 star for bugging me with consents to 52 partners.
3,2025-11-16 03:12:04,great
3,2025-11-01 16:26:36,The functionality of the app is great which is why I bought it. unfortunately in a real life test shopping groceries it failed because the font size even at the largest setting is too small to read when the phone sits in the shopping cart. Please consider offering larger font sizes. I am a paying user as with ads the app is not usable.
3,2025-09-26 22:18:08,I love it except the ad that COVERS half of the screen.
3,2025-09-23 17:34:24,whateve
3,2025-09-14 17:33:57,"I've used this app for ages, since it has the best list interface of any of these apps and is easy to use. Plus, love being able to track prices of what I'm buying - helps keep me in budget. On that, it's a 5 star app. Except the ads have gotten so obtrustive that it's actually made it hard to use. And the privacy settings? Insanely bad by default unless you turn everything off. I'm not going to pay for ad free - tired of constantly having to do that just for something to be functional."
3,2025-09-14 16:39:03,"enable the notifications for when items are checked or deleted already. says it's coming ""soon"". Don't know how long it's been like that, but come on, can't be that difficult..."
3,2025-08-26 14:51:28,I am still waiting for someone to reply to my comments through Help & Feedback as to how to number items and to other comments that I made. This is the reason why I prefer to write things here and not through private chats or emails that will get ignored.
3,2025-08-25 17:58:36,"UPDATE After using this app for a long time, paying to stop ads, I'm going to try to find a new one. We leave is app open while shopping and items mysteriously disappear from the list or get added to the list. Very frustrating to realize something is missing after we get home. We live rural so not so easy to just go back. This app has helped my family stay organized. Because each of us can add items to the list, everything is available in one place regardless of who is shopping."
3,2025-08-17 17:20:37,lots of ads
3,2025-08-17 02:11:48,Good
3,2025-08-14 04:10:32,I've been using Listonic for years now but the large ads are getting out of control and make navigation almost impossible. Fix this.
3,2025-08-11 01:14:27,app was better before updates. not sure about it going forward
3,2025-07-13 09:32:03,"Fantastic app! I've used it daily for a few years & am able to share lists with my husband. Highly recommended! ➡️ 13 July 2025 Updated Review: After your recent update, I'm now getting full page Temu adverts that cover the entire screen. My personal data is not for sale to this aggressive Chinese shopping portal or any other advertising company for a shopping list. After many years of using your excellent app, I will be returning to using a pen & paper for making a shopping list."
3,2025-07-04 07:44:28,"Works well, syncs lists of multiple users. Very convenient. Had a problem of items appearing/ disappearing on the list while scrolling. Inaccurate up or down swipes can be taken as side swipes for adding or removing items. Sideswipe function can be disabled in settings. Problem solved. Ads are a bit, pop ups very annoying. Would buy a subscription, but a serious company would be transparent about their price. 25% off and 1st month free of renewing subscription while hiding the price. Shady"
3,2025-06-29 21:20:49,"This app has always been my go to. Even when they said there's a one time fee to buy it. I paid it, and kept using it. Now they continue to nag to send personal info to 3rd parties, and that I need to pay again for premium. Unfortunately I'm moving to Google Keep notes. Gonna keep losing users with tricky pay schemes and trying to trick us to approve giving our personal info to 3rd parties. Sorry gonna have to uninstall... 6-29-25 trying it again, will re-rate in a few weeks"
3,2025-06-28 09:50:46,"zu viel Werbung, sonst gut"
3,2025-06-22 17:46:54,wish there was a way to make subcategories within the list
3,2025-06-16 15:28:37,problem when installing on new Samsung 25 S Ultra. My account doesn't show up.
3,2025-06-15 07:00:09,"The input field used when searching/writing items to a list freezes and seems blocked. it helps to go back and try again, but this is a bug you need to fix"
3,2025-06-10 00:28:49,if not the ads with new upgrades it would be great app
3,2025-05-24 13:42:28,Good app but have to pay to remove adds
3,2025-05-20 05:46:25,Lol huge AD Right when you launch. keep looking there's some free ones without ads
3,2025-05-16 15:03:32,Thus far it's been a good experience. Doing exactly what it needs to do.
3,2025-05-13 16:08:33,I have the purchased one. On my Android phone I cannot sort by dragging the items like I can on my iPad with yes the unpaid version. the sucks because I sort things by isle number to make it easier to shop. If I add a item while using my Android phone it just placed it at the bottom. I put the isle number in the notes Field. I do have the custom sort checked and it still will not let me drag to sort on my Android phone.
3,2025-05-08 21:17:22,great app but there is no way I am going to pay $40 for an app!
3,2025-04-09 06:16:32,"real like the app and bought the premium version to support the developers and stop seeing adds but when I try to do the same on my wife account it has a price 3 times more expensive. (payed 6.99 with 33% off and on her account it's 22.99 with the same 33% off). edit: we're on the same phone, same operating system, same country and same 33% discount, doesn't make sense."
3,2025-04-04 16:11:49,free version is full of ads which makes it unusable. dont know about paid version.
3,2025-03-31 21:25:56,most time pretty good sometimes adds things from our regulars list or subtracts. most of all it's ok
3,2025-03-29 10:54:10,"już kilka razy udostępniona lista przestawała się zsynchronizować na telefonie żony przez co musieliśmy ją resetować i straciliśmy wpisane elementy,"
3,2025-03-19 11:09:13,"I liked the older version better before the update, when it showed your recent list. please bring that feature back. Thanks"
3,2025-03-01 17:57:40,"1. I added notes to grocery items, like ""buy organic"" or ""conventional ok"", to guide purchases, but the notes have disappeared and now I have to re-do the research. So the app effectively wasted my time. 2. When I tried to look for help, through browser and app, searching yields a blank page. I think I should've just kept my list in software that is stable. Really set me back. May just switch to a to do list. I'm a lifetime premium user, so this is as good as the app gets."
3,2025-02-23 12:44:42,So-so
3,2025-02-17 18:16:16,I switched to this app because my favorite app started malfunctioning this weekend. I was surprised that changing the currency was a premium feature. I also wish this app would allow the input of sales tax as my favorite did.
3,2025-02-17 12:55:18,"This app is simple and useful, and has helped me keep up on maintaining an active and updated shopping and chore list. It offers a lot of extra services that I don't need, however, and while the ads aren't too problematic they do make the app glitch and lag. It also really needs an undo button; it's extremely easy to accidentally completely delete items from your list while just scrolling due to the lag created by loading ads, which defeats the purpose of having a list of reminders."
3,2025-02-14 14:34:47,"Just tries too hard to be all things for all people, at the cost of usability. I am comparing to the (discontinued) BuyMeaPie app, which was simple, but just.....worked. Instead of opening to the current shopping list, it opens to the home page (even if set otherwise). Aesthetics are prioritised over compactness. Superfluous push notifications (eg ""Get inspired!""). Attempting to be a food encyclopaedia. It is pretty. But sometimes fast and functional is just better."
3,2025-02-12 18:18:24,6.99 yr; ads aren on page and also include videos you have to watch before skipping...annoying
3,2025-02-09 04:50:55,"Basic and functional. I don't need lots of extra additional features, just a list app!"
3,2025-02-08 01:19:52,"The App works well and has made our household shopping experience easier. However it is always trying to restrict access to purchase a premium version which as best I can tell has no additional functionality, it just removes ads. I have also gotten frequent requests to review the app which are annoying, but I guess I'll happily oblige them"
3,2025-02-07 06:14:07,"Was fantastic until latest update. I'm no longer able to scroll down during screenshots because of the new search bar on top and if I manually scroll down, the title of the list disappears and only the search bar remains at the top. Will need to look for a new app that allows static view of the title and scrolling screenshots."
3,2025-02-06 23:44:23,"I really wanted to like this app. There are things I like, such as easy of adding multiple amounts of one item, and being able to arrange the categories. However, I can't see the categories really well, they are only icons. Also I can only see price or category, not both at the same time. What finally did me in was that I would put a product in a category, then shop, on my next shopping trip the new category didn't save. So I'd spend 15 minutes putting products by back into the category I need."
3,2025-01-25 23:32:40,Useful when it works but it is often unreliable with a shared list with added list items not being shared resulting in missed groceries. I would recommend this app if you're not sharing lists with other users.
3,2025-01-22 17:10:03,The app no longer remembers custom categories for products. If I change the icon of a product to one on the 'my categories' tab the next time I add the product to a list it has reverted back to the original category. Used to work ok.
3,2025-01-19 03:52:17,"You do not have enough pre-loaded suggestions and some of them I'm allergic and I saw no way to make a substitute, except the microphone. However, I have no teeth and the microphone doesn't understand me that well. I had high hopes when I saw the suggestions to click and now feel saddened. I won't be using the app, sorry."
3,2025-01-18 07:55:03,Good 👍
3,2025-01-09 14:34:02,Haven't really tried it yet so I just gave it dead average
3,2025-01-09 00:22:08,"the app seems great, unfortunately, the only currency available to use without paying premium is USD."
3,2025-01-04 23:10:03,"Good but items are no longer sorted. The app worked for a couple of years, but just recently quit sorting the items."
3,2024-12-28 19:12:17,I paid for premium and now I can't even use the stupid premium service.
3,2024-12-22 18:47:51,"Used to be a great app, but this latest December 2024 update has made it too intrusive or way of switching between lists with closing and relaunching the app."
3,2024-12-22 03:19:03,"Can't find a way to add it to my home screen, help!"
3,2024-12-18 21:26:16,confusing 😕
3,2024-12-10 08:08:04,Seems easy. Alot of Ads
3,2024-12-06 10:09:18,Good app! EXCEPT I paid extra for no advertising and am always interrupted with an abundance of ads that cover content that I am using.
3,2024-11-20 07:40:05,التطبيق جميل ومفيد أنصح بتحميله
3,2024-11-08 15:59:11,A good app
3,2024-11-03 04:25:00,Better than out of milk in that multiple user's lists automatically sync. Ability to move lists up and down in the list of lists would be a great improvement worth paying for.
3,2024-10-23 09:18:34,It's a good app to make a quick list before I visit the store.
3,2024-10-23 05:15:01,Now I have to pay to use my local currency? Bye!
3,2024-10-01 16:56:47,"Ads like cockroaches all over the app, diminishing usable screen space."
3,2024-09-22 09:16:06,Simple. Could be improved
3,2024-09-13 04:52:24,Good for personal lists but doesn't always update when sharing with someone
3,2024-09-08 15:15:35,It worked well when we installed some years ago but now it does not sync between me and my wife so we will look for another
3,2024-09-06 12:58:37,Lot's of ads. Somewhat clumbsy interface.
3,2024-08-25 16:17:28,"The lists work great and are easy to follow/mark. However, the ads and popups are annoying. Don't click the magic bunny--you'll end up unable to get back to lists without closing out and reopening the app."
3,2024-08-16 10:28:33,"It's a good app but the paid version should allow the user to delete and modify categories and not force users to only use the predefined ones. Also the ""my categories"" categories that can be created by the user do not always work on products. Although you choose your category for a product from the ""my category list"", the product does not change category. I think developers need to address these issues"
3,2024-08-09 18:46:37,"This was my favourite shopping list app. It had everything, an intuitive & great UI, and importantly, it was one of the few shopping list apps that also had a wear os companion. But now it's not available for wear os 5, and according to customer service, they are ending support for wear os, luckily I forgot about an app I had bought a few years ago and they have a very good working wear os app. Although their phone app doesn't look quite as good as listonic, it has a few additional features."
3,2024-08-01 18:28:59,I use this occasionally.
3,2024-07-28 15:40:08,"Not the best, but not the worst I've ever used. I found the one I used to use that was much easier and put the items together in the list, like dairy products all together. This app doesn't do that. Makes it much more difficult to do my shopping."
3,2024-07-13 19:30:08,De vez en cuando tiene problemas de sincronización.
3,2024-07-09 18:00:07,"Grabbed this one to replace Google keep, which was not functioning/syncing properly. This app does exactly what it's meant for! Been using it for years. The only problem is that whenever I change the category for a list item, the app changes it back after a bit of time. 2024 update: core functionality of app still works well, even though it still has the occasional category-forgetting issue. However now it uses so much data (I assume to serve ads) that I'm looking for a new grocery list app.."
3,2024-06-28 17:37:01,"Some recent update messed up scrolling, which now triggers horizontal actions when not swiping exactly vertically in the shopping list"
3,2024-06-23 18:52:42,"The recent updates have NOT been an improvement. I loved this app, but now items get accidentally deleted very easily. Also, they now add items to your grocery list that you don't want. Just a marketing ploy."
3,2024-06-23 17:09:43,"Pretty good app, I have used it for a year now. But it can be slow on my OnePlus phone when interacting with it, e.g. when I check an item it takes a long time to register. Additionally, when I drag lists to reorder them there is a lot of list teleportation."
3,2024-06-22 12:15:10,"Does the job but it's unreliable. If two people are adding items to a list at the same time, the list ends up incomplete. The UI is so laggy I end up hitting the wrong item regularly. Interestingly, if my phone goes on airplane mode and the ads stop, the UI becomes responsive."
3,2024-06-17 00:58:47,"App was working well for about a year, with about 8 different lists created for different types of shopping. Today it kept shutting down after about 20 seconds of being opened. Looked at it on the app store and saw there was an update available. Decided to update it to fix the bug. Found that all 8 lists are gone. Have to start all over again."
3,2024-06-13 01:13:57,I like this app but it's rather sensitive and a lil hard to maintain the things you add on the list
3,2024-06-09 18:48:13,"Update, Wear OS companion app broken... again after an update. I would give 5 stars if fixed. Before that it was as follows: EN: After recent update it's a blast. Fast and ergonomic. Will definitely buy a pro version. PL: Po ostatniej aktualizacji jest bomba. Szybka i ergonomiczna. Definitywnie kupię pro."
3,2024-06-05 12:27:07,I love this app and have used it for years but recently it keeps adding things to the list I don't want. I start typing milk and it pops up at the bottom so I click milk to add it but the app also add mi to the list as well. Why is it adding what I type? Please fix it! (Update: then said it was fixed but it is not!)
3,2024-06-01 10:47:14,"Good app, but missing a few critical features like i.e. ""undo""."
3,2024-05-31 15:37:28,"Really great app, but gave it 3 stars because with all the ""swiping"" in the apps lists it's way to easy to make errors. Swiping up/down a list is ENOUGH. Swiping left/right is the pain. Can already press and hold on items to select and edit, which is perfectly fine. Please fix by removing these extra unnecessary swiping actions."
3,2024-05-30 00:25:21,"I generally like it, but I depend on my existing lists to be my memory jogger when I'm creating my future shopping lists. That said, its way way way to easy to inadvertently swipe and delete an item from my list. And just like that, its gone and I have no idea what it was and no way to undue it."
3,2024-05-28 20:09:14,"Generally very easy to use and keeps improving. However It keeps checking off items when I try to scroll, and no undo when it happens. Super annoying trying to recall what you put on your list."
3,2024-05-20 09:51:59,"I loved this app and synced it via PC, phone, and watch. Unfortunately, there is no longer the watch app, and I am now looking for something that this app once did for me :("
3,2024-05-18 10:54:55,"App is nice, but why do I have to pay to change the currency??"
3,2024-05-17 15:22:33,To the dev response below: you share user data with over 800 companies. Software issue: custom categories get reset to default please fix!
3,2024-05-14 19:31:45,"The app was good when ads were not as annoying as they are now. I understand you have to make money and encourage people to buy premium, but when I scroll trying to move items in my list, a small ad in the bottom of the page starts covering half of the screen. Ads getting bigger when you scroll is the worst feature, so annoying."
3,2024-05-12 18:28:26,"My wife and I use this for a shared grocery list. It has worked fine and has no complaints until more recently. I check items off after every time getting groceries weekly. After opening it again later to check what else we may need, at another time, the entire checked off and deleted list has reappeared. This makes the app basically useless for tracking, as I'll have items from months ago on the list that I don't know if my wife added again or not. Would be 5 stars if not for this."
3,2024-05-08 07:31:30,"Sometimes, items get deleted by mistake, and I guess there is no way to undo this action or get them restored, this is a serious issue that needs to be fixed"
3,2024-05-07 21:18:03,Is there a way you can add a feature for us to input our tax amount and then on the item? You should check if it's taxable or not.
3,2024-05-02 20:55:24,I understand the idea of a paid tier but why would I upgrade when basic features are hidden behind the pay wall such as changing to another currency from the default GBP. I am not living in the UK so I'll use the app when I visit:) I do have a suggestion that would depart a bit from the current scope but could be usefull. Saving different prices for a product as a reference to where you found a lower one. It's an idea that would need shaping though.
3,2024-04-30 21:59:09,"I bought this app a couple or more years ago. Since the ""let's spoil our premium users"" was released, I can't keep my lists in the order I want. I like it custom so I can move my list into the order I walk around the supermarket. It doesn't save it and keeps reverting to whatever.. Not thrilled at all"
3,2024-04-26 18:45:42,"It would be very helpful if items could be made to automatically be added to multiple lists. Example: Canned corn automatically adds to Walmart, Sam's,Safeway lists instead of three separate entries."
3,2024-04-26 17:05:29,I really like the app but some items don't appear on the shared list when others add them? Very weird.
3,2024-04-25 17:32:09,Recent update needs to be fixed. When I move stuff around on custom it rearranges all of the grocery list and I have to do it all over. Annoying.
3,2024-04-04 11:33:07,"Does what I wanted it to but for some reason the developers seem to think they're making a cheap Tamagotchi knock-off because the app keeps sending me reminders that I haven't used it in a while and should please return. Why is my shopping list having trust issues with me? There is no way to turn these ""reminders"" off besides just disabling notifications entirely. No, Listonic, you're not all that's in my life, I have other friends too and you have to understand that if we want to stay together."
3,2024-04-03 19:18:26,So far it's good
3,2024-04-03 09:47:19,"Used this for ages, then it suddenly stopped saving changes and notes. Would give it one star, but support has been trying to get to the bottom of it, without success."
3,2024-04-02 11:04:02,"Pop up surveys unrelated to the annoying SPAM. A year later I got a new phone, and app no longer had me logged on. Could not find my email used for login. Got new invite from spouse on 2 emails. set up 2 new account and could not see any of her lists. deleted app after several tries. too frustrating to link lists."
3,2024-03-26 17:23:02,Doesn't share all the lists anymore
3,2024-03-22 21:34:44,You can't put them in order after you list everything. It would be great to be able to move items around.
3,2024-03-20 18:39:41,"Paid but really hope for a way I can toggle between currency, I want to to switch naira to USD in any giving situation. If available I will update my rating to five stars."
3,2024-03-08 01:24:50,"It's not as versatile as RTM, but I appreciate it for what it is as a grocery list app. I don't use it enough to have any strong opinions yet, but I do notice room for improvement. First, I believe the app is in need of a way to provide feedback and feature requests. Second, I would like to request an optional mode for entry to uphold Title Case for items added to a list."
3,2024-03-05 12:44:56,Listonic seems to be anticipating my needs and adding items to my grocery list. I don't appreciate the help
3,2024-03-04 20:47:56,Want to use it
3,2024-02-17 04:10:19,"Great app overall. It's really easy to use, but there seems to be an issue when calculating totals for products that use weight x price. It doesn't calculate the total but the price of how much it cost per kg. Not sure how to fix this. It used to work before but with the update now it's not accurate."
3,2024-02-14 12:23:57,"It was perfect at first (been using it for years now with my wife). Sync was working flawlessly between android and ios versions. Around April 2023; I have asked the team to implement a feature (newly added items to be highlighted in some way) The team responded very quickly to take it into consideration. (Not sure whether implemented or not) . For the last few months, sync is not working very well, sometimes not working at all. So, unfortunately leaving for another alternative."
3,2024-02-13 09:09:30,"I like this app, but it used to have a feature that allowed you to copy one list onto another. This was super helpful as I have lists for recipes that I used to copy onto a general shopping list as needed. The ability to add a note to a list would also be awesome (eg link the specific recipe to the shopping list). If it could recognise and group similar items (for eg quantites of butter for different recipes together) that would be spectacularly useful but maybe I'm asking for too much 😂"
3,2024-02-12 12:46:04,"Is this app still working? It used to work very well for me and my wife. Recently our lists are not in sync and when we try to share a new list, we get a server error."
3,2024-02-11 20:36:55,Update - seriously needs an undo feature. Its too easy to swipe something away with no way to know what it was. Good app and does what it's supposed to. Getting the premium is a little spendy but it just shows what I will pay to not see ads. Want that fifth star? Update the target area to be most of the item line. Right now it's just dead space and does nothing unless you long tap.
3,2024-02-10 11:38:35,"Good that it has cost price per item. 1. Make the Totals price summary to be fixed at bottom or top, you just scroll the groceries list. 2. Export AND Import to exel sheet. 3. Show The totals on new list so a person can compare between created lists. 4. Ability to add on more than one list sand items different prices, so in can compare the cheapest store according to my created lists. 5. Input_Qty x price. And another Input_size for Unit. Separate these 2 things, at moment it mixes unit Prce"
3,2024-02-03 20:33:36,"Too sensitive. I like the features but every time I go shopping I either add something from an ad, or worse check something off my list unintentionally. I have not had this problem with any other list manager app. Uninstalling and trying another."
3,2024-02-02 09:15:08,Love the app but recently it's been saying you're no longer a premium user. I've paid for the app already
3,2024-01-31 19:23:44,"Please add function to have negative (-£xxx) prices allowed on lists. E.g. you need to return an item and receiving money, making your shopping list cost overall less. Otherwise, great app, can give 5 stars as it really is a good app but would love if you would allow negative numbers to be inputted. Imo would make the app so more versatile in what it can do for the user. Thank you."
3,2024-01-27 23:52:12,"I've been using the app for a few years now, and it has been very handy. I share a list with my husband, and we really like it. My only issue is that from time to time, there's problems with the sharing part. I'm the owner of the list I share with my husband, and at the moment, everything I do on my side, it's updated on his list, but not the other way around. It was working fine before, so I can only imagine it was an update that caused the problem."
3,2024-01-27 08:03:31,Wish you can change your theme and font without paying all the time
3,2024-01-27 06:02:42,"After buying premium, this morning it tells me i am no longer a premium user?!?! then the app crashes everytime i go to the premium acct. option. Please fix it"
3,2024-01-23 20:40:03,"The app is OK. However, the part of it installed on the watch is not working. Can't synch between watch and phone. Still not working on the watch...!!!"
3,2024-01-16 08:10:48,"Good app, does what it says on the tin. BUT whoever built the Premium prompts should look again at their code. I keep getting prompted to upgrade to Premium although I'm already a Premium member... What's up with that?"
3,2024-01-10 14:59:10,"Really useful but annoying when the app adds on products to your list. It's happened several times and it's obvious it's trying to push products by the companies paying for it, but that's what the ads are for."
3,2024-01-04 02:27:35,"The app works, but advertising has made it a poor experience"
3,2024-01-01 21:00:21,Great app but ads have gotten way too big. Might be time to bail.
3,2023-12-31 03:29:05,"I wish they would have more commonly supermarket prices such as Walmart food, 4 less Smart& final things of that nature. Otherwise it's really not fair to write it until I get the full just of what's this address about"
3,2023-12-30 08:54:55,I have bought Premium few months ago and every day app reminds me to stay Premium. It is annoying.
3,2023-12-29 12:41:28,"2016: Five stars, I wouldn't grocery shop without it. 2023. I have been using the app for 7 years now, but I'm done. We customized our categories to correspond with the aisles in our grocery store. Took some time, but it was totally worth it--until we realized that every Listonic update would mess up our categories and we would have to fix it."
3,2023-12-28 16:58:08,"Big ads from stores that are not in my area!! Things are added to my lists that I don't want. Now, I'm trying to find a new app"
3,2023-12-27 04:28:10,"Not a bad app. Has categories, shows prices, and even has default items. The layout for separating purchased items and items left is a little weird (especially with the ad banner and Add button in the way). The list doesn't show the category icon and if you want to edit the categories you need to go to the settings menu. It doesn't seem you can add additional unit types either."
3,2023-12-25 14:51:35,"Beat app of it's type I found. Annoying ads are getting worse now showing grocery posting in the lists. The good: I can organize & separate my lists and items in my list. Easy to use, easy to share. The bad: Items mysteriously disappeared, strange items I've never used pop in my lists. When sharing, the lists sometimes don't refresh in the other users lists or duplicate etc. No way I would pay for this app until they get this dialed in, but I don't see that happening after a couple years"
3,2023-12-23 16:49:26,"I like this app sonce I can share it with my family. But it forces everything into lowercase except proper nouns. It's kind of annoying if you like your lists in title case. Yes, I'm old school."
3,2023-12-23 05:19:18,"The app has started pulling up digital flyers for stores. I don't mind banner ads at the bottom or top of a list, especially since this is a free sharable list app, but adding digital flyers to the list that I accidentally click on while trying to add items to my list, just makes me not want to use this app anymore. Putting huge ads underneath the same button you use to add items to a list is just bad design."
3,2023-12-22 13:10:33,"The app is good but basic. However, I bought the premium life pass, or so I thought it was a 'life ' pass... Only to have pop ups telling my life pass ran out. (Whats more it cant tell if you've paid half the time, even when you have paid). Any way Its a basic form of functionality it performs, and they have made it almost subscription based -after paid for a 'life time pass'[sic]. Not only am I annoyed at this, but completely unhappy a basic app like this can be sold as such. cash grab"
3,2023-12-22 03:06:14,I'm still trynna figure out what else I can do on this. Mind you it is quite straight forward great app so far.
3,2023-12-21 14:21:58,"I love the custom categories feature, but it sometimes stops working. I've reported the issue but it hasn't been addressed yet."
3,2023-12-17 17:33:05,"Have used this app for a few years & it worked well. Just in the last few months, it hasn't been updating lists correctly. Five of us share a grocery list, and at times, we all have different versions showing on our phones, even when we refresh the list. All of us have the app updated."
3,2023-12-10 17:05:51,Cant copy items from one list to another since update on dec 5. 😕
3,2023-12-05 19:09:56,Is a fine thing. Used to be manageable with the ads. Now it's adding random things to my shopping list which feels oddly violating. Sure you need ads to make a profit but don't shove it in my face. Keep it tasteful. Unfortunately I'll be uninstalling because of that.
3,2023-11-30 16:43:37,"No tak, kdysi pred tisicem aktualizaci to fungovalo. Nyni funguje pouze jednosmerna synchronizace sdileneho seznamu. To ze se da nekde neco nastavit neni argument. Protoze pri nasdileni to ma fungovat a pokud se tak nedeje uz to neni uzivatelsky privetive a ztraci smysl to nechat telefonu. Mene casu pak zabere napsat si neco vlastniho napriklad jako web platform seznam."
3,2023-11-29 10:25:43,"This is very good and does what it says well, apart from its synchronisation with the watch. To get it to sync I have to log out and back in on the watch and even then it only works sometimes. I bought the full premium package to use with wear os and sadly I can't get that to work anymore. Apart from that it's a solid 5 stars."
3,2023-11-08 00:53:52,"I like the app, especially WearOS integration. But it no longer downloads new lists to my watch. Existing lists will sync fine as I check things off, but the only time my watch gets new lists from my phone is immediately after signing into my account. So I have to keep signing out and back in on my watch which forces it to redownload every single list from my phone."
3,2023-10-31 23:34:29,Great app. Also it reminds you about your orders. And it add items to your list that you didn't ask for. Maybe that it thinks that you would like. Or you may have forgotten.
3,2023-10-29 16:45:03,Please add edit category for multiple items and move item to other list instead of copying
3,2023-10-28 20:45:15,"Over 10yrs been using this. Does exactly what it says. Links to other ppl too which is awesome for shopping lists etc. WHY does the ads think I've clicked on them and load when I haven't touched the screen. Go in to a list then within a few seconds website loads from an Ad. (There is always room for improvement sorry for only 3 stars now, but so everyone knows this is a top notch app.)"
3,2023-10-23 14:45:54,"What is premium?! Seems like every time I open the app I am bombarded with requests to upgrade to premium but there is literally no information about what premium entails. Even when you click on the offer it just tells you if you buy premium you have access to all the features. What are the features? I understand it will get rid of the ad at the bottom but any other feature that is included is top secret apparently. It's exhausting, I just want to add things to my list!"
3,2023-10-23 13:17:27,"Annoyingly, it keeps adding things to my list that I don't buy. For instance, today it added two dog food items. I don't even have a dog!"
3,2023-10-23 03:00:38,"Good but not great! While it is pretty easy for my wife and I to use together, it lacks some basic features. It allows you to create your own categories, but always defaults to the apps list. I tripped over the fact that you can ADD ""units"", but only on a laptop. Lastly, my wife and I are older, so we tend to buy the same items. But adding a quick search option would make ""making a list"" much faster. Lastly, it'd be great if you could go directly to our stores website to search & update prices."
3,2023-10-20 05:12:30,Requires login to use on watch. Looked so promising.. 😔
3,2023-10-16 18:01:20,I have checked items by accident multiple times and couldn't find out which item I have checked. Would be nice if I could undo the past actions.
3,2023-10-15 19:23:54,I just lost all my list I wonder why?
3,2023-10-13 10:19:38,"Adds items to your list as advertisements!!! I was in Walmart a couple days ago, and looking at my list, and before my eyes 2 M&M items and 2 Skittles items were added to my list. We don't normally buy these, so I knew it was a form of advertising. But, for people who may normally buy these things, this feels deceptive and dishonest. Secondly, sharing this list between my wife and I never works. The lists never sync up. I feel like this is a very useable app, but we may end up changing."
3,2023-10-12 04:25:50,Pretty good
3,2023-10-09 12:25:06,I wanted to like this as a replacement for Any.List since this one has a lifetime license but I found some of the UI a headscratcher. I didn't like that the picture of the item is hidden if you enable the price. And viewing the list as one giant list is confounding to the eyes bcus the categories are not readily apparent. Having it with text headers instead of icons on the side would be more user friendly.
3,2023-09-25 17:41:54,If there was a place to type full meals in so we didnt have to put every ingredient when we have it memorized that would be cool! ♡love the app tho
3,2023-09-24 21:15:32,"It eats the battery, but sharing the lists via web link for editing is badass!"
3,2023-09-07 21:39:42,"Keeps adding random items to my list and it won't save the items I put down, it will save half of them and the other half is gone to the void."
3,2023-09-05 16:58:15,"Biggest problem I have is when you're holding on my phone,thumb cancelling, move items on my list... always a pain to"
3,2023-08-21 11:33:45,Overall experience is good but my lists won't update after modifying them on another device unless I log out and log back in and it is very annoying
3,2023-08-20 05:33:51,Great app love it.
3,2023-08-15 21:38:33,"I like it, but it adds stuff out of the blue as well as takes stuff off that I have added. Not so cool."
3,2023-08-13 01:57:27,Nice
3,2023-08-08 17:32:15,"Love most of the app look and feel. But it has fatal flo, can't paste a list from messages. So when my wife sends me a shipping list I can't past it in I have to manually add the times one by one"
3,2023-08-04 22:27:21,Love the short features except it will only short by the apps predetermined categories. It won't sort by any of my categories. My store isn't set up the way the app suggests so it would be great if this glitch were fixed. The last response was five months ago and now it won't sort properly by the default categories either. It seems to be getting worse.
3,2023-08-04 19:43:07,"Too easy to accidentally erase items. Just happened again today, I had something on my shopping list, along with many other items. I get home, realize I don't have what I need and it was no where to be seen on my list. I'm getting something else, this happens way too frequently."
3,2023-07-23 00:51:04,The problem with this app is that they add things to your list that you have no idea where they came from!
3,2023-07-22 07:06:33,It have few features And I want to the feature Is sharing products list but not using link
3,2023-07-22 00:27:12,"I really liked this app before the new version. Now it adds quantities (without asking) which I cannot seem to edit out. I try, but they just come right back. I'm going to look for something that does not gather user data."
3,2023-07-14 07:20:19,Lately the app seems to ghost click on ads. Sometimes some sync issues between users on shared lists. Other than that very nice app.
3,2023-07-12 21:28:31,"Nice app, but the widget is very lacking. Very basic and kind of useless."
3,2023-07-07 23:31:41,Great for my super duper forgetfulness...lol I don't know what happened but it no longer suggest items which makes it almost useless 😕
3,2023-06-24 13:14:26,For some reason it keeps opening my AliExpress app???
3,2023-06-11 22:14:30,"Great app, when it works. It sometimes drops whole lists, also it will add items that have been deleted, or delete items that are on a list."
3,2023-06-09 03:54:13,"whether or not the app developers will acknowledge it, the app often adds items to lists out of the blue and without user input, accidental or otherwise. I use and like the app, but its sudden addition of grocery items is real and annoying."
3,2023-06-05 17:12:11,Good app and only complaint is it changes what you type and doesn't keep the capital letters typed.
3,2023-06-01 06:37:10,It was my go-to app for the market until it stopped organizing by category. What happened? Maybe that option is buried somewhere.
3,2023-05-23 01:32:50,"Used this app for years, suddenly ads open that I don't click on. These are not accidental clicks, these are ads opening when I don't touch them. Looking for a replacement. Also detest the ads suggested within the list."
3,2023-05-21 20:45:41,Missing a very important feature. I want to be able to use my camera to scan a barcode on something when I've emptied the package so I can quickly add it to a list of things I need to restock as soon as I can.
3,2023-05-21 14:05:22,I want to put my own items in.
3,2023-05-13 19:51:50,Seems like a good app but I'll be looking for another one that lets me use metric measurements.
3,2023-05-13 15:36:29,"Overall I enjoy the app, and it helps me and my wife coordinate what we need to buy for our apartment. But my biggest complaint, and the reason I give it 3 stars instead of 5, is the horrible one-click ""add to list"" advertising. One of us must have accidentally clicked on an ad for hotdogs, because my wife showed up after a grocery store trip with a big package of all beef hotdogs and swore that I added them to the list. Turns out I did not, they were added because of this invasive ad system."
3,2023-05-10 06:53:15,"Obvious categories are missing like, sports or optometrist."
3,2023-05-09 01:36:46,5 stars if you start your options with a capital letter.
3,2023-05-08 05:57:35,I like the app but lately it keeps moving the items around on my list. I try to customize the items myself and I keep seeing the items on my list move here and there all by themselves. It's very hard for me to keep my list ordered the way I want it to be when it keeps doing that. These are unshared lists that only I have access to at the moment that keep moving around on their own accord. I don't know that's going on. Please fix this because I really like this app. Thanks
3,2023-05-06 19:11:16,"Used to be great Half the time I add things and it doesn't, adds the item for the list multiple times or have my phone open in my cart and boom loads whatever website ad... Makes me question the dev team anymore. The app didn't used to be this wonky."
3,2023-05-03 21:21:12,I was happier with the old version. I do not appreciate that items are added automatically. Please drop the comments on the items on my lists.
3,2023-04-27 03:19:52,"I've liked this app for a while, but lately it won't always add what I try to put on the list, until it randomly pops back up later. Which has meant I forget things at the store."
3,2023-04-26 02:44:42,Deletes items but keeps the talley going on the summary page.
3,2023-04-25 17:11:47,I love the fact that this lets me put items in already category's and lets me make my own . I needed that for list for husband that always forgets something because the list isn't set up the way the store he's shopping is set up. But... He is also technical challenge and an app is challenging for him no matter how simple .so I wish I could send him the list through messaanger without him having to have the app .my pixel does not have clipboard 😞. If there is a way id love to know .
3,2023-04-13 01:41:30,"Rounds metric 3 decimal place quantities to 2 decimal places before calculating costs, leading to checkout errors, sometimes major. Have complained but so far nothing has been done, despite promises. Also the price box won't allow typing in non-integer prices, these need to be entered as a comment that's then cut and paste into the price box. Daft ... designed by idiots! Categories crazy too, often overriding a logical category to put a product into a crazy one. A quite good app otherwise."
3,2023-04-12 23:03:38,Great once no ads. Also good we can share the lists makes shopping much easier. I paid for unlimited no ads now theyve come back???whats with that?
3,2023-04-09 10:07:56,"Sharing lists didn't work twice. The app itself is a great idea, I tried sharing my shopping list with two people on different dates and they could only see a small number of the items that I had added. Disappointing."
3,2023-04-07 12:58:27,Premium is too expensive. Otherwise its good
3,2023-04-04 04:51:37,"No support with home automation is a big downside. No ability to change the default settings with kg/g e.t.c. so we are stuck with lbs.. Make the app support changing languages as well as default regional settings. The suggestion noted by the developer is just a lazy answer, I can write the unit myself instead of using the preset units, fix the problem instead."
3,2023-04-03 05:55:54,Good. 👍
3,2023-04-02 19:17:07,Not user friendly for older people. Don't know how to delete an item from a list. I do like ability to make multiple list topics.
3,2023-03-31 20:10:42,"I really like the app design and simplicity. But there is one thing that bothers me when you custom sort the items, sometimes they will move randomly by themselves to another placement, so you try to sort again and they still will move, you need a couple of tries for them to stick to the custom sorting. Really annoying and time consuming!"
3,2023-03-24 16:26:52,Need more development
3,2023-03-23 16:26:11,"Great app, but in recent update they seemed to remove product categories grouping header which really makes the list harder to navigate. Please return this feature."
3,2023-03-22 00:54:38,Handy for daily shopping notes. Has class emojis to spruce up your shopping/list lol!
3,2023-03-15 02:00:20,"Although I did like the program, after the latest update, all my lists have been deleted. I now have the to start all again."
3,2023-03-13 22:27:57,"It's functional. Adults in the household have a copy of it on their phones. We share a list. It updates in real time. However, it isn't very useful if a phone gets left behind or runs out of charge."
3,2023-03-13 06:41:25,"The old version was possible to use in split screen, so it got worse after the update 🤬"
3,2023-03-08 22:46:15,"It doesn't seem to calculate tax. I'd be interested to see if that is in the premium features, but i can't seem to see what they are. I only know that it will remove add, but that isn't worth $12.99."
3,2023-03-06 08:36:49,Shows intermittent popups trying to get permission to sell your data. This occurs even when using the premium version. Contacted the developer twice about it and this hasn't changed. I hate the data economy and I don't expect to receive these prompts in a premium edition.
3,2023-03-04 11:54:29,I would give it 5 stars but even after I paid for the premium app I open it to see ads for products at the bottom of my screen. I didn't pay for an ad free version to be shown stealth ads disguised as suggested products.
3,2023-03-03 14:57:43,"There's no possibility to move items inside my list? I like to place them according to my ""way"" through the shop to optimize the time. If I undestand correctly the only way to rearrange the order is to recreate a list. Also there's no accept button after choosing another category for an iten (have to press back-back). I couldn't find there i can change from pounds to euros (not really important but why not)."
3,2023-03-01 06:52:59,It's easy an simple
3,2023-02-23 17:46:16,"This list works well for making my own list, but when trying to share with my wife, who also had listonic downloaded, it has been a disaster. In fact, in frustration, she finally deleted it and demands to use a different app. We have tried any way imaginable to have a consistent sharing mechanism without success."
3,2023-02-18 16:15:18,"Please improve sync for lists shared between iPhone and Android users. Lists sometimes get ""stuck"" and won't sync anymore"
3,2023-02-18 09:22:11,"You used to be able to move items from one list to another (if, say, not available in the first shop). Now you can only copy, so have to go back in and delete from the initial list. Why remove features?!"
3,2023-02-15 18:27:42,"Good list tracker, however bad/poor customer service. I paid for the lifetime ad free version of the app twice now, and emailed both times about how I'm having issues with apps returning. Personally this is the only problem I am having with the app, and like, it's a fairly large one when it's supposed to be a life time digital item."
3,2023-02-11 15:34:34,"Está bien, aún le falta tema oscuro para la web, carpetas para las listas, podría ser archivar las listas, asignar quien compra, decidir si un producto en la lista con precio se suma o no, fechas para comprar, poder dar más datos cuando se crea la tarea directo."
3,2023-02-11 09:53:41,Unable to change currency in the app.
3,2023-02-10 11:11:45,"List deleted with latest updates, gotta do it anew or rather switch to anotehr app. No idea how you could introduce such a massive bug."
3,2023-02-09 09:04:47,Thanks for awesome app I love it But I suggest some important enhancement and features 1- add change language in settings because I use my phone in English but I want to use app in french for example 2- add product brand Field 3- add kg unit in quick toolbar 4- add country and currency and decimal number for currency like 3 digit 5- add search in all lists Thanks
3,2023-02-05 01:24:49,"So far, a great app! Except when trying to use with watch! No refresh and barely updates when you change your list. Big let down"
3,2023-02-04 22:39:01,"I like this app, but I don't see a way to delete an item that you rarely need. Many items are needed every or every other week, some are needed almost never. If the rarely needed items could be deleted from the purchased items it would be great and I would give it 5 stars."
3,2023-02-04 15:15:14,This application has developed an interesting and intrusive flaw. Puts things on the list that you did not specify. This cost me money because I thought this was something that my wife put there and I bought it. Ads do not belong on your checklist posing as things that somebody put there
3,2023-02-04 12:52:36,UTI trainhuoiiiung regards Andrew I am keen uo and tuuy tiiio ryuu
3,2023-02-01 17:31:34,"Normally love this app but I'm disappointed with the ads appearing in the shopping list. My family shares a list and members of my family would often go to the store and end up buying things that nobody actually wanted. I always assumed it was due to accidentally tapping something, but just now I watched in real time as an ad item was added into my shopping list, without me actually tapping anything. I love this app but this needs to be fixed."
3,2023-01-31 20:53:59,Items on my list disappear. Totally annoying. I'll be deleting the app today.
3,2023-01-28 15:34:44,"Keeps reverting my item categories to their default ones automatically - despite having disabled automatic categorisation, and assigning them their own custom categories, they keep reverting :("
3,2023-01-24 14:27:33,Looks good but the area to check a bought item is too small. It's a hassle whem you're shopping.
3,2023-01-24 05:48:48,"Used to love this app, but last few updates took away ability to attach photos to items on the list. I'd keep track of product details (price size brand,etc) this way and have lost this collected info"
3,2023-01-23 10:44:03,"Useful,needs some improvements."
3,2023-01-21 13:51:44,"Works okay, but there are times I know I've added items and then those items have been removed from my list at some point. I'll get home grocery shopping remembering certain items that I've added that I didn't get at the time....back to the store I go...."
3,2023-01-12 17:21:24,It is not user friendly app. Using it out of necessity.
3,2022-12-28 15:55:38,So much easier than a paper list but needs a little upgrade. I don't know what I would do but it's not extremely easy as it is.
3,2022-12-21 18:49:07,"Adding multiple items separated by ""and"" is a cool time-saving trick, but these ads and pop-ups are everywhere."
3,2022-12-16 19:22:17,"List not updating. I share some lists with family. Items are being added but the list is not syncing. We all have different items on the list. I thought the update will fix it issue, but it didn't."
3,2022-12-15 18:59:04,Handy app
3,2022-12-05 23:03:30,"I don't understand how to use it, very confusing to me. I'm 58yrs old. I go to type my name, click done but nothing happens, I click items but can't find them, nor can I find a spot for amount I need. I'll keep trying but for now it's like a puzzle to me."
3,2022-12-02 11:54:37,"Needs work, scan bar code, capital letters to start a noun."
3,2022-11-27 14:03:56,I am unable to login with my facebook account
3,2022-11-19 22:30:51,Nice app but shares data too much
3,2022-11-19 18:11:44,"Eh used to be great but I'm uninstalling after using it for several years. It has started to glitch the past few months. Sometimes when I'm in the store, random items will not check off of my list but some do. I have to close out and go back in. It also started adding things to my list without me realizing, from the ads at the bottom. Today, I tried to add items to my list but the ad is now covering the add + button....and I need to make a list."
3,2022-11-18 16:00:01,The + to add items is not showing today? Never had this problem before.
3,2022-11-17 18:47:39,I wish that when you shared a link with someone you could save that list to your own lists and not be forced to repeatedly go back and click on the link over and over if you need to revisit the list if it's shared to you and not your own. Very disappointing.
3,2022-11-17 01:18:18,I have been using this app for quite a while. After the update it won't let me mark off item on check list. Also it no longer give suggestions on things to add to my list
3,2022-11-13 06:06:33,Watch app is missing a dark mode and needs to show only unchecked items instead of everything
3,2022-11-11 13:04:50,Very easy to use. Needs a little tweeking like moving items for list to list.
3,2022-11-09 11:47:24,Dosn't support local Currency
3,2022-11-05 08:10:29,I would love to be able to set a different category sorting for each list (multiple stores).
3,2022-11-01 03:26:25,"I think you miss the main thing in your app.. name of shops or shopping centres with their addresses , so the users can know from where to shop not only what to shop"
3,2022-10-28 23:58:34,"It used to have where you can take pictures of the items. But, I guess they took it off. It's kind of hard to navigate but other than that it's awesome"
3,2022-10-26 15:45:38,First time trying out like it so far will give another rating after I use it more 😉😉😉.
3,2022-10-22 14:00:49,"I am glad that it's free. It is really helpful. I also like that you can add prices. It's helpful when your on a budget. Been using for years. It has a tendency to add or delete items that I didn't add or delete. Sometimes when I try and check an item off, it will not work. Then I leave the store and don't have what I need because it was checked off or I was unable to check off items."
3,2022-10-22 10:02:32,"Works alright solo, but frequently had issues with shared lists not updating despite several manual attempts. Picture feature on the free version is nice. Not the smartest when categorizing items in the list, but those can be manually changed. Cozi and OurGroceries work better."
3,2022-10-21 18:11:37,Please add dark mode to the watch app
3,2022-10-21 06:34:57,"Used it twice for small shopping , looks ok so far"
3,2022-10-20 23:17:35,Loved the app before. Now i cant browse items by category.
3,2022-10-20 22:42:51,Great easy to use app
3,2022-10-18 22:54:58,Functional if you pay to remove ads.
3,2022-10-18 20:16:32,Decent but needs a barcode scanner added.
3,2022-10-14 05:23:17,Not always easy to navigate.
3,2022-10-14 03:02:36,"The update has been pretty rough. It used to be pretty good, but lately the bugs have been too much to use. The new UI is prettier, but something went wrong with QA."
3,2022-10-12 20:34:29,It's cool 😎
3,2022-10-04 23:52:29,"Cannot take notes in items, + no price tracking and store management"
3,2022-10-01 06:29:08,"Happen many times, cannot tick the list. Need to back and enter the list again only can tick. Please fix it."
3,2022-09-28 12:07:14,It was great for long time but after last update it's not working properly. When I do list on my phone it doesn't appear in my husband's app like it use to do. So
3,2022-09-25 20:32:16,I like it haven't figured out how to use it quite yet but I'm working on it.
