score,date,text
2,2026-10-01 02:28:52,"So if I had a task that reminded me today at 8 AM and I need to push it off to tomorrow, you suggest tomorrow at 9 AM? Why isn't it suggesting 8 AM? Why can't I turn off swipe controls? Hello can you make your app better?"
2,2026-09-22 15:30:09,"Great. More bells and whistles. I used to be able to schedule a reminder in Outlook Calendar at the same time I flagged an Outlook email. Now I have to flag the email, create a task, then get redirected and told to download a third, battery-draining, activity-tracking app just to schedule a reminder for that task. It’s so silly. Tech firms have killed simplicity and efficiency."
2,2026-09-14 00:49:03,"computer and phone apps sync on an irregular basis great when they work together, 😖 when they don't"
2,2026-09-14 00:43:43,"This ised to be my favorite app for reminders until syncing because wonky and Microsoft introduced needless login intricacies. Switched to Samsung Reminder, which had some more useful settings (like control over repeating reminders) and synced to To Do as a backup. But, oopsie - Microsoft stopped supporting the Reminder app's sync to To Do! What's a gal to do? I tell you..."
2,2026-09-13 05:03:12,"Good App But Not Easy to use and Navigate, And Notification System Not Working, Check Or Fix Those Bugs And Improve Ui Design, And Also a Normal Todo App Min size 5-10 MB, But This app Don't Have any Extra Future So Why This App Big Size ?"
2,2026-09-01 16:40:20,"I activated this app because I wanted to keep my to-do list visible on my home screen using the app’s widget. However, when I add a task, the widget does not update, and the synchronization between the widget and the app does not work properly. Please fix this issue in a future update."
2,2026-09-01 07:28:40,"Syncing is sporadic. Sharing between my devices has gotten very difficult. It used to be great, now it's not that reliable. Please do better."
2,2026-08-28 14:56:26,"constantly nags me every time I start it to give it access to reminders (which I don't want to give it) I have to dismiss it every time I start the app there's a huge chunk of unused space at the top of the app, wasted screen real estate"
2,2026-08-25 00:34:09,"Don't count on this app to remind you of important or recurring tasks, or to sync seamlessly with the desktop. It's alright for things that aren't time sensitive or high impact; grocery lists yes, appointment or filing deadlines no. As long as there are no meaningful consequences for this app's poor performance you should be fine. I'm only using it until I find a replacement. And don't get me started on its failed Outlook ""integration""."
2,2026-08-24 13:28:07,Useless for keeping up daily tasks. If you don't get to some tasks on one day it will not add them to you new tasks for the current day. Worthless app and a waste of time courtesy of the of the mindless Microsoft team and the endless crusade the make computers useless.
2,2026-08-23 00:05:56,I loved this app but after Microsoft bought it... the login process deters me from using it. I use a simpler app now.
2,2026-08-16 01:03:57,"The thing that really decreases this apps value. Is the fact, that tasks in MyDay get reset at the end of each day. People usually want tasks like that to be done the next day. Nonetheless this should be under user control. Doing some research, this feature has been requested by multiple users since 2021. But has never been implemented, it is a simple feature. That can be implemented in less than an hour if care was put in."
2,2026-08-08 21:21:27,"As multiple other reviews have mentioned, there is a persistent UI issue where the text input is not scrolling correctly. Please fix this. It makes having longer text entries nearly impossible."
2,2026-07-29 15:23:31,The widget font is too large no matter what font size i put in the settings when using Dex.
2,2026-07-27 23:48:04,"the basic function of the app works, but the widget constantly freezes and no longer updates. like every two days. which is annoying to have to delete and reset the widget for it to work again. why is it not fixed?"
2,2026-07-25 02:05:43,"Falling apart. I'm logged in to my laptop and my phone, both insist they are 100% refreshed and up to date, both show completely different lists. I'm left scared to change anything not knowing what parts of what changes will be saved."
2,2026-07-21 17:28:07,It will not sync properly with my PC for some reasons and it is frustrating.
2,2026-07-18 16:19:50,please increase word limit
2,2026-07-17 22:48:33,"App works well, but the widget frequently stops refreshing and requires me to delete and add to the homescreen again"
2,2026-07-14 18:56:41,"Would be 5 stars but it's too easy to accidentally delete important entries. At least provide an option to lock or require confirmation to delete an important item. And some users might want to require confirmation for all deletions because not all finger contacts with screens are intentional. In my family we have ""butt-deleted"" too many items in To Do, which makes us see the app as unreliable."
2,2026-07-13 13:52:29,my day widget does show tasks and has bugs
2,2026-07-11 08:52:02,"How come such a simple app always has syncing issues between phone and computer, it's insane"
2,2026-07-10 14:43:07,Has been a solid app until it recently stopped syncing
2,2026-07-08 13:32:27,never syncs
2,2026-07-08 12:11:45,has been ok though recent issues with syncing are frustrating.
2,2026-07-06 13:11:27,"I have used this app a lot for a long time. But recently the app has been signaling ""Unable to Sync"" on my android tablet. It works fine on my android phone, but they don't seem to be talking to each other."
2,2026-07-06 04:28:24,"I've loved using Microsoft To Do daily on desktop for years, so I was excited to try it on my phone as well. Syncing is way too slow, to the point that switching between PC and phone on the fly is not feasible. I have to initiate a sync manually AND it then takes several minutes to sync my latest updates from desktop. Also I miss the chime noise when I complete a task"
2,2026-07-05 16:20:44,"I have used this app since around 2017 before Microsoft bought it, back when it was Wunderlist. The interface has been getting progressively worse as time goes on. The last update they made no longer allows for the list to sync and update between devices. It is currently unusable for my husband and I as our grocery list, which we've been using it for for almost a decade."
2,2026-07-04 09:03:54,why isn't it syncing in android
2,2026-07-03 13:54:59,keep stopping while taking note.
2,2026-06-29 04:12:16,"I've been using this app for years (since Wunderlist went away), and previously I would have given it 5 stars. However, it has become very buggy over the past year or so (on Android). The widgets don't function most of the time, the app gets stuck with the ""refreshing"" icon, and when adding longer notes to tasks, the text gets hidden by the keyboard with no way to scroll down to see the text. It also has no way to schedule an end date to repeating reminders."
2,2026-06-28 11:22:26,"was great until recent updates: syncing sporadic (says contact support, but theres none), widgets either updating once in a while or just completely frozen, also flickering from time to time. AI slop?"
2,2026-06-27 11:58:28,"Very good, but it can be improved. There's a very annoying bug where the phone keyboard is displayed over the description when it is too long, making the bottom of the description unreachable."
2,2026-06-22 15:02:04,This application is not very function rich to start with. Without sync working properly It is dam mear useless.
2,2026-06-18 13:12:09,"Wonder like was awesome, now its been Microsofted... sucks"
2,2026-06-13 10:55:26,it's been messing up. the widget constantly flickers and you can't even use it while it's doing it
2,2026-06-10 13:38:18,"Love this app, widget is perfect for reminders. But for months it's constantly flickered, can't use it when it does. Tried re-installing, clearing data, force stop etc. Waited patiently for update to resolve, as other reviews have stated the same issue but no resolution yet.."
2,2026-06-09 06:05:58,"After years of waiting and hoping that Microsoft would seamlessly integrate Tasks into the Calendar app, I've finally given up. To make matters worse, the Outlook 'all-in-one' windows app has become incredibly buggy—even just opening the calendar is painfully slow. I finally decided to switch to Google Tasks and google products, and the experience is night and day. All of my tasks now integrate perfectly and show up right inside my Google Calendar without any hassle."
2,2026-06-05 12:18:24,"widget is awful, just constantly flickers and will not load. Without it the app is less useful on your phone"
2,2026-06-05 03:29:36,de ceva vreme nu mai poti face scroll in task-urile cu descriere mai mare; pur si simplu nu poti sa editezi task-urile mari. o dezamăgire...
2,2026-06-03 06:27:44,"Please add feature such that When i Right Swipe any task Then it shd show a pop up to move it to any other list. This wud facilitate easy Movement of Tasks between lists of the Day & for the WEEK, etc. So Please add an Option like this for us people for others By default it can stay to that My Day Thing. ! For us v shd hav an option to change that & Right Swipe it Shd Show like Move to icon behind the swiping process then Pop up of the lists & then Moving it. ♡♡♡♡♡ PLEASE ADD.🙏🏻🙏🏻🙏🏻🙏"
2,2026-06-02 23:57:21,Stop telling me notifications/reminders are turned off.
2,2026-05-31 16:15:18,"Does not repeat tasks properly, it also does not honour a daylight savings change so a task set to repeat every day at 08:00 am either fails or starts repeating at 09:00 or 07:00 am, then eventually just stopping notifications entirely until re-created."
2,2026-05-27 04:02:11,"App is great, functionally useful, and suits my primary use case well through the widget. However, every two to three updates, it causes the widget to get stuck in a rapidly firing update loop that makes it entirely useless until I restart my device. Super annoying."
2,2026-05-25 20:16:18,immediately crashes
2,2026-05-24 14:42:44,"App doesn't know what day it is. Recently, if I set a new task and choose due date of ""Next week (Monday)"", it allocates a due date of LAST Monday."
2,2026-05-24 02:04:47,Everytime you open the app it tries to force you to enable notifications. everytime you have to close it. There's no option to click never. I never want to enable notifications for this app stop asking me. Very Microsoft behaviour.
2,2026-05-22 06:20:57,"Buggy - the sync between the phone app and computer app is delayed at best. The android phone widget loses sync and has to be reinstalled daily; trying to fix this issue reinstalling the phone app - now NOTHING is syncing. This has been my go-to ""To Do"" list app for years, but Microsoft: you broke Wunderlist. May 2026: It's getting worse - you understand that's a bad thing, right, Microsoft?"
2,2026-05-21 11:24:19,"Used to like it, but now the last few months the widget constantly bugs out and glitches no matter what I do"
2,2026-05-19 16:56:14,"I used to be able to customise the widget to display different lists so I could have my day, priority and others set so I could have the 3 lists on 1 page of my phone so I didn't have to open the app the tick off a task or check what's next. It used to be efficient."
2,2026-05-17 14:06:05,"I went from a 5 star to a 2 and were about to drop again in less than three days all because I had to switch to a new phone... why is the keyboard popping up as I'm trying to update/read my notes?! I see several others with the same issue, Microsoft help us!"
2,2026-05-09 08:06:40,"Last updates messed the widget up, it flickers etc and is hard to use if not totally unusable."
2,2026-05-07 14:23:45,"It's Microsoft, need I say more?"
2,2026-05-05 21:44:53,The recent update (or prior) has made the text editor options get hidden under/behind the keyboard. Looking for a feedback channel via the app goes in circles it seems. The widget is very glitchy too
2,2026-05-03 00:16:36,"Widget has been broken for a while. It just keeps flickering because it's continuously updating. Tried uninstalling and clearing the cache, but that only fixes it for a few hours. It's a shame because I like to synchronize tasks between my phone and my desktop PC, and this app makes it easy. Otherwise the app works fine, but it's not useful to me without the widget."
2,2026-05-01 03:27:16,If you have long text in an item the bottom gets covered by the on-screen keyboard. Also the text formatting menu is at the bottom and is covered by the on-screen keyboard. This has been an a bug since 2016 (not a typo). So frustrating.
2,2026-04-30 19:25:35,"It was perfect for so long, now the widget for it just flashes all done and doesn't let you press any buttons, basically the reason I had it in the first place. disappointing"
2,2026-04-29 12:30:25,I've been using this app for many years and love it for helping me stay organized. Lately I'm having to uninstall /reinstall frequently as the widget starts to flicker. And now I cannot scroll to the bottom of the notes section to edit existing notes. It may be time to shop around again
2,2026-04-26 22:37:55,"it was almost perfect, but the task list and widget don't show the time a reminder will appear, they all just state ""today"" which makes this unusable for me"
2,2026-04-26 11:33:00,it would be great except if evrytime you open it says turn on notifications. over the top Microsoft BS. We know how you should use our app
2,2026-04-25 14:37:11,The widgets keep flickering it's very annoying.
2,2026-04-24 09:10:50,"Glitches/freaks out after a while on Samsung Galaxy Flip 4, requiring a restart. Seems to happen sometimes when changing a task by clicking on the widget."
2,2026-04-24 06:48:06,"This is such a useful Todo app I have been using for many years. But 2 things that's making it not 5 star worthy. One is the sub tasks feature. It's common sense to stack the completed subtasks at the bottom of the list. But it stays at the top, which is not intuitive. I don't want to keep dragging new sub tasks to the top and deleting older subtasks. Additionally, the tasks note editing box should have formatting features like embedded links and headers. In the mobile app, there is non."
2,2026-04-22 06:05:18,Widget isn't syncing
2,2026-04-18 14:34:12,"The app logic for reminders is garbled up, making it simply unreliable. Lots of glitches, refresh issues, temporary state corruption, etc. Here I am once again looking for yet another ToDo that can just do that. Is it too much to ask?"
2,2026-04-15 15:08:56,I've used this app for years without issue but over the past few months the widget have been flickering and it isn't usable. I have to manually go into it. I've been waiting for it to be fixed for months!!
2,2026-04-13 12:21:14,Issues now where there is lag for days and widget not responding.
2,2026-04-11 06:23:11,Changing important my day task into important not shown in important section on widget
2,2026-04-08 22:33:58,Giving 2 solely because of the widget. The widget is all buggy and I finally have to look for other options as widget is my main need than the app itself. I'll check back later if it improves.
2,2026-04-07 20:17:26,"They ruined a good app. a couple versions back, this app worked great over several devices. any list I created was almost instantly vis8ble on other devices. with the newest app, i cannot get it to work once I add the widget to my main screen. This is frustrating as it worked so well in the past and I am dependant on this app for everyday reminders and lists. I used to recommend this app but, now, I tell people to stay away. Two stars may seem harsh but accurate."
2,2026-03-27 20:24:13,"I really used to like this app, but the widget is broken of late... Already tried re-instaling but still stays ok loading. it is also a bit frustating when ypu set recurring task for every x weeks, if you change the date it updates so it recurs in both days of the week... But may be just me.."
2,2026-03-21 12:26:23,"another sad example of enshitification brought to us by Microsoft. The original app was so much better before bought by MS. WHY, exactly why would the delete button for a whole list be in the lower right or left corner, where a palm of the holding hand could brush it?"
2,2026-03-21 06:51:43,"Since a recent update, I haven't been able to scroll all the way down in the notes portion of a task. I can see things, but not edit them if they are too far down the list. Not helpful. Might need to find a new task list app if this can't be fixed."
2,2026-03-16 13:25:53,Lacking logic.
2,2026-03-04 13:25:02,"This is a solid 2.5 stars but it's 2.5 because the widget gets buggy after awhile, it flips between all tasks done and my current list of undone tasks, it really annoying because I am trying to use sit but every time it gets in this state I either have to restart the device or delete the widget and add it again. Quick fix for anyone having an unresponsive widget: 1. Delete and add the widget back 2. Open the Microsoft To-Do app 3. Try selecting a list from the widget again"
2,2026-03-04 06:34:14,widget has a refresh issue. please fix it.
2,2026-03-03 13:33:03,after update app have bug on widget task are not loading properly
2,2026-03-02 13:55:37,"It was a great tool to share our shopping list items, so we always had our shopping list no matter who had to run to the shops. Mine (Android) used to leave a few items in the list that my wife (iPhone) had already marked off. Annoying but could live with it. Something has recently been broken though with the widget, just as others have said. Gone from blinking rapidly to showing the list, to then showing no list."
2,2026-03-02 08:55:47,This would be really good if the widget worked properly...
2,2026-02-28 17:09:53,"The popup telling me I cannot set reminders due to some android setting pops up Every Single Time I open a list. I KNOW that permission is not given and will not be given, stop telling me about it if I dismiss the popup! Guys, for the love of god, do some UX testing before releasing an update."
2,2026-02-28 14:40:30,"App used to be good and now it's not. Widget is malfunctioning. Maybe put some of your effort into here, Microsoft, instead of AI? Make products that actually work? Because before you bought it out, Wunderlist worked. Disappointed."
2,2026-02-28 05:25:33,Has Sync Issues. Especially Manually Sorted items don't sync the order
2,2026-02-28 02:49:42,"Used to love this app when it was wonderlist. Gone downhill ever since Microsoft bough it. The widget has been broken for ages, it never refreshes or updates. However latest update has ruined it completely. It's now flashing rapidly from showing tasks to saying there are no tasks. I deleted and re-added it, but now it's totally unresponsive."
2,2026-02-26 23:13:02,the Widget keeps flashing from loading to my list and not working correctly
2,2026-02-24 11:37:24,This app has become really slow to add tasks back onto the list that are tasks done everyday. I cant use it anymore because of how slow it is doing this.
2,2026-02-22 01:16:43,the to do list home widget doesn't get updated when we update the to do list for today. Please check why it's happening and I will give 5 Stars.
2,2026-02-19 23:37:40,Glaring bugs go unfixed. I've been using the Pixel 9 for more than 6 months now. The add new task shortcut doesn't position the ToDo menu fully above the keyboard. So I can't press the remind me or schedule buttons. Because they're hidden behind the keyboard. I'm using the default keyboard. Not some random one with 500 downloads
2,2026-02-16 20:25:35,Loss of formatting capabilities is very disappointing.
2,2026-02-13 00:20:52,"The top and bottom of the app, including app options such as More, display behind the phone's screen controls which blocks access to the app options. Also, I make sure each day's tasks are marked completed or moved to another day. The completed ones appear in the next day's list of Suggestions. I have to go through those tasks again and mark them complete."
2,2026-02-11 22:46:21,"Great app but for one major flaw. Scrol bars don't work on Android phones, they work fine on my tablet but not on my android phones. Need this bug fixed urgently"
2,2026-02-04 15:57:12,This app works fine except that it asks me to enable notifications every single time I open it. I only use it for lists and sharing lists with my wife and do not want to receive notifications from it and am frustrated that it asks every time
2,2026-02-03 10:54:25,"This app is relentless in its demands for me to turn on the reminder settings, I get a pop up warning every time I open it. I don't want reminders. I want a to do list, not an AI powered nanny goat to organise my days. This app used to be a simple, elegant piece of software, but it's been over engineered with feature after feature."
2,2026-02-02 05:49:42,"Doesn't send notifications for daily reminders despite all restrictions( battery, background using, etc) deactivated. It notifies rarely only when open the app"
2,2026-01-31 16:30:15,"it's a decent app, considering the resources they can put to build and improve it. It's biggest flaw is it's radio button on the widget. It's area is so small that it opens up the task. Secondly it's reminder schedule is not up to mark. Reminders show up randomly instead of due date. Thirdly there should be an easy way to order the tasks."
2,2026-01-31 04:28:18,"It's a wonderful app, yet there are things i would really hope to see in the future updates : 1 ) add a plus button on the home screen to add tasks quickly without having to go into folders and then add tasks , so yes ( quick task ) button. 2 ) entering time and date from the task title so i can just write ( buy milk friday at 15:00 ) and it would automatically understand the date and time 3 ) make it a little faster to start just minimal background at squeeze its size so it can run faster"
2,2026-01-28 16:18:07,"Fix your widget !! the text is to small to read properly. Make it larger,bigger!!"
2,2026-01-23 04:19:27,"function too simple, bad interface"
2,2026-01-22 23:00:42,"Good, but there is no import from other todo apps."
2,2026-01-22 21:14:33,"Good while it lasted. One day, that's today, the Microsoft To Do logged me out and when I painstakingly logged back in with a bunch of Microsoft Authenticator steps, my to do tasks were no longer in the Microsoft To Do app. That's too bad because until now, I liked the app."
2,2026-01-19 14:33:36,"Love this app, but I have a problem now that my lists have gotten so big. I wish there was a way to see how far down you are while scrolling down the lists."
2,2026-01-18 18:08:58,keeps a list. okay widget but a bit hard to touch the correct spot on a phone sized screen. basically requires notifications on. get a pop up every single time you open if they are off. I only use the widget because of that mistake by the programmers.
2,2026-01-18 11:48:46,try to Include more features
2,2026-01-17 19:09:06,"One of my favorite apps, but lately it's broken on Android. Has some unusually large margin at the top of the screen."
2,2026-01-17 18:07:54,The latest update broke the notes section. The keyboard covers the text and you can't scroll the notes section. This pretty much made the notes section in a task useless.
2,2026-01-10 10:58:40,"The “More” button at the bottom of Suggestions section is obscured by the Android OS Home button, preventing interaction. This appears to be a UX issue that was not sufficiently tested on Android devices."
2,2026-01-08 22:53:59,"So all of a sudden, this app is no longer operating properly. I'm writing in notes and it will not let me write any further. Second, the formatting options is no longer available. Yet when I open an entry, just for a second, I can see the formatting options. The formatting option bar is now below my cellphone's keyboard, I can't get to it. I'm not sure what's going on but it doesn't feel right. Ok, so now I have to use the floating keyboard to see and use formatting options. Gotcha. 🫤"
2,2026-01-08 16:02:24,"App used to run well, now I'm unable to invite anyone on task: ""It looks like this list isn’t available. Try contacting the person who invited you."""
2,2026-01-07 18:53:53,worked great till now. suddenly stopped sharing lists..says list not available.
2,2026-01-07 00:07:01,"It was very convenient for sharing grocery lists with my spouse. But sharing lists just stopped working, and there doesn't appear to be a fix. Kind of ruins the point for us. Otherwise, it was very simple and easy to use."
2,2026-01-06 20:02:36,"The app is great, but I am facing a major issue that prevents us from using it effectively: I cannot share task lists with my team. Every attempt results in an error. Sometimes it says the error is 'on our end,' and other times the recipient receives a message saying they 'cannot join the task' and should contact the owner. I have already tried troubleshooting by ensuring everyone is using the same company email domain, and we even tested using all Hotmail accounts, but the issue persists. Plea"
2,2026-01-06 16:55:27,there was a new update and you can't scroll down on a to-do note. so if you have a lot of text you start at the top of the text and you can't edit the bottom because of the keyboard in the way. used to be able to scroll up but now it stops and the bottom text is behind the keyboard and if you close the keyboard The cursor starts back up at the top again
2,2026-01-06 13:39:18,"App is great, widget became unusable. the widget is a major feature of this app for me."
2,2026-01-05 23:11:19,"used to be 5 star but for months now the list name no longer changes making it very difficult to see that list I'm viewing. the only it works is thru the main app, not the widget. disappointed"
2,2026-01-05 05:11:24,"A really great app for all kinds of task organization and even note taking. However, the latest update broke the formatting tools in the notes section of a task and I can't see any of those tools anymore. I also can't scroll to the end of a note because of the latest update. Microsoft please help!"
2,2026-01-03 23:20:01,"could use some updating like alarm, customization"
2,2026-01-03 16:58:41,widgets stopped working on Android. please fix
2,2026-01-03 08:06:33,I used to love the app but after 2 days of working through the fault it is now useless. Sharing links do not allow the user to join. Pointless now i'll use todoist instead.
2,2025-12-31 09:18:06,"I’d like to report an issue with the Microsoft To Do widget on Android, specifically on Samsung smartphones. The widget frequently flickers, becomes unresponsive, and stops updating. Removing and re-adding the widget temporarily fixes it, but the problem returns shortly after. This makes the widget difficult to use. Please look into this!"
2,2025-12-30 22:05:44,"latest update seems to have a limit to he amount of viewable text in app, wasn't there a week ago, and full text body shows on desktop outlook so why penalise the app? Will have to look for something better provisioned"
2,2025-12-29 04:33:31,"Cons: 1. Widget constantly displays the wrong list title 2. Dumb suggestions for due times (just ask or let users set presets) 3. Have to press enter/ok before you can add notes or subtasks 4. No smart list or reminders for overdue tasks, plus overdue tasks get removed from My Day--good luck remembering them 5. Can't change due date of overdue recurring task without affecting subsequent tasks 6. No way to report bugs or feedback without signing up to post on a forum Pros: it's free"
2,2025-12-26 15:46:58,"Good app design, but quite often fails to start. If you cannot open it when you need it, it is useless."
2,2025-12-24 17:54:19,Far too easy to mistakenly delete a task by swiping left and no ability to recover. Can't disable that swiping feature. And the setting to force confirmation before deleting doesn't work when deleting via swipe.
2,2025-12-23 16:31:09,"It's missing features. 1) When setting up repeating tasks, the reminder notifications do not repeat after the initial task. You have to manually add reminders to each subsequent task in a series. 2) When pushing the due date of a repeating task out a couple days it changes the due date of the entire series. Don't want it to do that. 3) I'd like all past due tasks as well as today's tasks to show up in ""My Day"""
2,2025-12-18 16:45:49,I used to love this app but now the widget does nothing but freak out. I've tried removing and reinstalling.
2,2025-12-18 11:05:33,there is a bug in the widget which forces the tasks to refresh constantly. i cant see anything most ofnthe time because of constant infinite refreshing loop.
2,2025-12-18 09:01:26,app has glitches with new Android updates. the widget is flashing constantly.
2,2025-12-18 04:00:56,Home screen widget is broken in the latest version. I can't click anywhere and it starts glitching on its own sometimes.
2,2025-12-17 07:22:20,there is a bug with the widget where it continuiously fails to load the list for the day
2,2025-12-15 03:03:28,"Good app, but WHY MY MICROSOFT ACCOUNT ALWAYS ATTACKED? I always need to re-login and microsoft force me to create new password almost every day!!"
2,2025-12-13 23:13:26,"Selalu bermasalah dengan sinkronisasi. Ketika berganti ponsel, ada kegiatan yang hilang. Di PC juga tidak langsung terupdate. Kalau berganti hari, juga lambat update kegiatannya."
2,2025-12-13 20:08:23,Latest update broke desktop widgets. now they just flicker between showing my list and saying everything done. This flickering occurs many times a second.
2,2025-12-13 14:38:40,it was perfect until latest update that the widget is not responsive and is crashing all the time
2,2025-12-12 22:59:38,"Used to be a good app, but appears abandoned by Microsoft - no update since April 2025, more and more bugs creeping in, no evidence of MS intent to fix them. I think all staff are busy adding horrific AI anti-features to other apps."
2,2025-12-12 15:45:19,Add the ability to customize our wallpaper on the desktop version using our images please
2,2025-12-12 15:02:47,"Used to be great but now the widgets have stopped working, they keep glitching and switching all my lists to ""You're done!"" instead of showing my list items. I've tried deleting them and re-adding them, clearing the cache, and nothing works..."
2,2025-12-11 10:35:06,Menu driven and clunky to use.
2,2025-12-10 14:07:25,"I use the widgets every day for my tasks and shopping lists but lately the widgets have been so glitchy, from not updating the list items to now the whole widget flashing"
2,2025-12-09 15:23:22,"It's been working well for a while, but starting today the widget is failing to load tasks."
2,2025-12-05 11:01:12,"please stop asking me to turn on notifications every time I open it. needs a ""don't remind me again' sub prompt"
2,2025-11-29 19:19:49,stop asking me to turn on notifications each time I launch the app.
2,2025-11-29 12:53:11,"Not a friendly app like Google Task, need good looking and more facility"
2,2025-11-26 19:55:49,I generally get on very well with Microsoft products. this one stinks. not much better on a PC tbh
2,2025-11-21 22:58:31,"never shows tasks when I look for them. reminders are in a smarmy, passive-aggressive tone."
2,2025-11-20 22:14:38,ok experience but it ask me to enable notifications every time i start it. i keep saying no but it keeps insisting.
2,2025-11-13 17:01:52,Many times I set a reminder and the notification comes hours after the reminder set time so I miss the event.
2,2025-11-11 01:09:28,Disappointingly the app has become overly complicated. Previously it was more user friendly to create new reminders.
2,2025-11-06 08:14:08,"On Galaxy phone to-do reminders get bunched up together under one notification, and what's even worse only eight of them are shown! This makes it unusable as I have more than eight reminders every day and now I just miss them because they are not displayed in notifications!"
2,2025-11-02 04:05:15,Would love to give a 5 star ⭐ but the widgets not syncing properly/accurate has changed my mood... please work on the widgets and would love to continue using the app... Hoping for an update soon 🤞🏻
2,2025-10-28 08:26:32,"This app has been getting worse since the last big revision MS did, maybe a year ago? Now my lists are randomly reorganizing themselves. Almost daily. Sometimes an item moves to the top, sometimes 4 lines from the top. Sometimes the bottom. I am using custom sort, it shouldnt be trying to do ANYTHING. Next, web version and app version have gotten worse about playing together. It used to be fine to update on either one and it would sync. Now some updates dont make it to the app & reverse."
2,2025-10-27 01:07:27,"(1) please fix the drag & drop feature to reorder lists. If i accidentally move it outside the group i cant drag it back in! (2) Tasks are missing an ""importance"" field. So it's impossible to properly order by importance."
2,2025-10-22 19:05:58,"Had to uninstall as, not for the first time, it's started consuming about 35% of my battery, daily. Will wait for the next update..."
2,2025-10-22 01:43:01,Not consistent with Task manager in Outlook. Can't do something as simple as disabling the sound when a task is marked complete. Disappointed.
2,2025-10-20 02:03:26,keeps logging out. doesn't sync well.
2,2025-10-19 14:58:23,राम्रो छ।
2,2025-10-17 02:14:45,"the application stopped synching with the htlm access to the account, and vice versa."
2,2025-10-12 09:15:30,"Long running recurring task stopped working now, no longer re-establishes after completing. Still, since ToDo was made, NEVER made a standalone reliable way to export ToDo data; clumping together with ""outlook"" export is a complete failure, NEVER works."
2,2025-10-02 12:20:22,Not syncing properly with the desktop app. Pls check
2,2025-10-02 10:47:31,"On my android, the widgets quit working frequently. I have to continually delete them and re-add them. This has been going on for years. I would have thought they could have figured it out and corrected it by now!"
2,2025-10-02 06:36:05,Shared lists fail to sync. Useless! Alright for personal lists I guess
2,2025-09-30 17:47:51,i found Daily Task Trakr: Todo & Journal app very useful than this one
2,2025-09-30 05:50:51,"The tasks are not updating on my widget, i guess it is linked to my wifes account but it works on hers. Ive reinstalled it several time and still the same issue"
2,2025-09-22 23:52:01,"I feel as if the project was abandoned, no real updates"
2,2025-09-13 18:18:35,Be Careful merely touching the app -Touch incorrectly & You Will Mark a Task Complete. There Is No Setting To Disable This STUPID Microsoft Feature...! But that's okay cuz Microsoft knows best :(
2,2025-09-11 05:55:32,very good app but recently all lists get randomly removed and yoi have to wait like 30 minutes for them to show up again
2,2025-09-09 22:24:17,"app good, but widget is broken with latest update to Samsung a15. tried to r uninstall and reinstall. no change. crashes within a few hours"
2,2025-09-08 22:20:02,"collects your data.... I found a small developer in Google Play Store that has the best of the best task app. and does not collect any data from your device. and the developer address is not from russia or India (high risk of spyware; not saying all from these countries are spyware, but one must take extra precautions)"
2,2025-09-07 23:23:20,what have ya done with the app. Pathetic
2,2025-09-05 22:35:55,Loved the app until shared lists broke. My wife updated the shared list and it never updated on my side I've tried uninstalling on both side resetting up the link and the first sync it pulls everything bit never updated again after that. I get the notification but the list never reflects it. I couldn't find support so hopefully I can get some help here?
2,2025-09-03 03:37:40,"It used to work great to share lists. Now it doesn't show updates for everyone, only some....not very useful to share lists that don’t update."
2,2025-08-31 01:58:53,"Sync on shared lists is unreliable, rendering it unusable. It doesn't even show errors."
2,2025-08-30 17:07:48,the sync function wtith shared lists ceased working a few weeks ago. pls fix this. otherwise its simple and ok to use if you dont need anything fancy.
2,2025-08-30 09:54:34,"Syncing stopped working. It's probably okay as a standalone app but for me its value was in list sharing, which is no longer possible."
2,2025-08-29 18:13:29,good 👍👍👍
2,2025-08-27 19:30:15,"Home screen widget does not update with changes in task list, it do not matter of the task list was change on the phone app or in the web."
2,2025-08-27 11:14:54,need more updates
2,2025-08-27 00:48:20,"My family has used this app for years. Been great for sharing lists for grocery shopping. But recently, our shared lists have stopped syncing. Changes my wife makes show up in my app but no changes I make will show in hers but she will get notifications. Please fix ASAP otherwise we'll have to find a new app"
2,2025-08-19 20:25:15,"Wunderlist was amazing!! Then, Microsoft bought it and replaced it with this app. If you are going to buy a better app, make it your main app. The To Do app is poor and inadequate. For example, you cannot search within one of your list nor can you uncheck all items (you have to uncheck each and every item manually) and it crashes all time!! So frustrating! Microsoft should improve their products instead ot buying better apps and discarding them to decrease their competition..."
2,2025-08-14 10:17:10,add the notification function while nearby a place
2,2025-08-13 22:44:56,"I was forced to migrate here from old Wunderlist app, to avoid losing my lists. This app currently has blocker issue: our basic ""groceries"" list with 2 users suddently stopped syncing after reaching 3850 completed items. And it is impossible to contact app support (emails bounce with err 550: 5.4.1)."
2,2025-08-13 10:03:02,"Mistakenly deleting tasks is way too easy, and restoring them seems to be impossible! I've recently swiped a critical task to the left, and even though I've configured the app to ""Confirm before deleting"", it did not ask for confirmation, and now that critical information is lost!"
2,2025-08-13 08:48:40,"do I've to sign in every time I'm using it? Nah, I'm uninstalling this now"
2,2025-08-12 08:55:29,The fact that you can't delete tasks in bulk in this app is one of the worst design flaws I've ever encountered.
2,2025-08-10 17:51:35,"Lists aren't syncing, I check off an item, but it remains unchecked on the other users list. Please fix."
2,2025-07-27 00:24:16,"Used to work great but for the last month it keeps saying to login on the widget but when I do it makes me login and verify my identity twice in a row and then gives me an error the second time saying, ""Too many requests."" I really enjoy using this app especially with the search feature. I hope it can be fixed soon or I'll have to find another way to manage my tasks."
2,2025-07-22 11:44:07,hey please implement long alert tones.. sometimes when i was in busy area a single notification not enough and add repeat to minutes
2,2025-07-21 18:00:36,Not having the ability to put numeric task ranking for importance is an enormous downside to this task list. Everything is either equally important or equally not important. That's ridiculous. I use categories in the desktop version to address this serious deficiency. It is still a meaningful gap there too. There is no good way to address it here.
2,2025-07-20 16:51:10,"can you please have this app stop asking me to ""turn on reminders"" every time I open it? I keep hitting dismiss but it keeps coming up."
2,2025-07-18 11:31:13,very clean and good os level integration. Give it a try. You might like it.
2,2025-07-17 14:33:41,No support for handwriting
2,2025-07-16 18:14:39,how did Microsoft manage to complicate the most simple and straightforward possible app idea / function .. a to-do list!!
2,2025-07-10 13:18:39,"great app until today where it keeps trying to sign me in, when logged in it doesn't sync my previous to do lists, and signs me out after 10 secs, rince and repeat. this has happened about 30 times in the last 30 minutes, it's very frustrating. please fix the issue!!"
2,2025-07-10 12:46:02,"I used to use this app everyday. However, it recently stopped working. It kept logging me out and reloading the sign-in screen, even if I was already logged in, so I couldn't do anything. I also restarted my phone and uninstalled and reinstalled it but it keeps reloading."
2,2025-07-10 11:48:00,"Dear Microsoft, You have all the resources, time, and budget to make a great app, and YET this app regularly (once a year!) has crashes that make it unusable... and the problem is not fixed for months... How is this possible?! There are vibe coders who have published more stable apps! Sincerely,"
2,2025-07-10 10:45:29,"Today, it kept asking me to sign in, making the app basically unusable. Did the smart bosses outsourced Auth part to Builder.ai or something?"
2,2025-07-10 09:34:11,"It was working ok, until one day it started acting up, logging me out every five minutes. when I logged back in, all my tasks had disappeared. Don't recommend trusting this app with your data."
2,2025-07-10 09:21:26,something is wrong with this app. login is not working.
2,2025-07-10 08:32:58,"Used to really like this app and it would help me remember important things I needed to do, but I've had to delete it. It asked me sign in again, so used authenticator app to do so, but then got stuck in a loop of having to keep signing in and couldn't use the app! Frustrating! Has this happened to anyone else?"
2,2025-07-02 17:38:04,you have a problem with the desktop widget in android for Samsung it's not updating and hang on one day. please fix it
2,2025-06-30 20:34:35,"Further development of this app is long overdue. Tasks which are incomplete by their due date should remain on ""My Day."" Tasks should be able to be created with a start date and an end date, and be visible on ""My Day"" until they are completed."
2,2025-06-25 17:51:10,"The functionality is great however it would intermittently make my phone unusable. The phone screen would not reactivate after pressing ON, similarly the screen lock would freeze and the Android pull down system menu would freeze. All these issues disappeared as soon as I uninstalled ToDo."
2,2025-06-23 19:52:21,The widget freezes after some time when trying to scroll it. Happening after One UI update in S24 Ultra. Widget is the main thing I use.
2,2025-06-20 13:11:14,App is good and easy to use. But after sometime widget is not responding. Need to delete and re add widget to see tasks. Hope they will find a fix.
2,2025-06-20 06:31:01,"A perfectly good app that suffers from the same disease every Microsoft app does: it won't actually let me use it the way I want. Every single time I use the app it gives me an annoying screen warning me that it isn't allowed to send me push notifications because I turned them off. I turned them off because I don't want them, but the app simply cannot accept it."
2,2025-06-13 07:21:00,I've been getting tons of notifications for the same recurring tasks lately (like 12 notifications every night for 3 tasks that aren't due in a month). hope this is a bug that will get fixed soon.
2,2025-06-02 05:27:54,shopping list
2,2025-05-31 22:17:56,"Whenever I open the app, it shows me a popup to enable notifications. I don't want to enable notifications. Very painful to dismiss this popup UX every time I open ToDo"
2,2025-05-23 12:51:14,"No option to add overdue task in My Day. Annoying Cleanup Incomplete Task card. Too few emojis, why not use keyboard emoji instead. Stop setting default features - USE TOGGLES!!!!"
2,2025-05-21 04:15:17,"Terrible. It was great at first, and then it crashes. I cannot add more todo list. Everytime I open it, it crashes and push me out. Restart does nothing, uninstall and reinstall do nothing. I gave up on the app."
2,2025-05-20 16:20:48,I think you've done a really good job with this app. I miss the search function when adding items to my day. Edit: This MS account Thing is getting really annoying
2,2025-05-20 04:11:28,wigidt refresh nahi ho raha hai. i hope microsoft wale isse theek kare
2,2025-05-15 04:43:09,"I'm on S25 latest software and app update Widgets do not refresh when changes are made to the list, even when I click refresh Usually happen a day or a few days after adding widget I have to delete Widget and add back widget in order for it to reflect any new items or completed items (removed from list)"
2,2025-05-10 03:08:49,1. Flagged email body is not showing in the app. 2. Subgrouping also needed
2,2025-05-07 05:33:03,poor. can't share/delegate. have two emails but can't convince lists
2,2025-05-03 09:25:26,"Lately it has been late at showing notifications, sometimes 1 hour or more. That makes it unusable. I've done everything I need to keep the app awake but this still happens."
2,2025-04-27 23:39:22,"Hate the ""reminder"" to turn on reminder!!! Annoying extra step to delete this message EVERY TIME!!!"
2,2025-04-18 18:37:31,alarm option is limited
2,2025-04-18 05:54:37,"No way to order by due date, so they are logically unordered."
2,2025-04-16 16:24:54,Your widget is terrible. It freezes everyday and has to be removed and readded and then it starts all over. I can't use it anymore. Let me know when you have it fixed and I would gladly up the rating to 5 stars.
2,2025-04-13 01:19:10,"Falta ter visualização em modo calendário. E poder sincronizar com outros apps, por exemplo o Notion e Google Calendar."
2,2025-04-12 13:27:26,Buggy and annoying. It asks me to turn on the notification every time
2,2025-04-06 13:53:04,If you want to leave - and that day will come - there is no export function. So consider yourself locked-in.
2,2025-04-06 08:43:59,I like the app very much but it makes your phone lagging for no reason.
2,2025-04-04 02:34:34,"Does not flow to Calendar. Being as I live in Calendar, it is where all my To Do items live. Thus, as good as MS To Do is, all my To Do items are added in the Calendar, not a separate app. having to open and work in another app not syncing to Calendar is much busy wiek."
2,2025-04-03 10:25:12,This app used to be my holy grail but a few months ago it just stopped working on all devices.
2,2025-04-01 19:25:59,"Garbage app, very buggy. Flagged Outlook emails don't link back to Outlook so you're stuck going back into Outlook and running a search for that email before you can take action."
2,2025-03-31 19:21:01,Widget stops updating when ticking off / changing lists and items.... Annoying
2,2025-03-31 18:36:35,"it's good for one but needs to have the ability to show me my day and what's assigned to me and just me for that day, not what's on the entire list assigned to everyone else. it also needs the ability to assign separately sublist to different people and not have them all show up on my day. or have a my day, assigned to me only. it sucks this way."
2,2025-03-26 19:40:10,"I have restricted items which I can't change or remove, I am the only one man creating ToDo's, HOW DO I GET RID OF THEM?"
2,2025-03-26 10:00:28,"Useful app, however not sure if I'm missing a step, but I assume that because it's connected to outlook, if I put something in my to do list I would have thought it was automatically gone on to my calender as well. Tips? I will make 5 stars once the app works perfectly"
2,2025-03-24 08:45:54,App does not show up in battery optimisation settings of OS settings to exclude it from getting killed. Please fix it.
2,2025-03-22 19:53:14,A reasonable app but has bugs. It lacks regular updates with new features.
2,2025-03-22 08:48:33,"I only use it maybe every other week. It signs me out about every 3 weeks. Then I get a reoccurring notification to sign back in to sync, even though I'm not actively using it at the time. It has become annoying enough that I just uninstalled and will find something else."
2,2025-03-15 01:00:37,"I hate the notification that pops up EVERY time I open the app, suggesting that I turn on reminders in settings. I would do that if I wanted it, but I don't, so stop reminding me EVERY time I open the app."
2,2025-03-09 10:51:37,Please give back the ability to hide completed tasks from lists. To keep the list simple and focused.
2,2025-03-07 18:53:23,There seems to be a bug that I have been observing for the last couple of months. Seems like the widget of ToDo hangs for days. I have to remove my current gadget and add a new one just to see the updated ToDo list. Details OS: Android v14 Phone: Samsung S22 Could you please look into it. Thanks
2,2025-03-06 08:59:36,There is no functionality for transferring subtasks from one task to another
2,2025-03-01 21:33:12,"To Do app on my Pixel phone has stopped working. I have reinstalled the app, restarted the phone. - it just keeps circling. I can't seem to find support for To Do."
2,2025-03-01 21:32:51,problem with email
2,2025-03-01 21:25:46,"App just suddenly stopped working; requests I re-login to my account & when I do, it goes into a loop that never signs me in. Verified all my other Microsoft apps are working as normal."
2,2025-03-01 21:25:16,"3/1/25: Can't sign in or sync any more! It suddenly notified me that I need to re-login, and when I clicked on the notification it stuck in a reloading loop where the login page never properly loaded! 1/3/25: Unable to move lists into folder! They keep ""sliding"" out when dropping the drag. Could only organize them using the web app, which provides a more straightforward ""Move To"" pop-up menu!"
2,2025-03-01 21:23:52,"This is a decent app that continues to get worse over time because it seems like Microsoft is ignoring it. It won't synchronize any more, and it doesn't provide me an error message telling me why it won't synchronize. That's extremely frustrating, and it's also really irritating how often it prompts me to turn on reminder settings. I don't want to do that!"
2,2025-03-01 21:21:49,App is broken and can't log in
2,2025-03-01 21:14:32,Trying to sign in and it got stucked
2,2025-03-01 21:13:44,Suddenly stopped working i had to delete it to stop cycling through signing in. Too bad it worked well for so many years.
2,2025-03-01 21:11:48,"Great app, stuck in a login loop today for some reason even after a reinstall."
2,2025-03-01 21:11:31,"It was one of the best todo list apps put there, but after the last update the app prompted me to log in again and now it is stuck in a loop constantly reloading again and again after I open it. Tried clearing cache and data and reinstalling, but nothing helped."
2,2025-03-01 21:01:38,"Ran into issues. It keeps blinking in and out. It needs required fix to be honest or could be at my end. So, it useless."
2,2025-03-01 21:00:45,Started as 5 stars by utility but in classic MS fashion a week or two in it wants you to log in again and then gets stuck in a sync/login loop that makes it inaccessible
2,2025-03-01 19:40:39,"It asks me to turn on notifications every time, seemingly without a way to disable the notification"
2,2025-02-26 02:21:37,"Widget constantly stops working. Have to delete it and re-add, but now that doesn't work either. It won't display the tasks."
2,2025-02-22 18:15:04,"I don't want notifications. But every single time I open the app, as for example, to add milk to a grocery list, the app sends a pop-up ""you haven't set up notifications in settings"". Exactly right! But every addition to my list sparks this pop-up. Over and over and over again. Annoying. Am looking for a non-annoying to-do list."
2,2025-02-22 04:29:51,"i think there is a need for widgets, so i can place them on the homepage and see the to do and add easily instead of having to open the app"
2,2025-02-20 06:18:40,Doesn't sync between phone and PC smoothly
2,2025-02-18 02:24:09,"This app on Android will not stop asking me to turn on reminders. I don't want reminders or notifications. I turned them off on purpose. I have dismissed the ""turn on reminders"" box dozens of time. Every time I open the app in fact. Microsoft, I said no! Now stop it. Will be looking for another app for just this reason"
2,2025-02-14 21:25:28,"I liked this app and used it, but it has occurred to me that I don't open it anymore. why? I think Microsoft are being or trying to be too smart. there is a saying, keep it simple! now this app is simple but it sits in a whole raft of apps that does similar functions by Microsoft and that is the problem"
2,2025-02-11 16:28:54,"So desperate to send notifications, it gives you notices to turn them on every time you open the app. Stop it."
2,2025-02-09 18:06:55,"One could wonder if they have any quality person at all working with this app? All items doesn't sync, you add one step in a task and it tripples, first task seen in web app doesn't appear in mobile app and so on. Microsoft usually have things in order but not in this case. As a result , the app feels basically unusable for its purpose - to make every day tasks simpler. Until bugs are fixed my recommendation would be to avoid."
2,2025-02-04 10:21:52,Good
2,2025-02-03 21:09:14,Sharing lists doesn't work
2,2025-01-24 12:04:01,I like Google Tasks way more. This app was hard to use/figure out. So I gave up.
2,2025-01-17 04:58:06,"Can we have the lists back at the top of the page like Wunderlist, I don't need any of the options that take up the top half of my screen! The latest version now has an annoying reminder if you have turned off notifications! The reminder comes up every time you open the app, it's very annoying! And just for good measure the email address for support is just bouncing!"
2,2025-01-12 19:20:11,Stop with the pestering to turn on notifications!!!
2,2025-01-09 17:37:41,This is weird. My Gmail todo is not the same or syncing with the list from this app. It seems like Microsoft created a Gmail outlook account for me and they're now not syncing?
2,2025-01-07 22:06:09,Tell me to login again. It makes me feel alive. /s
2,2025-01-05 21:38:58,"I just wasted 10min trying to log in from a PC without using microsofts authenticator app... Also, I chose to opt out of notifications for a reason. No need to ask me to reconsider this EVERY SINGLE TIME I OPEN THE APP."
2,2025-01-05 02:13:38,"To do applications should have a feature that allows one to view all tasks date wise, meaning there should be a calendar option where one can select a date and see all the tasks of that particular date. And there should also be a feature to mark each task with a color or symbol."
2,2025-01-04 02:03:29,"It is very handy, however it is constantly asking me to enable notifications and you can't turn that off"
2,2024-12-28 13:49:52,Can't get a new account after signing out.
2,2024-12-20 14:34:27,Had to uninstall and reinstall to change accounts when I moved jobs.
2,2024-12-15 07:54:05,Liked the application very much. But sometime yesterday it unlinked all the task from categories which is disappointing. Also it shows lot of advertisements.
2,2024-12-14 21:32:43,Tags tags tags tags.... Where are my tags? There ARE tags in the back end. You could do tags If you chose to On what do tags here depend? Please supply tags Other apps have tags Micro Soft cannot defend ...... the lack of tags or categories or whatever you want to call them. Go TAGS!
2,2024-12-13 11:05:48,"Enable a preview feature within this app, notification 🔔 data could be viewed within the notification 🔔 without the hassle of opening the app again and again to see the details, and then closing all the applications running in progress and seeing what's in the notification. Make sure you enable a custom bell/ringtone option or pr load more notification ring stones. Also enable date and time stamps within the notification at the top right corner so one can measure his efficiency mote precisely."
2,2024-12-09 17:59:20,Solid app. Loses 3 stars for asking for notification permission every time I open it.
2,2024-11-27 11:40:48,I cannot even log in. Or sign up. It never stops loading.
2,2024-11-21 16:11:34,"Issue in plant widget of to do list. In the to do list plant widget if you make a task which daily repetition, the task is completed the task is showing in plant widget on home screen."
2,2024-11-18 11:34:26,Widget is not refreshing anymore
2,2024-11-17 17:13:15,"The app and the widget is good but there is a bug for daily repeats, it wouldn't show the task in next day in the widget. even if it is a daily repeat"
2,2024-11-17 10:37:06,Laggin on refresh. Pls fix
2,2024-11-17 00:24:04,it's good and a lot of further.I like it
2,2024-11-16 14:10:17,"I uninstalled because repeating tasks seem to randomly disappear. Also, snoozing tasks only seems to work about half the time. Unfortunately I'm going to have to switch back to Google's app."
2,2024-11-13 16:05:29,"It keeps asking me to login, but then tells me it's not successful - And today it's in Japanese under the English! I would have given 5 stars but for these 2 problems"
2,2024-11-10 01:12:15,No direct integration with google assistant
2,2024-10-31 17:58:40,Widget doesn't work on samsung s24+
2,2024-10-24 08:17:26,Good
2,2024-10-23 04:27:16,I don't like the idea that I need to provide phone number to keep this app. I didn't mind to have this because I could use in my computer as well as my phone but I m ganna delete this
2,2024-10-22 16:09:35,"Great design, but has failed to open after being opened and used 3 times. After force stopping doesn't open, and requires fresh install before it'll open again. On an xperia 1 vi."
2,2024-10-22 11:56:22,Hoje 22/10 o widget no meu Redimi Note não está atualizando quando o dia vira. Só atualiza se eu manualmente excluir o widget e inseri-lo novamente.
2,2024-10-20 02:53:28,"10/19/24 notifications on a schedule keep triggering an hour later than scheduled. Not sure why it changed after being set up on a regular schedule ,............. I like it and use it as it syncs well. However the mobile app would be much better if it had a to mirror the buttons for left handers. I've 'completed' many tasks that I mean to add to my day, it's a little annoying"
2,2024-10-16 06:12:11,"Annoying warnings, can't skip missed tasks automatically."
2,2024-10-13 23:03:30,"Needs delete button moved, swipe up will accidentally hit it sometimes"
2,2024-10-13 17:52:09,This should be part of the Outlook app.
2,2024-10-13 13:56:55,Deletes info
2,2024-10-12 08:56:12,"Decent app, but annoyingly tries to get me to allow notifications every time I open the app. No means no, Microsoft."
2,2024-10-09 05:39:00,1. Widgets are not updating for more than 1 month 2. There is no option to add tasks to the calendar in android
2,2024-10-08 09:06:41,it's better if you could easily view your to-do list automatically plotted in a calendar through the To-Do app
2,2024-10-06 13:30:03,"It's 2024 and there's no word wrap in the to do item. I literally have to tap to bring up the edit screen and pull right to read what on earth the item is. Like seriously? No location-based prompts, sometimes you need reminders when in a particular place or 2-3 pre-determined places like supermarkets. Plus no monthly calendar AT ALL. if I want to know what date is next Monday I need another app. Bugger"
2,2024-10-06 07:56:52,UPDATE 6TH OCT 24- ANY ADVICE REF THE FOLLOWING? CANNOT HIGHLIGHT WORDS IN NOTES AREA I used to be able to highlight words in notes area but this feature has now gone on both the ANDROID and WINDOWS 11 versions. Please advise? Thanks
2,2024-10-05 16:32:50,Annoying that it prompts you to turn on notifications every time you open the app. I don't want notifications...just a to do list. Looking for another solution.
2,2024-10-02 05:18:05,"I used to love this app because of its theme, but the new skins totally kill the app. And whenever I type thu.. its seem auto doing somekind of settings duedate then disappear"
2,2024-10-01 12:11:06,I keep getting the error message that I cannot make changes to my task because I'm not the task owner. I am the task owner. I cannot find how to correct this.
3,2026-10-01 07:09:37,I love this app. However there is a problem on the notes on a task. The keyboard pops up when you want to edit and you can't scroll under that on the notes to see what else you've put down. Please could you sort. It didn't used to do that. Please could you make it an option to set a date for steps in the main tasks. That would be wonderful.
3,2026-09-20 22:31:44,ok
3,2026-09-17 20:30:55,good app missing being able to 1) add Subtasks/Steps to daily tasks 2) add more Subtasks/Steps in other Subtasks/Steps
3,2026-09-11 02:00:18,"Surprisingly a great app. But the lists are not searchable, can't find anything, once you have a large list of projects. such a simple feature such a shame."
3,2026-09-09 12:00:34,"The Windows App is good, but it needs some updating. Cannot apply categories or use a Grid view of your Tasks."
3,2026-09-07 15:03:01,i think a link with copilot and outlook will be great to be able to fill via mail and ai
3,2026-09-07 02:12:28,on web experience is not good
3,2026-09-06 10:52:10,"The app is wonderful, but is missing 2 features that would really make it complete: 1. when you paste a list, separated by line breaks, it should ask for them to be added as multiple tasks, not just one. 2. a task should be allowed to be added as subtask of another task. eg. instead if you have two task, bread and milk, it would be nice if they cab have an option called ""add as subtask"". it means i can them add it as a subtask under a task called ""shopping""."
3,2026-09-05 12:59:17,🤍
3,2026-08-30 14:08:55,"would give it a five star if the widget actually worked, I thought the whole point of this app is so that you can quickly pop something in it not if I've got to go searching for the app every time it's not."
3,2026-08-29 09:01:01,It keeps on popping up 'Unable to sync'. Makes things very difficult when there are other list members you'd want to share your list with.
3,2026-08-29 05:56:30,whatever the things i am putting in my day tab if it is not completed it should be carry forward to next day. please add this feature
3,2026-08-27 07:21:34,"In the most recent version, in the note section of each item, if there is a lot of text, you cant scroll down to access the lower part of your notes. Makes it impossible to edit. Please rectify this issue.."
3,2026-08-22 17:48:32,Cool app. Needs some work to get to Microsoft Outlook Task functionality.
3,2026-08-19 02:44:51,The app for the most part is decent. My biggest issue is with the widget. I routinely have to delete it from my home screen and add it back to get it to sync properly. It's annoying.
3,2026-08-09 04:32:02,"App works well but it does get the date wrong with repeated tasks, it's honestly insane how such a big company can't get a simple feature right. Maybe stop vibe coding everything."
3,2026-08-04 13:16:49,Meh
3,2026-08-03 23:37:41,Great app although disappointing that when you group by category this isn't fixed in place and has to be manually grouped every time you leave and return to the app
3,2026-07-31 13:31:16,It would be better if it has calender grid view in to do app. it would make life easier
3,2026-07-30 03:46:54,"The app does not give full screen notification or persistent notification/alarm requiring a response to stop. As a result, I miss a lot of reminders, especially when for some reason my mobile remains switched off. Also I see no option to change the notification/alarm sound and also vibration alerts are missing."
3,2026-07-24 17:13:38,It would be nice not to constantly have a pop up reminder everytime I open the app to to turn notifications on
3,2026-07-21 15:00:05,the widget is very finicky. the opacity doesn't work and when I chose certain lists it doesn't show up.
3,2026-07-20 21:27:44,"Please bring back the ""My Day"" and ""Add Task"" widgets."
3,2026-07-20 08:21:31,I love this app! However on the galaxy S20 the widgets have started flickering rapidly on screen. Please fix this!
3,2026-07-18 20:48:48,Would be good to have more features. At least: 1. Improve deletion of scheduled completed items. 2. Add text formatting. 3. Add integration with OneNote as a free feature.
3,2026-07-14 01:39:20,"Mostly useful, but this week they inflicted a zany new bug. In the My Day list, I can no longer drag tasks up or down for a custom sort if even 1 task is starred. Sorting has worked fine for years. Why break it now? Someone also thought it clever to send reminder notifications not when I set them but at some random time the previous day. Why?!"
3,2026-07-13 15:33:19,The only problem I want solved is swiping right or left. I keep accidentally deleting tasks.
3,2026-07-11 20:14:24,"I've used this app for years and liked it, but it's been accumulating a lot of sync-related bugs over the last year and I think I need to find something else."
3,2026-07-11 14:17:04,The app hasn't been able to sync since almost 3 days with no specific reason!
3,2026-07-10 15:23:54,"Nice app, but there is sync issue, it shows ""sync before 10 Hours"""
3,2026-07-10 13:03:23,"why does it constantly say "" unable to sync"" ? it's very annoying and my spouse is not getting anything i add to our shared list."
3,2026-07-07 16:09:50,"khi tôi ghi chú mà có từ "" thứ năm hoạc thu hoặc thứ sáu "" đều bị thoát ứng dụng."
3,2026-07-06 23:48:13,Won't sync
3,2026-07-06 15:26:17,this app better to be abled to add tasks to the Google calendar as events or tasks
3,2026-07-03 23:35:27,"I cannot access my compete Task, because when the keyboard opens it covers the bottom of the task and relocates the cursor upwards. Since July/August 2025. Problem continues, July 2026. NEW PROBLEM: Display sizing glitch in ToDo, sized properly in edit view but non-esit view magnified type and kills formatting."
3,2026-07-02 22:48:33,"standalone it works great. however syncing lists with others is very unreliable. stops working for a while, then magically fixes itself for a while."
3,2026-07-02 20:07:30,Love this app but I wish I could do more.
3,2026-06-28 14:36:07,"Disappointed that the tasks don't automatically restart on the next day in ""My Day"" section, unless they were done the day prior (despite setting them to repeat daily)."
3,2026-06-27 09:06:59,"something odd, when I'm editing the text in an item, usually i put lists in there, it won't scroll to the bottom of the text. i can't see what and were I'm typing when the text is beyond the length of the visible screen. this is only so with the keyboard visible."
3,2026-06-26 21:31:40,"I want to like it, but ticking off tasks via the widget doesn't seem to register, which is a huge issue."
3,2026-06-24 20:34:43,widget bugs out consistently. love that i can customize main app page. mutliple lists is also great.
3,2026-06-24 07:32:58,It doesn't automatically sync with changes made on another device
3,2026-06-22 15:37:25,it's always been great but for some reason now I can no longer scroll down when writing notes
3,2026-06-21 12:51:16,so hard to log in
3,2026-06-21 08:17:05,colours would be helpful so you can colour coordinate
3,2026-06-19 09:19:27,Please add at least a simple PIN or fingerprint lock feature to this app. I do not want my sensitive to-do lists to be visible to anyone who happens to use or access my phone. Please take user privacy seriously and consider implementing basic security measures to protect personal data.
3,2026-06-09 20:19:56,"needs calendar sync, hard to visualize tasks"
3,2026-06-09 18:00:08,"Before microsoft purchased this app few years ago, it was simple, easy to use and very responsive. Unfortunately, it has become less intuitive and irritating to use. Too often, it just freezes or does not show my edits in a timely manner. I still use it occasionally, but its no longer my go-to app for preparing lists and reminders."
3,2026-06-05 18:50:37,I use it for work. I would say it's good in general. I would like to have the ability to create sections within a list instead of everything mashed together. like maybe the ability to group tasks in each list by due date. it is a little buggy at times. after duplicating an existing list it has rearranged the order of tasks and/or made multiples of certain tasks
3,2026-06-04 10:00:10,The fact that I had to uninstall and reinstall the app just to remove an old account and add a new one is diabolical
3,2026-06-02 12:50:19,if it had tracking and timing about when you finished your tasks it would be much better
3,2026-05-26 12:31:22,"Nice app, but: - absence to see Outlook categories - absence of WearOS app, offered by any big app in this category - no custom list theme sync with the desktop app After implementing those features I will be able to say that this app is the best task manager app for individuals"
3,2026-05-25 14:13:20,"I love the app, 2 things though. one is there should be a option to chose to delete tasks once completed. second my widget keeps glitching and does not work"
3,2026-05-22 09:06:38,To Do widget for home screen has been very buggy for months. It is constantly flashing and reloading and is unusable at times.
3,2026-05-22 00:04:38,"Improvements badly needed include adding the option to make notifications persistent, as it's FAR too easy to accidentally swipe them all away at once or to make them all disappear by accidentally opening the app from the notifications. Otherwise, a good replacement for Google Tasks which for some reason refuses to include a search feature. To Do has search, great organization features including multiple tasks lists with steps you can add to tasks, syncs across devices and more."
3,2026-05-20 11:58:26,more categories needed.
3,2026-05-17 20:12:31,"Enjoy the app but after recent updates, my home screen widget is continuously loading. My Day tasks don't show. The widget is flashing"
3,2026-05-11 20:10:09,"It is basic and quite helpful. And for free, I can't complain. If I use it correctly, it is a great tool.I've tried about six different online personal organization apps and so far.This one works the best for me"
3,2026-05-07 07:37:28,Unfortunately the start of week day setting is bugged on andriod. So the weekday is forced to start on a saturday. This app is also not availabe for samsung watches and other wearable OS
3,2026-05-06 06:16:08,"I do like the app, but the widget keeps freezing up. When it works, it allows me to quickly write down something I need to remember and later see it on my Pc aswell. So pretty good, but the widget needs work."
3,2026-05-05 11:38:29,"The widget is too big, and the background is gray, not black. Edited: Nearly one year and still not fixed."
3,2026-05-03 19:26:10,Good but infuriating that repeat events every daylight savings change makes the repeat event one day earlier or later.
3,2026-05-03 18:51:54,"I'm forced to use Microsoft for college, and it's been the bane of my academic existence. There's always feature inconsistencies between versions (web/desktop/mobile), including To-Do. The most useful feature from the web version is grouping Categories to view tasks from individual classes. I was disappointed to learn that the app doesn't share that *highly useful* feature, but even more disappointed to learn it used to but disabled it. You also can't manually sort task items on web or mobile."
3,2026-05-02 22:28:05,"Widget keeps freaking out & won't load. Love this app but since the update a couple months ago, widget has been acting up. Onto the next one"
3,2026-05-02 20:09:16,Generally never had any issues with the app however in recent months I am encountering an issue where I cannot scroll to any text or content in a note that is beneath/behind the keyboard. This is on One UI 8.0 and the most recent version of the app. Doesn't matter which keyboard I use.
3,2026-05-02 09:30:18,I should turnoff the alert for my reminder so that i will know i have the work to do..if i am not on the phone the notification shouldn't go away.
3,2026-05-01 23:09:32,"This application has proven quite beneficial for my daily tasks; however, I have observed a persistent flickering issue with the widget. I previously brought this to your attention, but I have yet to receive a response regarding a solution. Could you kindly address this matter?"
3,2026-05-01 19:04:26,Not flexible and intelligent
3,2026-04-30 07:13:36,"How many times can an app ask if I want to turn on the notifications?!?!?! NO, I DONT want to! if I wanted, I would have done it! after every new to do list, he asks this question!"
3,2026-04-30 02:37:07,"it's an ok app for simple tasks. I wish you could have more steps that you can add on your own and pictures within the app. , also ,next to each task, note, or list item, it would be nice to have an expand button so that you could just look at the the different steps within the one task. o find it too rigid."
3,2026-04-29 06:20:18,"although using it a lot, and it has super simple and good approach - they do not add any useful features at all (only ""fixing bugs"" of a stable app). and there are needed features. so it isn't for everyone..."
3,2026-04-27 02:49:39,"it's good, just not for me"
3,2026-04-27 00:58:42,"I still love & appreciate the app but the glitches are getting more and more annoying. There are syncing issues/delays and recently, maybe from whatever updates they are doing, I cannot use my apps (Outlook, OneDrive, To Do). They all either won't open or are super glitchy & delayed. I've tried clearing cache and reinstalling and still issues. I also hate that somehow my personal one is linked to my work one, which once my job started adding all these restrictions, I can't do simple things."
3,2026-04-27 00:40:22,"Anything new on the widgets not working/freezing all the time? They will eother freez with that days tasks or just not update when finished. only the widget seems to be affected. I'm on galaxy s24fe, only have had issue since i changed phones but it's a weekly thing. I wrote in once but no response, 2nd time email rejected. Any suggestions would be appreciated."
3,2026-04-26 23:21:16,Ok task manager but not great. It would be nice if my day would include overdue automatically. Would be nice if my day only showed your tasks. would be nice if widgets supported filters. The main app is a little tuff to navigate
3,2026-04-23 20:07:05,"Notifications for Reminders are annoying, just on or off, no customization. This stupid app reminds me that I have tasks due with reminders, so essentially reminding me that it will be reminding me. Smart people can be so stupid at times. There's no calendar or agenda view, just listviews with various filters. The integration with Outlook Tasks is clunky. The options for Reminders and Recurring tasks are less than what Outlook has, basically a step backwards."
3,2026-04-23 19:21:31,"4/23/26 update: caused more snooze issues. I still haven't had the 1hr snooze option since 12/24/2022's update, and the rest of the snooze options completely fail, except the 5 minute snooze, which you can use 1-2x max. Now, in Android 16, using my phone's snooze, it doesn't pop up & notify me, just slips in w/other notifications that are random spots. And backup option fails every time. As far as I can see, this newest update also didn't fix these bugs, though I appreciate it updating again."
3,2026-04-19 23:33:11,This is a great organizational tool. It allows for great flexibility in your set up
3,2026-04-07 19:14:38,great app with one super annoying flaw - I don't want reminders and I don't know why I have to keep telling the app that everytime I open it. Seriously. You'd think 100 times is enough.
3,2026-04-07 06:57:05,"widget flickering on home screen, and cant open or see anything."
3,2026-04-07 01:28:25,"It's a great app, but the widget flickers sometimes, which is really frustrating. I also wish there were a separate overdue list that automatically includes previous days' missed tasks; navigating the 'Planned' list every time is tedious. ​(Device: Samsung Galaxy M16 5G)"
3,2026-04-06 19:13:22,"Widget is flickering, not usable at all"
3,2026-04-03 13:38:14,I cannot scroll down on a to do list when my keyboard is on. This makes the app virtually unusable
3,2026-04-02 15:19:01,Need full screen alert support for timed tasks like tick tick and samsung Reminders. Calendar like alerts option must be available to make sure we don't miss doing the task
3,2026-04-01 05:31:43,Pixel 10 Pro Fold. Formatting of this app is off. There's a big empty bar at the top now. Has been like this for some time now (since last year).
3,2026-03-28 20:22:00,"No matter how many times I tell this stupid program that I don't want to turn on notifications, it asks me every single time."
3,2026-03-27 20:27:10,works as expected. no search feature on the lists.. which would have been nice
3,2026-03-21 06:34:18,"Excellent replacement and improvement on Wunderlist, definitely recommended as a shared list app. Edit, every time I open it, it asks me to put on reminders and this gets in the way of functionality. I don't use reminders so I don't need to be reminded to put them on when I navigate out and in the app within 30 seconds."
3,2026-03-18 08:18:23,This would be better if it was easier to assign a range of priorities and categories.
3,2026-03-12 01:34:33,Simple and easy to use. Has one bug where keyboard covers botton of page so you cannot see whatcyou are typing.
3,2026-03-10 19:51:09,"This app is ok however it limits you as to the number of characters you can use while typing a reminder. WHY??? Also several times when completing a time and its set up to recurring everyday or month, it does not advance accurately"
3,2026-03-10 17:02:47,I cannot seem to remove tasks from 'my day' without deleting them
3,2026-03-06 05:02:29,"it's all right, not polished, prefer google."
3,2026-03-05 22:55:29,Should be easier to move tasks when one is open and the keyboard blocks the notes after they get to a certain length so you can't type at the bottom - unforgivable.
3,2026-03-05 17:55:14,Thanks for sharing your support
3,2026-03-03 19:23:37,Good but the widget is broken Sometimes the widget keeps refreshing constantly so you can't use it
3,2026-03-02 18:44:54,worked great up until a few weeks ago. The widget is what I'm having problems with. The screen (just the part where the widget is) begins flickering and acting crazy. I have to delete the widget and then install it again. it's annoying
3,2026-03-01 15:14:02,"Great integration between phone and desktop and they managed to add the ability to plan ahead and have it automatically show up on the assigned day however, the widget is no longer working. it is a continuous glitch when added to your home screen. Please fix this 🙏🏽"
3,2026-02-26 14:32:34,"Stop asking me if I want to enable alarms and reminders. I don't because I get these through outlook already. No means no, please learn consent"
3,2026-02-26 01:19:21,잘 쓰고 있습니다. 다만 갤럭시 사용중인데 위젯 오류가 잦습니다. 위젯 화면이 깜빡이면서 사용이 불가합니다.
3,2026-02-21 22:38:48,Was so good but now widgets usually turn white and unreadable a while after being placed
3,2026-02-21 14:15:01,widget not updating
3,2026-02-21 12:41:03,widget stopped updating. prior to this I was really pleased with this app.
3,2026-02-20 17:08:21,Provides a highly manageable way of handling ToDOs.
3,2026-02-20 10:22:49,no bad
3,2026-02-13 15:00:47,"I've been using this app for years on my phone, and it's been great! But recently I can't scroll down past the keyboard. It's very frustrating! If I can't get it resolved, I'll need to find a new app."
3,2026-02-09 04:50:47,it is good 😊 or I don't understand how to treat it 😔
3,2026-02-05 06:50:34,You can do many things in this application
3,2026-02-05 01:01:35,"sometime , certain task the apps auto complete. no kanban mode."
3,2026-02-04 05:37:25,Good but the Widget keeps staying still after some time working with tasks it just doesn't update anymore that's super annoying i have to remove the widget and place it again
3,2026-02-03 20:43:25,Two major downsides: - Completed tasks are not automatically deleted. - Tasks cannot be repeated from time of completion.
3,2026-02-03 18:48:16,I have a problem with the app widget it does not update any action I do till i remove the widget and put it again
3,2026-02-03 05:21:20,"UI is a bit buggy. e.g., editing an item's note, the text styling (bold, italics, etc) is hidden by the keyboard and can't be used. Also, it's bad user experience that one can't report bugs."
3,2026-02-02 05:51:25,"To do in moblie app, PC app and To Do in Outlook show different list. It should be the same. Don't know how to fix"
3,2026-02-01 08:26:14,"The widget freezes, it doesn't update after a while after being unrestricted from battery optimisation."
3,2026-02-01 00:44:46,Last update bug. Can't scroll to bottom of note when keyboard opens on android.
3,2026-01-31 22:47:15,"Recent problem is that the app doesn't and let me type at the bottom of a note which is frustrating because I use this app a lot for making note and lists. Great app, was a smooth transition from Wunderlist! It's also easy to switch devices since it backs up to your email."
3,2026-01-27 09:05:11,works well but is limited. I really wanted one that I could speak to with instructions to put into text.
3,2026-01-26 21:20:25,"I think this app needs a redesing, new colors and app for the Watch, also a big redesing in ipad with the Liquid Glass thing with better widgets."
3,2026-01-23 16:47:00,"Love this app, just so frustrating that for as long as I can remember, the custom themes I apply to different lists always disappear within a day, leaving a black background. Please fix this, thank you. 🙏"
3,2026-01-20 09:46:24,"Hi Microsoft To Do team, I would like to suggest adding the option to assign an **estimated duration** to tasks, along with a **built-in timer** to track time spent on them. This would help many users with better time management and planning. If this functionality is already available, could you please explain how it can be used? Thank you for considering this suggestion for a future update. Best regards."
3,2026-01-20 02:44:21,good
3,2026-01-19 10:13:52,Hourly Remind Not Have But It Have A Option To Upload Your Photo Not Wallpaper
3,2026-01-19 03:39:24,"it's a very good app and I have been using it for years.. however, I am going to write my particular issue and hope this gets fixed : the notes box under each reminder task no longer gives me the ability to write as much as I want to like in the past... maybe this isn't a big deal for many, but I do wish to be able to write long notes under my reminders. I don't know if this is my phone's fault or there's a text limit in the app, but I hope it goes back like it was in the past. thanks!"
3,2026-01-14 20:57:29,flagged email does not open on outlook
3,2026-01-12 11:19:59,"The app is great for planning, but lacks execution. Please add a native Pomodoro Timer and Focus Mode similar to 'Focus To-Do'. Users shouldn't have to leave the Microsoft ecosystem to find a timer. We need a way to 'execute' tasks, not just list them."
3,2026-01-11 20:26:05,"Good and useful todo system, with properly configurable times and a free and working API unlike Google. The app has some bugs - adding to next Monday yields tasks in the past, and it doesn't sort the day's task by time, but still extremely useful when integrated with other automation"
3,2026-01-07 15:15:52,It is a nice tool for sharing grocery lists with family. However it is super annoying that I have notifications/reminders for it turned off so now there is a pop-up everytime I open the app telling me to turn them back on.
3,2026-01-07 02:43:45,one of my favorite apps but lately it's broken on android. has some unusually large margin at the top of the screen
3,2026-01-02 16:56:07,"needs more, but 👍"
3,2026-01-01 17:49:00,decent app but wish it quit nagging me about reminder settings every time
3,2025-12-29 03:36:08,need more develop
3,2025-12-29 01:35:46,the widget I love keeps breaking and the list gone blank and I have to delete and reapply the widget multiple times to fix it. Please fix it
3,2025-12-28 13:15:33,The widget has stopped working. can't change the list anymore or change settings after the widget is added to the screen.
3,2025-12-28 01:32:26,"it requires a Microsoft account. Without it, you won't be able to use the app, and that is absurd and far from logic."
3,2025-12-24 15:52:12,"although I use this program exclusively, it occasionally will not update on the tasks list. I click the box to complete but I have to restart my phone to update. Rarely it will revert to a list from months ago. My current list is gone. it would be great to add items in any part of the list, instead of the bottom, then have to move it. I primarily use this for my shopping trips. the list showing on the app are places I have to go. then the lists of items are under each category."
3,2025-12-22 08:10:41,There is a problem with the widget it keeps lagging
3,2025-12-22 05:14:17,Great app to stay organized.. Watch app needs to be developed.
3,2025-12-18 08:03:34,"it's really good and well organized, however, a few things need an update: 1. Be able to upload multiple photos at the same time 2. Download all photos at once 3. After the day plan is done the next day should carry on without the attachments from the previous days (I have manually deleted previous day to carry on with the new day) 4. I'm sure it's missing more but just started using it 2 weeks ago"
3,2025-12-17 12:17:36,UI is not visible on the Phone's Dark Mode.
3,2025-12-16 17:12:39,"widget bugging out spamming: loading, no tasks found and the tasks sometimes. making widget unuseble. yes im using recent version. tasks app itself works"
3,2025-12-15 03:02:29,"The app itself is very good and useful. Unfortunately, the widget is unusable on my Samsung Tablet. It just keeps loading and fails to sync or show my tasks. Please fix this bug."
3,2025-12-14 15:43:36,Came to check reviews as the app keeps crashing and not responding. I guess as others have mentioned the latest update has caused issues. Hope they get solved soon.
3,2025-12-13 08:23:42,it worked very well but recently the widget is not working. have to keep removing it and putting it again to make it work but then it doesnt work again.
3,2025-12-11 07:30:30,the widget on Android struggles a lot and crashes often when reloading without internet. please fix.
3,2025-12-07 02:22:21,"Great App...however...the widget doesn't update tasks or My Day. it also is very temperamental when trying to change the My Day selection in widget title box to something else like Tasks or Assigned to Me. Sometimes that works, most of the time it does not do anything but open the app. it would be 5-star if the widget actually worked"
3,2025-12-06 17:10:26,it's ok
3,2025-12-05 12:27:00,"UPDATE: Application now shows both personal and secure folder files, however when attempting to select the Secure Folder, it only shows my personal Folder... Is there a fix for this?? There's an issue with the app when attempting to upload files from Secure Folder in Samsung Phones, would be great that this could be addressed and fixed or reverted to what it was, thank you. Having to transfer files in and out of my Secure Folder is not at all conviniente"
3,2025-12-01 10:06:55,"This is a fantastic app; the best app. What would make it perfect, is if I could download the app on my watch to get the notifications if I am away from my laptop or tablet. Once I can do that, this will be 5 Stars!"
3,2025-11-22 12:57:07,some more features are required
3,2025-11-22 11:48:24,كويس جدا
3,2025-11-20 13:31:07,I am using multiple mail IDs.
3,2025-11-17 12:40:44,There's an important option needed in the app: There are many situations you need to assign a task to multiple persons; But it's not possible now!
3,2025-11-15 17:17:15,better for note reviewing and sortable and searchable fields would be nice. pretty good for just list making though.
3,2025-11-14 12:43:21,it would be good to have both email and tasks visible on the widget
3,2025-11-12 06:16:41,"It seems to be a good app, especially part of Microsoft 365. But I am still new to it so still observing as I work with it. I will in the future give another feedback."
3,2025-11-09 18:42:25,Web app goes out if sync loosing tasks scary
3,2025-11-07 18:37:12,i need tag in my plan
3,2025-11-03 11:29:05,"Currently has a bug: not properly syncing across devices, particularly order of things; all out of order on other devices (3 phones + laptop, all different). Very frustrating! Other than that, quite good. Simple, pretty, usually does what it should. Key frustration: how long it takes to drag items to reorder. I wish there was a way of dragging multiple items. I also wish lists could have internal subheadings."
3,2025-10-29 07:02:52,"Good app, I wish I had options for custom notification tone"
3,2025-10-28 05:15:46,"would be better if it was more integrated into the outlook app, or if the outlook app just had better task management natively"
3,2025-10-24 09:00:09,Synchronization problem!
3,2025-10-21 19:04:59,"Almost every time there is not any completion sound when using from android widget. Completion sound gives a sense of accomplishment, hence its very crucial for an app of this genre. I hope the team can do something to fix it. I am a long standing loyal customer using this app since the time it was called Wunderlist."
3,2025-10-21 04:38:55,tasks tab small bar on outlook calendar day to view tasks for on calendar
3,2025-10-21 00:53:09,"Not bad, perhaps Microsoft does not have time for small applications."
3,2025-10-17 18:37:02,"Better than Wunderlist, as you can search completed tasks (but not when you're in a list). When entering a new task, the predictive suggestions of existing tasks is great (and makes up for the lack of in-list searching). Simple yet has quite a lot of optional functionality, like steps within tasks, file attachments and notes. For me, the best to-do organiser since Springpad. BUT If you delete a list or folder by mistake, nearly impossible to restore from Outlook's Tasks ... & I work in IT!!!"
3,2025-10-15 23:59:03,"it's really good... but if it reminds with alarm, it would be the best app for the daily task..."
3,2025-10-15 15:41:07,ineed search in the the task
3,2025-10-13 09:03:48,masuk ke akun microsft nya sulit minta pass melulu di pc
3,2025-10-12 09:52:50,the problem is when I add or delete tasks on my mobile app it doesn't get updated on my PC app. Otherwise I am very satisfied.
3,2025-10-11 15:56:29,A good app in terms of keeping important tasks organised especially repeating tasks but for some reason the app uses a huge amount of my battery - at least 10% every day despite me putting battery saving options on the app. Would appreciated this could be fixed
3,2025-10-11 13:40:48,"Almost perfect, I like To Do for work and its excellent for getting reminders through on my work PC and keeping track of things on the help desk but the mobile app keeps telling me I have notifications disabled. I just use the mobile app to put reminders in place when I haven't had time during work hours. My notifications are off intentionally so I'm not getting reminders while I'm off the clock. If I could opt out of these reminders to enable notifs, that would be great."
3,2025-10-10 14:32:55,i think you add also end date by counting or on a specific date...
3,2025-10-10 09:11:24,bring back location based tasks!
3,2025-10-06 09:07:26,"Pretty nice, but in my opinion one future is missing. Task with every day occurrence should automatically add itself everyday to my day wiev, the same with task with specyfic due date, on due day it should add itself to my day wiev"
3,2025-10-05 15:50:25,Sharable Sub lists. I'd love to have this feature. Downgraded because the app freezes when clicking on links.
3,2025-10-05 05:08:52,"maybe we check our list back again, with detail day by day, not in one place, its complicated"
3,2025-10-03 23:01:32,"1. I don't feel very comfortable with the design of the pages, they lack somewhat of an accessibility in the list layout, I can't feel like this is a central app for my phone or laptop. 2. I find it unpleasant with the time assigning related aspect. otherwise it's all good"
3,2025-09-28 15:59:27,I want the option of how much completed the task .. some tasks are dynamic
3,2025-09-25 17:24:42,It used to be great but it has stopped syncing correctly in shared lists. I hope this gets fixed
3,2025-09-21 14:20:16,"app itself is really good, I just really wish I could link it to my Google calendar"
3,2025-09-21 02:05:01,"it's annoying that you won't get a notification of is not checked complete the day before for daily reminders. also, sometimes it changes the time and date of reminders and it seems random."
3,2025-09-18 14:42:57,Doesn't handle overdue tasks particularly well.
3,2025-09-18 14:06:40,"I love this app but it would be great if it had an app for Samsung Wear, or if the push notifications worked on my Samsung watch. I can't get the notifications to come through to the watch no matter what I try."
3,2025-09-16 00:06:16,this is for excellent app but please improve extra features and options
3,2025-09-07 15:53:45,"To-do list app is better, it has better widgets, this app have only one."
3,2025-09-07 00:28:11,Installation is failing many times in Windows. I;ve been trying to download it for a week and it has not been possible.
3,2025-09-03 23:43:15,Android version of the app keeps deleting whole lists without me doing anything. Fortunately the ios version seems to maintain the list but then I keep having to duplicate the list in order to restore it. I can't seem to view the lists at all on the Web version of the app. Unimpressed
3,2025-08-28 03:58:10,issue with task headers while creating a task from outlook plugin the subject of mail is not auto populated
3,2025-08-28 01:06:23,keeps reminding me I don't have notifications after I dismiss the warning.
3,2025-08-23 21:33:45,"my life and i loved the app until we realized that even when a list is shared between two people, the lists are not the same, and they both can't see everything on the list equally. It might be a system glitch, but it's a pretty big problem with the app."
3,2025-08-17 03:57:43,"Normally I love this app, but I just realized that for weeks shared lists haven't been syncing between users. It's caused my wife and I to miss quite a few items on grocery trips. Hope there's an update soon."
3,2025-08-16 15:06:46,Barebones in my opinion. Could use a calendar.
3,2025-08-16 00:30:34,"Microsoft To Do has gone from reliable to completely broken. It freezes every time I try to update tasks, making it useless. I’ve cleared cache, cleared data, reinstalled nothing fixes it. For an app I depended on daily, this is beyond frustrating."
3,2025-08-14 11:16:03,Un dezastru de login cu o mulțime de erori. Este mai simplu să car laptopul după mine!
3,2025-08-13 18:45:06,it crashes frequently
3,2025-08-11 16:36:44,"i like the simplicity, but missing calendar. I would like to put some tasks to the future or past and have an overview what is done in each day"
3,2025-08-09 11:14:44,this version has serious bugs but there hasn't been any update for a long time
3,2025-08-08 12:00:43,The best app but something or more features that have add on
3,2025-08-08 02:58:34,crash crash crash
3,2025-08-03 10:51:02,Raise time and sound of reminder.
3,2025-08-02 07:42:31,good but linking tasks and some interdependence would be good
3,2025-08-01 15:52:21,JPG file attached to a task. Despite granting Photos permission to the app the app won't open the file unless I grant it Video and Audio permission.
3,2025-07-31 04:44:48,provide more customise features like to do list
3,2025-07-27 16:28:00,"It makes difficult to do minor tasks as Editing a task, make a task show up yearly on the list etc. Also it will not let me add my computer to the device list."
3,2025-07-25 16:33:23,I really like this BUT I wish there was an easy way way to make grocery shopping lists. I wanted an app to keep track of my to do list and shopping lists. it would be nice to have priority levels as well. I do like the connection with the Microsoft products as I trust them much more than google.
3,2025-07-24 19:38:12,"Login with a Microsoft account is a pain. every time I try to login, they force me to reset the password instead of login. they want me to tap on Microsoft authenticator for 2FA, but never used it before to set it as my 2FA provider. anyway, the app is great 👍"
3,2025-07-23 13:36:20,"App not bad but the login process is frustrating - in 2025, migrating Microsoft authenticator data from one device to another is an impossible task. If you end up without a working MAuthenticator, loging in with password - another impossible task (error). How in 2025 such a basic feature is still so terriblly implemented. Functionally it's very similar to M365 Planner - unnecessarily redundant apps. Similar apps from Google or Apple provide better user experience."
3,2025-07-22 18:52:33,"functional, but can't sort by custom values. number sort of names gives 1, 10, 100 Before 2 for example - pretty basic."
3,2025-07-22 10:18:53,report and reviews are missing. also flaged emails are not linked.
3,2025-07-13 16:20:51,Too many steps to edit Tasks. Reminders are inconsistent.
3,2025-07-11 16:15:21,"Sync is not reliably working!!? Update 11th of July 25: Seemed to be a 2-3 day lasting issue, so right now that's better.. Let us hope for the best"
3,2025-07-10 14:28:59,great until it started to bug out
3,2025-07-10 10:29:13,good but today it starts to ask for sign in and after sign it keeps going in circles to sign in page
3,2025-07-10 10:20:24,Buggy as all microsoft products. Otherwise quiet usefull as it was bought from Wunderlist.
3,2025-07-10 09:09:30,"Great app overall, but it started experiencing issues a few days ago. At first, it showed that I wasn’t logged in. Then it began switching randomly from “All Tasks” list to “My Day,” and eventually started crashing entirely."
3,2025-07-08 02:58:44,good. but not nearly as good as the app you bought out. Wunderlist
3,2025-07-07 21:47:46,"it is good but missing one very important feature, No way we can delete all completed tasks at once."
3,2025-07-06 14:47:14,why wouldn't you add an expected hour for a task?
3,2025-07-06 09:58:11,Deleted in the past as too much junk dominated the site for my use !! Fix your Site !! 😕
3,2025-07-05 18:11:57,"Popup about ""reminder is turned off"" is so intrusive. I know that I'm disable it in system settings. don't strangle me each time when I'm entering in app. let me use app as simple 'to do' list with synchronisation."
3,2025-07-03 08:15:08,"Great app but the widget doesn't work. It works for a few hours, then stops and I have to remove it and re-add it. Please fix"
3,2025-07-02 13:40:21,"App works well on my android and MacBook air, however my co workers have iPhones and it is a hassle for them, so the collaboration features are not refined enough to rely on this app. for team usage"
3,2025-06-28 13:57:23,"The only app I can really use that synchronizes my tasks with my PC and my phone. Except when it doesn't. Sometimes I have to go onto my PC and update the list on there for the list to update on my phone, and I find that really annoying."
3,2025-06-28 07:16:15,"Worked like a charm for many years, and this week it stopped syncing lists reliably."
3,2025-06-27 16:52:11,really good app but sometimes crashes on certain tasks that I make
3,2025-06-27 06:06:21,"i suggest when viewing the Daily Planned taks , you make the list name Bold. easier to spot out the tasks belong to which list."
3,2025-06-26 15:13:01,"getting better connects with outlook and helps prioritize, but simple in it function. could do with more features for projects"
3,2025-06-25 13:47:13,I'm not sure why. for the reminder you have to enter the date again. all they need to do is add a checkbox to activate reminder and entering time for the reminder. this will make it much simpler.
3,2025-06-22 10:56:47,Where WearOS version?
3,2025-06-18 11:44:36,"It is a good app that unfortunately does not tap the full potential of all the related office apps. For example, it would be great if you could relate (rather than just assign) tasks to contacts."
3,2025-06-17 05:50:04,lately when I tick tasks off as done they just disappear all together. They aren't in my completed list at all.
3,2025-06-12 15:45:40,"It's okay, two big annoyances. *Every time I open the mobile app it pops a warning message that notifications are disabled. Yes, I know, I disabled them. Stop forcing me to clear a warning message every single time I open it *Can't share list access between business and personal Microsoft accounts."
3,2025-06-09 20:29:29,"it works well but in the past few months I haven't been able to add my own photo as the theme/background for my lists which is very disappointing and has led me to use other apps more often, if that issue was fixed my review would be much more favorable."
3,2025-06-09 03:47:58,stop asking me to switch on reminder notification every time the app is opened
3,2025-06-04 05:05:59,It okay as stand alone app but the sync feature doesn't work and that's what I came from.. so pretty useless if u want to sync
3,2025-06-01 09:48:51,doesn't have options of sub checklist.
3,2025-05-29 06:32:14,"if I have a task on repeat daily, it doesn't show up every day in my notifications if I didn't go into the app and press done on the previous days tasks! why? you're missing stuff you should be notified about daily if you once forget to press done or skip. I dont like this behavior. also, it Glitched to me once and made duplicate lists and ungrouped all my groups. also it always tells me there's an issue with sync right now and to contact support"
3,2025-05-25 23:32:06,pros: - decent for general list making - the price is right cons: - no way to delete all checked items - persistently tries to enable notifications - opaque impenetrable corporation
3,2025-05-23 17:46:58,good
3,2025-05-21 19:54:59,"Would benefit from grocery lists sorting into sections like produce, deli, dairy, etc... Like apple does."
3,2025-05-21 13:32:03,"Features are good , but laggy in some times , please fix it"
3,2025-05-21 13:19:17,Almost as good as wunderlist except for a few things. Installation is not seamless. Had repeated problems of login. Secondly sorting of tasks by assignee has been removed. That was a very helpful feature. I would once like to request Microsoft to add this feature of sorting by assignee.
3,2025-05-20 15:20:54,"this app is great unless you travel, it automatically changes the due times based on the time zone you were in when you set up the task. there is no way to keep the task at a specific time which is very annoying."
3,2025-05-20 04:44:16,Why is there no search button in the task list?
3,2025-05-14 17:30:08,not bad
3,2025-05-11 06:35:19,Positives: - Sync with other devices - Integration with other apps and Ms cloud - subtasks - work with other users (task assignment) Negatives - No task priority! - No task tagging and capability to make folders (lists) based on tag - no deadline for subtask
3,2025-05-11 06:06:55,Please add ability to filter a list by searching
3,2025-05-10 11:55:08,"The app is perfect but, I have a problem with the widget. To Do list in widget stuck and show loading only. also I can change or update any todo in that time. Please support"
3,2025-05-08 22:23:14,"I've used this app for years making lists, but this latest upgrade annoyingly wants me to turn on reminders. I do not want reminders. I turned off all notification from ToDo, and it is still nagging. What the heck? do not want!"
3,2025-05-07 09:19:11,Doesn't integrate with calendars. Outlook has a hacky workaround where you drag tasks into the calendar but scheduling tasks should be possible from within this app in a way that tasks appear in the calendar automatically.
3,2025-05-05 16:46:24,add postponing feature
3,2025-05-05 09:01:10,please add a search function for widgets. I have a widget set for my shopping list and it can be quite tedious scrolling up & down finding items
3,2025-05-03 13:17:09,"Please, please, please make it so I can enter notes on a task when I initially create the task, instead of after I create the task."
3,2025-04-29 05:58:10,the font is too small
3,2025-04-28 02:29:00,"I love this app, if it will stop logging me out and constantly asking me to leave log back in 2500 times a day"
3,2025-04-27 17:16:23,"overall a nice looking app, I like the idea and seems pretty simple which is good. But you can't add a time to your due date which is insane, never seen a to-do list app that couldn't add a time, only day. which means no reminders either. urgh. I'd also like to be able to see those times appear on my outlook calendar. so I don't have to timebox outlook for personal tasks. I honestly want to use this to timebox tasks and I can't."
3,2025-04-27 16:54:25,good
3,2025-04-23 00:11:26,"Loved the app, but lately it's giving me a hard time reminding me my daily tasks"
3,2025-04-22 20:13:21,nedd to add text as well as note
3,2025-04-19 05:51:38,"settings for time is missing, hence quite annoying"
3,2025-04-15 04:09:15,"I had to delete it. EVERY SINGLE TIME I opened the app it requested if I wanted notifications. For months I declined over and finally, it sent me over the edge. Otherwise it was decent."
3,2025-04-14 19:27:09,"printing sucks, non - intuitive."
3,2025-04-13 02:48:00,"the App is great to track tasks , flagged mails etc. also great to assign tasks and set reminders. It works best on PC though. on mobile often the issue is that it doesn't sync well. that needs to be fixed."
3,2025-04-12 18:47:47,widget is not refreshing after tasks had been deleted
3,2025-04-07 07:49:49,I lost one of folders content i moved those files into getting started but it's not there right now oh god
3,2025-04-06 11:08:58,Latest update has constant irritating pop ups
3,2025-04-05 07:19:33,"was good at reminding me my task but somehow it stopped. and again if the app could have a place or provision for priority tasks and those priority tasks could at least override a phone's DND mode, that will be superb."
3,2025-04-02 18:31:25,"This app is decent, I used it for years. Left because I would accidentally delete task lists and there was no way to restore them, which was a huge problem. Sometimes you really felt its limited functionality. I'm happier using TickTick right now."
3,2025-04-01 14:52:24,"Ramesh Ramesh Enhance the remainder system as remind me in 2 days, 3 days etc, remind day before the event, 2 days before the event etc, enhance the icon, let user customize or add icons"
3,2025-03-31 12:49:39,"I love it. The first thing I do in the morning is checking my to dos, and right before going to sleep I do exactly the same. I love how simple and yet powerful this app is. The only reason I decided to rate it with only three stars is because it still doesn't have the option to create groups of lists inside other groups. I imagine that can't be too hard to add. I'll definitely add the two missing stars once you guys offer this option"
3,2025-03-30 15:31:50,I would like things in my to-do list to automatically flow to my calendar. and make it a selectable alarm or reminder. and the synchronization to my calendar should be both ways so any edit or change made it one location affects the other.
3,2025-03-26 14:02:37,Widget stuck in IQOO Mobile
3,2025-03-24 16:50:14,It can further be improved by adding follow ups and external assignees option
3,2025-03-23 13:32:16,"still some bugs in the app, all my notification date and times have changed to the following day which makes them a day late"
3,2025-03-19 15:40:42,"I don't know, 10% of the time when I tap on the box to mark a task complete it treats it like a long press and goes into widget editing mode. Maybe it registered as a double tap, but certainly was not a long press."
3,2025-03-14 07:16:58,The app is good but had one problem I moved tasks from one list to another after a while they vanished... Reinstalled the app but couldn't find the tasks
3,2025-03-12 14:26:45,"My android app is not syncing to the server although there's no error message and when I trigger sync in the app settings it's also confirmed that everything is in sync. But no it's simply not true. When I create a new task it's not being synced. Why is Microsoft for so many years now not capable of creating reliable syncs in OneNote, OneDrive, To Do??? DropBox shows how it works for a decade now!!"
3,2025-03-10 18:12:28,"The widget doesn't work it gets stuck with the loading screen, the only way to fix it, it is to remove it and create a new one"
3,2025-03-10 02:32:16,"Would love to know how I can turn off the very annoying daily ""What do you want to accomplish today"" notification whilst still allowing for due task notifications. Oh, and the support email doesn't work either."
3,2025-03-05 19:10:53,needs page up / page down
3,2025-03-05 14:22:07,"The app is OK but weak in these areas: scheduling tasks way in the future is difficult or impossible. You can't directly enter a date. Also repeated events get duplicated somehow which is confusing then the user has to clean up the dupes. Other than that, it's OK."
3,2025-03-05 00:59:00,"The task owner has restricted this action, can not delete or complete a task! can someone fix it or help how to delete a task ?"
3,2025-03-04 13:03:02,it does some things well
3,2025-03-03 21:13:01,Not Happy about the fact that all open notifications disappear when I open a task. Please change this or make it a setting
3,2025-03-02 13:58:36,"Overall this is a good app. It features everything I needed in a to do app. Some improvements are needed though: inside the app, you need to click into category first before you can make new task. Also yesterday's MS outage made this app unusable because it kept asking for login and practically became unusable"
3,2025-03-02 12:11:11,Too Good. It should updated with Notepad also.
3,2025-03-01 22:33:56,microsoft account is a bummer
3,2025-03-01 21:11:16,The app is having issues staying open. It had been working fine then suddenly it wasn't.
3,2025-02-27 04:58:11,If you add calender and weakly schedule the app will be the best Thanks
3,2025-02-25 15:56:10,good
3,2025-02-24 04:02:47,Sub-tasks should have option to set due date and reminders
3,2025-02-22 04:21:27,"Yes; 'Microsoft To Do' is really good application, but please add option for set phone call reminder from phone dialers."
3,2025-02-21 05:53:39,"I like it and use it, I recommend that you add the following features: 1- Strike-out feature for completed lists. 2- An alarm clock feature/reminder with sound. 3- If phone shuts down before the reminder's time and you start it after the reminder time, the reminder does not appear. Make it appear even if the reminder time comes while phone is shut."
3,2025-02-18 02:22:23,"Like the app, but giving it up besause of no Wear smartwatch integration."
3,2025-02-16 19:51:12,The app freezes my phone very often. Had to uninstall it. However ToDo is a nice app in Windows. Hopefully MS will fix this and also allow tasks to appear in the calendar like the Google tasks.
3,2025-02-13 22:23:27,Locks me out of my own lists
3,2025-02-12 12:22:50,"I really love Microsoft To Do, since times when the app was called Wunderlist. Unfortunately, there is no gCal support as for now. So it became very inconvenient for me to use the app. Also the widget is broken most of the time UPD 2025: The widget is still broken("
3,2025-02-09 20:37:52,Why can't we customize notifications?
3,2025-02-09 13:35:54,Really Fantastic App But no option for incomplition of tasks
