score,date,text
2,2026-09-16 10:07:33,"We use this not only to make shopping lists and to-watch lists, but also to inventory our kitchen, with a section for things that need to be used in the next couple days - working great so far! I've removed three stars because of the ads they add to your lists that say ""someone in your household added this to your list"" which is so shady and greedy and dishonest."
2,2026-09-03 11:10:04,"dont like the new catagory lines, clutters up the list"
2,2026-09-02 21:51:55,"Wow, the short shopping list was replaced with tons of random stuff I don't need. For advertising? Sick! Old: Thanks for making it harder to add an item to the shopping list. All to make an extra item visible on the list? Really! 🤬"
2,2026-06-27 21:58:27,"Automatically has bread and milk on the list as if everyone automatically needs those and you can't even delete them. It should be customizable, even if it's free."
2,2026-06-06 04:38:34,"Sorry Devs, appreciate the new Themes but the Header and other items are just too big for me, there's also no way to change the text colour. Finding the whole app visually overbearing personally, needs to be a little more subtle. Worse thing though is the fact that ad-preferences are ignored, and there's no ""Decline All"" option. I just spent 10 mins disabling them all only to find that they've all switched back on again."
2,2026-05-30 15:40:29,"Handy to be able to share a list among household members. However, the list magically adds things to itself and you never know if one of your household members added it or the list added something itself. I have had many strange things added to the list that didn't come from anybody in my house. and this has happened multiple times. I end up calling home to ask did you add such-and-such to the list because it's not something we would ever buy."
2,2026-05-21 14:06:53,"Sync issues, adding items on the watch does nothing. Item not visible on the watch also."
2,2026-04-23 15:23:35,"Works pretty well as lists go, but it adds items proactively that I did not select. That is really annoying. I might have to find a new shopping list app. Also, it is constantly attempting to get me to set up an account--not interested, but it keeps bugging me. But I really, REALLY object to the app adding items to my list without my consent."
2,2026-03-13 19:26:03,Can we add prices?
2,2026-02-23 22:23:26,not as good as the Apple store list. A tad user unfriendly which seems to be the trend in apps. It is not a video game it is a tool for adults.
2,2026-02-13 21:36:12,I used this for several years....I just stopped because like too many things they became greedy. it is heavy laden with ads or suggested products....this is new. and I will not weed through the trash.
2,2026-01-19 22:48:47,"App has started adding things to my list with the statement that someone in household tapped ""add to list"" on an ad. This is a lie. I'm looking for a new, honest app."
2,2026-01-05 00:11:02,"There is no way to add item prices. Otherwise, good app."
2,2025-12-27 10:28:51,"Last change is awaful It was a simple easy to use app Clean designe So you had to changed it, make it messy, crowded, to what end? It approves nothing Now when I write an item first it telss me it's not on the list, and then I hveto now remember to push enter on my keyboard to add it. Why? What was wrong with the previous version when you could added what item you needed. When it works don't break it."
2,2025-12-20 22:21:08,latest update has almost completely killed it why fix something that isn't broken. All the extra features aren't required. this app was nice to use simple layout now only have frustration with it.
2,2025-12-20 11:33:26,"new ui is a big downgrade... my wife and I has been using this app in our daily lives for years and has paid for the app because it was so good. But we are now looking for alternatives due to the ui change that happened recently. the Old ui was simple and clean, the new one is simply worse in every way, and has degraded the daily experience to a large degree.. buttons that does not look like buttons and poor color choices.... please bring back the ond version it was so much better."
2,2025-12-17 00:48:00,Was pretty good. Hate the new theme. Please add an option to go back to the old look. I bought a lifetime subscription literally the day before I saw the awful new look.
2,2025-12-15 19:37:48,"When I'm adding the ingredients to the shopping list from a saved recipe. The words are cut off. For instance, "" What shopping list do you want to add he..."" & "" What shopping list do you want to add eg...."" I'm not sure what list because I'm not sure what ingredient it is."
2,2025-11-22 22:45:11,"I am getting an error ""can't connect to Our Groceries server"" which defeats the purpose of sharing lists as we had done before."
2,2025-10-31 02:59:04,it would be great if they would open up this application to external integrations for automation by using a public API. we've used the app for years but it's become less user friendly without the Google assistant integration (which I know isn't your fault). But you could do a lot to improve that by opening things up.
2,2025-10-01 14:27:24,Good but could be better. This app should give a notification when items are added to the list.
2,2025-09-27 20:27:16,"I used this app and LOVED it because I could just add to my list from the crossed off items on the list. That was especially useful since an example was my ""Thanksgiving "" lists. You don't buy a lot of those things often. Mine had the egg count for all the Thanksgiving recipes we make. NOW, every list is blank. The most useful part of the app...gone. I will remake my list, and as long as my list info stays there, I will update my review."
2,2025-08-14 23:57:27,"Great app ... except for random odd items being added to your list under the guise of ""someone in your household added this."" Really? I am my household, and no, I did NOT add a case of beer!! This happens randomly (not every week), but often enough to be super annoying. I've had this app for years. Today, I'm shopping around for a new shopping list app."
2,2025-08-02 15:57:26,"I had this that I shared with my roommates. Loved the app, but when my roommates and I split ways, I could not open my own account without getting their lists or them seeing mine. As the situation was nasty, I want nothing to do with them and nothing I have done has been able to split the two accounts. I even opened a whole different email to try. Not worth the trouble. There's no option to disconnect accounts."
2,2025-07-11 00:02:12,stopped working with alexa and Google home. boo
2,2025-03-30 10:29:02,"basic, voice recognition bad"
2,2025-02-23 13:48:30,"Like others posted years ago, there seems to be no further development of this app."
2,2025-01-29 01:29:43,Somewhat helpful
2,2025-01-14 00:49:04,The categories seem to be screwed up. I cannot make more categories. I have to edit the one that's there and that's the only one that will do anything. I need more categories. Do I need a new app? This just doesn't seem to be working anymore
2,2024-12-01 18:17:34,"I love this app BUT... It will phantom cross stuff off your list. At first I thought I just accidentally tapped things, but it's happening more regularly. I have been ultra careful when opening and closing the app to make sure it's not a mistake on my end and it's still happening. It's become a huge inconvenience since I get groceries once a week. When this happens, it means an extra trip, which makes this app not helpful."
2,2024-09-23 01:33:39,"Used to be excellent and now it's choked with ads that unwantingly fill up your shopping list. Will be leaving, likely to Google Keep, where you can make and share lists as part of Google. Too bad, as I really liked it, at first."
2,2024-09-20 18:24:18,Love the app but the ads are obscene and offensive!!
2,2024-09-12 08:32:24,Full of ads
2,2024-07-04 16:41:24,"2022 update: this app was great until Google shutoff the ""ask our groceries"" function. This takes away about 80% of the usefulness of the app for me. I can no longer add items to the list while I'm cooking. You have to restore this functionality. This is very frustrating and plenty of other apps still work with Google voice activation. 2014 review: Good app to keep track of grocery lists and always have it with you. It sync across family members to always use the same list."
2,2024-06-29 05:36:46,Can't use multiple categories.
2,2024-05-14 16:05:05,I would use it. Does not list the price.
2,2024-05-08 11:59:55,"I paid for this app years ago, my wife and I have been using it quite happily and now I'm being prompted to pay $17 to remove ads on an app that I already paid for. Bad form, bad form indeed."
2,2024-04-16 01:35:11,"2023:I really enjoyed this until recent versions that sneak items into your list, claiming someone from your family added it. This is false. The items added have never been purchased and have not been selected by anyone. Such a great app, corrupted by this slimy marketing tactic. Fast forward to 2024, and after clearing a list at the store earlier, I open it tonight after my wife asks me 'what's all the stuff that's on the list?' A DOZEN ad garbage items have magically appeared on the list. Sad."
2,2024-04-05 14:57:35,Used to be a lot better until their app started adding things to my grocery list.
2,2024-01-31 16:45:45,"I initially really liked this app. It worked well and allowed me to share lists with my partner so they could add items too. However, over the past couple of weeks, the app started having really annoying adware. No matter what other app I'd be using (even when OurGroceries was closed) I would get full screen ads for games popping up every 2 minutes. I don't mind in-app ads, but this was too much. It made it impossible to use my phone. I deleted the app and looked for an alternative."
2,2024-01-31 16:30:04,The old app was much easier to navigate. I'm going to have to find one that is more user friendly. Why did they change it?
2,2023-11-29 17:45:00,"It worked OK, but would randomly drop items off the list. Tech support tried to help, but after a while they stopped working with me. So I had to find another program."
2,2023-10-10 01:28:51,A simple checklist. No items or categories or price calculations. Insufficient to manage grocery shopping.
2,2023-09-22 03:50:17,Can't add the price of the item in the shopping list.
2,2023-08-23 23:11:33,I press accidentally and I lose my list.
2,2023-08-13 10:46:27,"This app functions well and shared lists update instantly. This is the first shopping list app that has been usable for me since wunderlist. However, users should be aware of the significantly large amount of trackers that come with this app. I've had it a week and DDG app tracking protection has revealed that 736 tracking attempts have occurred so far."
2,2023-08-11 15:46:42,Too complicated. I want an app that lets me make my own lists.
2,2023-07-28 23:20:38,"I really liked this app until it started adding random brand named items to my list, with a note saying ""someone in my household added this item"" ( no they didn't!) This is a deceitful practice & I'm looling for a new app to use."
2,2023-06-30 18:29:23,"It would historically been 4.5 (great), until you started inserting those irritatingly OBNOXIOUS pseudo-ads ""Someone on your device selected.... (a product)"" onto MY shopping list. This is an unwanted OBTRUSIVE INTRUSION into MY personal life! I don't need it. I don't want it. And if you don't cease and decist this illegal practice within the next 2 weeks I will at the very least, remove this app from MY device! Would you rather have litigation?"
2,2023-05-24 13:54:51,No Paid verson
2,2023-05-16 15:57:15,Too expensive to remove ads for a glorified list. Switching to just Google tasks.
2,2023-04-25 06:58:28,"Was 5 stars, now two because of stupid desicion to place the add button on the bottom part of the screen. From best app, to hardest to use."
2,2023-04-14 12:35:33,The new update makes it way harder to add items. It used to be really slick but now that + sign makes it way slow and annoying to add things.
2,2023-04-12 01:40:01,"Missing many needed features. I hate that when I update an item category it doesn't update all my lists and that when I search for an item it shows up multiple times, can't believe I can't search for an ingredient when I'm viewing a list. Second, being able to collapse categories so I don't have to keep scrolling to find the section I'm shopping for, third to sort by starred items. I'm using this for pantry inventory and my Staples list is huge. These features would really help."
2,2023-04-07 20:27:50,"Please move the add button back where it was. I've been using this app for years and now I hit the barcode button every time I try to add an item. Also, the floating add button at the bottom of the screen makes it hard to hit the settings button for the bottom item on the list"
2,2023-04-07 08:03:54,"Functional list maker, but the first two items I added to the list each landed me a pop-up asking me to upgrade to premium. Then the third got me a pop-up asking me to rate the app. And here I am."
2,2023-04-06 13:34:33,"works fine, but constantly asks you to review the app or buy premium. Recent update changed the location of the ""add item"" button to be inconvenient in the corner and replaced the spot you're used to it being with an ad so you tap it by mistake"
2,2022-12-28 17:01:08,"Update 12.28.22: Is there ANY version that is ad-free? Now that I share with kids, I don't need ads popping up, or in-app purchases! Seriously. I deleted this app in 2019. Now I remember why. Haven't connected to my hubs yet, but I like it so far."
2,2022-11-24 14:58:25,"EDIT 2/7/2021: This app does not update lists on my partner's phone. After many arguments of ""why didnt you get any of the stuff I added to the list??"" I'm lowering my rating to 1 star. An app that should make your life easier (which I paid to unlock the premium version for) should not be causing arguments with spouses. I've been using this app for years. Never had a reason to delete or use anything else. I love it for groceries and any To Do list I need to make such as packing, chores, etc."
2,2022-10-14 13:32:30,"Have used this app for a number of years. It has been so great up until now that I even paid for premium. However I can no longer add new items to my shopping lists. I can change existing entries, but not add any new ones."
2,2022-10-13 12:47:47,"Could be good but it constantly wants you to buy the ""Pro"" version or create an account to synct my lists. This is so annoying that I will NOT give you any money and will uninstall soon."
2,2022-10-01 23:16:30,Interrupting use of app too much
2,2022-08-09 22:02:09,No longer happy. Paid for it. Used it for years. Changed phones. Now I'm back to square one. So moral of the story either don't change phones. Or don't pay for it.
2,2022-08-08 23:11:15,"Only using it for the second time and the app keeps pushing for me to upgrade and rate, tsk tsk."
2,2022-07-31 11:14:47,It nags once every few seconds.
2,2022-07-21 05:41:34,"Liked this app, and even upgraded, until recently when it started adding multiple name brand items to my list. I have to keep deleting them. It's infuriating and disgusting. And it's happening on the paid version, not the free version. If it keeps happening I'll delete the app."
2,2022-07-13 15:28:59,It has worked great until 2-3 weeks ago when we started to notice commonly purchased items were disappearing from our saved items. We've also are experiencing random items being added to the weekly list and neither of us have accidentally chosen them. Very annoying on both accounts Edit: July '22; this app decided to add three Morton salt products to both our grocery list and master list. If it continues we will be deleting the app. Drop our rating to 2 stars.
2,2022-07-08 21:01:27,"Not bad but could be much better. I was thrilled to see it works on my SmartWatch, but then realized it does not allow for prices or add the prices for the total purchase. So I will be uninstalling it."
2,2022-06-19 03:31:54,Technically functional - horrible interface
2,2022-05-24 04:48:17,"Adequate but not great. The barcode option never, ever works, not in Canada anyway."
2,2022-04-26 12:51:54,This app does a lot of things right but lately it's started adding items to my grocery list. So my first task when I open it is to remove all the junk from my list. Is this a weasley new type of advertising? I dislike it enough to stop using the app.
2,2022-04-13 16:20:51,"Was one of the best, buuuuuuttt not now, 2 things I would ask to be added. First is price & quantity, so we can see the cost on the widget (a total at bottom would be nice). !!!!!!!!!!!!!!! Second is color of the background on the widget per category. So my Healthy category could be Green while my Meat is Red. So no reply to people, that doesn't say much for the company or the product."
2,2022-03-31 07:54:16,"I am a new user. The App was recommened by my son, an active and satisfied user. For some reason though, the app suddenly added a whole bunch of items in Dutch in the master list such as melk and brood. Now as I live in Prague this is not helpful at all and just causes clutter. I cannot get rid of them. Can't we delete items from the master list as some stuff on it like pro nutro we never buy?"
2,2022-03-24 17:16:43,My husband paid for the upgrade and when we updated the app we lost the upgrade.
2,2022-02-25 22:50:58,"I wish the watch app displayed the time while I'm shopping. That's a pretty basic major oversight. On the phone app, when I try to scroll through my list it interprets any touch of the screen as a tap to add that item. It drives me nuts. I have to constantly delete items I didn't add that I just touched by tapping to scroll. If I tap and linger just a moment too long it interprets it as a long tap and adds 3 or 4 quantity of whatever I tapped."
2,2022-01-11 13:57:20,Great for collaboration with family on the grocery list. Unfortunately tracks users with Google. I recommend blocking with pihole or Duck duck go app protection.
2,2021-12-24 17:25:46,just a sharable list - which is good for some but i have been looking for a list that I can sort by category.
2,2021-12-23 19:05:05,"We had been using this app on our Blackberries since 2011. Migrated to Androids and re-installed. Don't like having to pay for software twice though.... So why, if I paid for it, do I have to deal with ads??? I stopped using this app because of the ads. Give us an option to not see advertising and I'll probably convert back."
2,2021-12-12 15:20:40,"No longer shareable, got this app so stuffed and I could share list, but this feature has been removed."
2,2021-11-24 22:42:48,"The usability is low because I don't know how I create a categorized Master list from which I can select items to my shopping list. That I have to ask how to do this shows that the usability is low. Sorry, but developers don't understand usability, even if they think they do."
2,2021-07-26 09:25:01,I had this for years. I dealt with it constantly asking to upgrade but with addition of an advertised item being the top option every time you try to add to the list makes this a no from me. Uninstalling.
2,2021-07-20 20:08:29,"Haven't had this app long and not sure if I'm going to buy it for 2 reasons. 1 I wish it had a ""true"" inventory list, of everything I already have in my kitchen. 2 that it would just let you keep scanning items. Painfully so with a lot of button presses to add items. Well I have 5 more days left to decide."
2,2021-06-10 23:43:18,"So, how do I drag and drop items on the list. I set it to do drag and drop but don't see any way to do that."
2,2021-04-18 19:06:18,Cant change language other person in my household auto went into local language but o can not change
2,2021-03-23 14:54:01,My wife has used this application and really liked it until today when it crashed. She lost all her shopping lists. She is not a happy camper. Is there a way to recover her lists now that she has reinstalled the free app?
2,2021-02-20 17:47:08,"Was ok-ish until I got a new phone and couldn't remember the password. I tried to reset the password by having them send an email. I tried like 20 times and never received any email. However prior to this, it would also not sync up with other household members."
2,2021-02-08 01:44:42,Found it to be a little bit confusing.
2,2020-12-20 01:49:50,"Lacks a simple, direct way to customize/delete individual master list items. I'll give 5 stars if that gets incorporated."
2,2020-12-14 22:17:17,Trying to upgrade and it goes into serious thinking mode after pay details. It did not upgrade. What to do now??????
2,2020-12-04 17:23:42,"Our Groceries lacks essential features. On the whole, I'd say it stinks."
2,2020-11-17 02:31:17,"OK for lists, but there is no option provided for logging out - only logging in and creating an account."
2,2020-10-25 15:15:56,"I was willing to live with the regular ""upgrade to the paid version spam,"" but now they've started slipping sponsored items into my shopping lists. What good is an app for keeping and sharing lists if you can't reliably make a list with it? Now we'll be dumping this app as soon as we have the time to set up a new one."
2,2020-10-06 21:29:51,"Important!! You need to allow rearranging of items automatically. i.e 3 bar hold to rearrange should show in the main list of shopping items, instead of having to select rearrange from menu each time. Other than that the app is great, but this issue is really annoying."
2,2020-09-26 11:45:46,Why are category names not neutral colour anymore!? I hate it that I can't make them grey or black. This bright colour takes attention away from items on the list! It makes using the app much harder. Category names are not as important to make them stand out so much!
2,2020-09-17 04:40:33,"I like the ease of how the app works, I just wish it had a calculator option where I could input my prices and it gives me an estimate before taxes and whatnot. I am absolutely no good at math and have been looking for a good app. This one had good reviews, and I could change quantity, but no calculator option.... I am a bit disappointed by that. Good app though if you just need some thing with you in case you forget your list later while at the store.."
2,2020-08-22 06:12:48,"I previously rated this app five stars, but all of a sudden I find promoted items appearing on my shopping list that I did not put there. If they do not curtail this invasion of my privacy soon I shall stop using this app."
2,2020-08-04 05:51:53,'And it's free!' And then the first thing I see when I open it is a call to upgrade to premium. This is deceitful. Most of these sorts of apps have a free option anyway.
2,2020-07-04 14:57:07,We love this app. With 3 adults at home it makes it easy to keep a list or two. When someone goes to the store or places an order everyone's gets updated when one person updates.
2,2020-06-28 01:43:02,"Overall OK app. Major Problem - you can delete items from your list and not know it. Putting together my shopping list. Phone in right hand using R thumb to select items. I black line at bottom of screen but didn't know what it was. Each time I moved my thumb, I was deleting an item from main grocery list. Tech support told me to use the undo function. No undo function for something deleted 1 item ago or a sec after you have deleted. Needs prompt before you delete. No, deleted from the master li"
2,2020-06-22 09:21:12,What happened to my screen widget?
2,2020-05-31 17:26:13,"Amazon Appstore link is broken, for old legacy upgrade key! Amazon Fire tablets workaround for installing your old ""OurGroceries Key"" upgrade. (Google Play Store must be installed on Fire tablet). On your phone, go to settings--->apps, find ""OurGroceries Key"", and select ""App details in store"". (Google Play Store opens.) Use 3-dot menu to share the ""OurGroceries Key"" link to email. Use the email link on your Fire tablet to open the Google Play Store. Install ""OurGroceries Key""."
2,2020-05-28 21:23:26,Stopped working with google assistant. Moving on.
2,2020-05-23 19:13:08,This app started adding items to my grocery list for advertisement
2,2020-05-15 02:18:31,How do I use my Google assistant or Echo? This is not intuitive.
2,2020-04-24 06:01:33,"Have this app on iOS, works great. But on Android it looses what I've saved lists and added items."
2,2020-04-18 20:52:21,Too much forced ads
2,2020-04-12 22:24:09,It's ok
2,2020-04-07 22:35:29,It would be nice if foods were pre-categorized. It would also be nice to be able to place completed lists in a separate category rather than have to rename them or delete them. Pretty basic app. There are likely bettet ones out there but this is the one my wofe picked. It is nice to have cross platform sharing though.
2,2020-03-20 20:20:48,We have used this app for years and I finally broke down and purchased the key back in September. Today it tells me I need to repurchase the + version!? No thanks.
2,2020-02-12 02:14:44,"Pros: *Can take photos of items *Share lists between phones *Can make app different colors (including darker!) *Can make app font larger Cons: *In order to remove a device from your account, you have to visit their website, sign in, and THEN remove the other devices. You cannot do this from the app itself. WHY NOT?!? *The app shares, as a household, ONLY if you use the same email account between devices. *EACH device has to pay for premium."
2,2020-02-10 01:45:27,Way too many ads for what it is. Instant uninstall. Not worth the upgrade.
2,2020-01-21 23:24:11,"Recently got a Nest hub and now I have to tell it to talk to Our Groceries first, wait for Our Groceries to introduce itself, then add one item to the list. This is true for all of my devices. Very tedious. I hope this gets fixed soon!"
2,2020-01-12 12:32:38,"Jan 2020 update No longer working properly with Google assistant, which was a big factor in choosing this app. It works fine otherwise so I won't uninstall it yet, but I'll be checking out the competition. Original: A little clunky in places, but integration with Google home makes it a great alternative to Google's own shopping list."
2,2019-12-31 19:42:08,Inconsistent voice recognition.
2,2019-12-27 01:03:44,"Update: I've had this app for 3 years now and not seen a single new feature. I'm looking for a replacement as I type this, and dropping my rating to 2 stars from 3. I have the paid version. It's missing features other apps have, such as aisle number, prices, and ordering of lists. It's good for free, but not great and not worth the few bucks for paid version."
2,2019-12-14 22:23:27,"Once an item is crossed off, why is there not a choice to restore one item, multiple items, or all? My grocery list is relatively the same aside from a few additions/deletions week to week."
2,2019-11-18 00:00:54,"Looks capable, but it assumes that you will add items to buy EVERY time you use it, then delete them all when you're finished shopping. Since there is no way to store or search for items, you have to start over every time. Also, it has no provision for adding aisle numbers. I would say this is probably great for casual use, but if you have like 50 items on your list and buy many things regularly, its poorly suited to that."
2,2019-10-12 17:01:28,Not intuitive enough and ads get in the way.
2,2019-09-24 08:54:31,"Can't try out bar code scanner without buying the app. Having bought the app many of the items I scanned had to be entered manually, even though I could easily find the product using Google. And finally, when I tried to share the list externally, all there was""on the other side"" was an ad for the app and a very small print request that I sign in to see the list. I hadn't created an account and didn't want to, do that was the end of that. Might be ok if you live in the US."
2,2019-08-24 19:42:58,"This app continues to delete items by itself when I'm at the store. I've changed all teh settings I can think of, including setting up long press for delete, and I'm finally fed up with it and I'm going to try something else. At least the deleted are at the bottom of the list so I can stop several times while I'm shopping and review the deleted items, then undelete the items I didn't delete in the first place. Pixel 3 user here, paid version of Our Groceries. Devs, I'm willing to help figure this out if it's a problem for others (I saw at least one other Pixel 3 with the same issue)."
2,2019-07-11 00:05:29,"It's alright for what it is but it doesn't cross link with Google OK at all. Needs a refresh button, also signing in/out capacity."
2,2019-06-24 10:23:36,"The draw for me was Google Home connectivity, but it falls extremely short in basic functionality. Simple features it lacks are as follows.. ability to organize/relist the categories. I list my groups in the order of where departments are in my local store. ..a notes section for each item (I put aisle # in notes). .. measurement units i.e. ""2 16 ounce cans"". Doesn't explain what's included in the paid upgrade, but the free version is sub par. I need organization more than Google Home."
2,2019-06-14 11:14:45,"No library or database of common grocery items purchased. So therefore it can not predict what I'm typing. If I type ""green oni"" ...... it should have an idea I need green onions. I purchased the premium because the mention of pictures, I assumed if I scanned an empty box of an item I to be purchase I would get a picture of the item with a name. What I get is a brief paragraph with name. The apps nothing more than a to-do list with a barcode reader."
2,2019-06-05 17:38:04,"used the app for almost a year but suddenly it hangs and started not responding. reinstalled but having same problem. too bad, it WAS a pretty decent app."
2,2019-04-18 18:02:26,"You need to insert way too many items,limited database. Also the categories are not selected my default (you need to decide what goes in dairy/meet etc)"
2,2019-04-03 19:40:48,App works good so far but what I felt was just a little bit of a rip is for barscan to work you have to pay for the upgrade! And I might buy it if it didn't cost so much! okay bought the upgrade key but totally disappointing. when u scan an item it doesn't ask for a category just puts it in uncategorized and half the time the name of the item is incorrect. I think the upgrade is a total rip off.
2,2019-03-23 10:52:57,"Too basic and lacks common sense for being useful. Eg: Shopping list- tap view list notes. If it's a shopping list's note it has to be seen all the time, and not aftrer 2 taps."
2,2019-03-21 16:35:45,constantly shows me im offline! I could be on the datburn Internet and it still tells me I'm offline
2,2019-02-25 10:40:25,could do with Samsung watch support
2,2019-02-24 18:38:56,To many interuptions
2,2019-02-04 02:44:06,"After using this app for several years, it is now for some unknown reason completely out of control. No easy way to get help, and I don't have time to chase it down. I'm frustrated."
2,2019-01-30 04:15:52,"can't mark items needed to buy this shop, then unmark once purchased."
2,2019-01-19 20:57:00,grocery iq is much better with pre done categories
2,2019-01-16 16:44:47,Please add price option of the items
2,2019-01-11 07:41:11,"The scanner is not functional at all. When I downloaded the recommended scanner then I tested it, it read products that were so far out in left field it was ridiculous. Now I just use the list. I haven't been able to sync my list with others. I also would like to leave notes under the items as this app does not allow me to do that. I would personally like to see a ""checked boxes"" option instead of the strike-thorough. Just personal preference but I think this is less attractive & distracting."
2,2018-12-30 19:28:38,No widget available
2,2018-12-26 06:02:48,"Stating that ""IT'S FREE!"" and hiding the fact that it's not, is being a bit dishonest."
2,2018-11-24 23:30:21,Would be much better if you could add MULTIPLE items by voice and have custom aisle assignments for different grocery stores. Useless to me without that basic functionality. Also needs a way to import export lists from CSV files. Also Google Home integration?
2,2018-11-24 15:50:01,"In addition to showing ads, this app actually adds items to your list without your permission. When you see it on your list, you might assume your wife added ""New Maple Cheerios"", when in reality the app is designed to decieve you in that manner."
2,2018-11-16 17:20:35,STOP ADS!
2,2018-11-05 02:43:36,Too many pesky requests to upgrade!!!
2,2018-10-19 07:27:31,"It looks like the app has several useful features, however making a list has more steps than necessary. It would be good to be able to just check beside items that you want (multiple select), or click add if typing in your own item, without it jumping back to the list itself. Otherwise, it's constantly clicking to add, flipping back to the list, clicking add, going back to the list..."
2,2018-09-16 14:42:14,Scanning items serves no purpose as their database rarely identifies anything. What's the point of the scanner when you end up entering items manually. Looking for a new app.
2,2018-08-16 21:51:15,"This app was great and I used it quite a bit.  That is, until last week when I purchased $150.00 in groceries from a list that hadn't synced between devices for over two weeks.  I ended up with twice the amount of stuff I rarely use and was missing half of the stuff I needed.  While not catastrophic, it did blow my budget out of the water.  I tried uninstalling and reinstalling the app on both devices, but the lists just wouldn't sync.  I've since changed to a different shopping app that will hopefully prove more reliable."
2,2018-07-10 17:03:29,Was hoping that the app lets you sync under fam members. The tekst imply's  it some what. For me it has no use
2,2018-05-10 01:47:19,Not able to specify quantity. Did not find any thing interesting
2,2018-05-04 17:17:30,Immediately begs me to buy the full version before I even had a chance to  use it
2,2018-04-24 20:46:27,You need to go to other screen to add each and every product or to edit  one. To rearrange list one needs to go first to menu. I accidentally cross  products from the list all the time. You may add amount of a product but to  do that you again have to go to another screen. Usability level zero.
2,2018-04-15 13:39:55,Lacking features such as a pantry.
2,2018-04-04 02:35:14,I paid for the barcode option and for the most part it tells me it can't reach the server and when I tell it to retry it can't find the product and suggests I enter it manually. Not worth what I paid.
2,2018-03-17 20:19:38,"Can't stand having to go to a separate screen to choose ""more"" of the same item which increases the number of said items I need."
2,2018-03-08 20:28:22,Would be usable if there was an option to save the items we buy regularly and have an add to list option. But this app is just a basic list creator. Use Google sheets for that and no ads. Jeeze.
2,2018-03-05 00:08:45,"Pretty good except for one very irritating thing. When adding items to this by voice, it insists on using some predefined database list or something. If I say chamomile vanilla tea, it adds vanilla and cuts off the other words. No matter how many times I try it insists on cutting off extra descriptive words very irritating. It should just transcribe what I say and not try to match what I say to some predefined grocery list. Update: I have to drop it to 2 stars because this thing about only adding words that is on a predefined list is just too irritating. I am actively looking for an alternative."
2,2018-02-16 13:50:09,Photos are a premium feature :(
2,2018-02-01 05:01:23,"I really can't see how this app has 4.6 stars, must be fake reviews. Lacking basic functionality, like adding an item and increasing the quantity right there. Nope, you have to reopen the item, then adjust the quantity. If you want to categorize an item your entering in, if the category hasn't already been created, you have to save the item as uncategorized, then create the category, and now go back to the item.to add it to the new category."
2,2018-01-15 23:28:34,I liked the app and I like that there is an Alexa skill to add items but I used to be able to see the list on my android wear watch (LG Watch Style) but now the app doesn't appear anymore.  May need to try something else.
2,2017-12-11 18:42:56,Flashing ads annoying. $5 too much to delete ads
2,2017-12-05 11:59:10,Great
2,2017-12-04 18:07:30,"This app was originally ok, then everytime I touched i to categorize an item, it would stop working.  Reported it about 10 times but it was never fixed"
2,2017-11-28 11:37:47,"Used to be ok, but they did an ""upgrade"" and now you get a pop up after most entries and the advertising is much more obtrusive.  Uninstalled."
2,2017-11-10 06:39:26,It doesn't share with family members
2,2017-11-04 20:27:10,"Simple. But won't easily let you send via text message your list to a friend, spouse or shopping service runner. Goes straight to a printer only. Needs SHARE capabilities!"
2,2017-10-25 12:51:01,its ok need add price
2,2017-09-17 23:39:27,"Items remove too easily, quantity is in detailed sub window... Does not allow for multiple shop sites Does not fit budgetary conscious families  The old Q grocery app was way better and that was 15 years ago Does not have - re-order list  But if youre a bachelor you might find its very simple...still the annoying the overly sensitive click unclick button makes keeping items on the list a serious fail. They drop to a x off list. Spent more time re ad items.  Uninstalled."
2,2017-09-16 16:46:44,"Interface is clean and simple, and I like the idea of syncing to a common email...but the sync isn't instant, which limits it's utility for coordinated shopping. My partner and I like to divide and conquer while grocery shopping, so we need an app that syncs as soon as an item is checked off. Google Keep does this well, but this app does not."
2,2017-09-06 01:55:24,"It does not work with Google Assistant most of the time. I will say ""ask our groceries to add milk to home list"" and it will ask which list to add milk to. I will answer ""home"" or ""home list"" and it will ask me what I want to add to the list and I will say ""milk"" and it goes back to asking me what list. It becomes an endless frustrating circle."
2,2017-09-02 22:48:02,"Basically what it comes down to is if you wanna use anything other than the ""grocery list"" you have to upgrade to the paid version.  For example the barcode scanner to add products to your list....you have to download the BARCODE SCANNER THEY RECOMMEND and then when you do it picks up the entirely wrong item and just to see what would happen when I tried to add it to my list....well I got a message I would have to upgrade to the paid version!  Sorry that was enough BS in the first 10 minutes for me!"
2,2017-09-02 04:20:04,Stinks. Avacodo was so much better
2,2017-08-31 05:44:42,Marks off items on it's own
2,2017-08-27 19:38:28,"Terrible. You either share all lists or no list. Only the paid version can scan items. On top of that, the results of the one item I did scan was the wrong item!"
2,2017-08-25 11:27:55,This app does not allow me to copy or move items from one list to another. It also deletes items on its own...very frustrating.
2,2017-08-17 12:47:21,"Love the way I can control my lists, BUT I really HATE the constant flashing banner adds. If the developers can change this to normal adds I'll stay. But sadly, i might have to uninstall after many years of happy use"
2,2017-08-16 15:13:46,"If I stick with this app, it will only be because of the sharing feature. Otherwise, it lacks too many features I'm used to in ToMarket.   Does not support sorting by aisle (other apps have that same failing).  It has item categories, but no separate aisle field. You can mimic sorting by aisle by creating custom categories such as '04 Baking Products' but that's unsatisfying if you happen to want to shop at a different grocery store where a listing by category would be more useful.    The master item list took me a while to figure out. There's no link to get directly to it; you have to go into your shopping list and ""add"", which brings up the full list of everything you've entered, and that's where you can add or delete items. You cannot edit item category information from the master list. You have to add it to a shopping list and edit it there by touching the Information button.   Cannot sort master list by category.  If you manually arrange your shopping list, it **changes the item category** (Unacceptable!!).   Quantity: Does not remember quantity from previous trips. You have to edit that each time using ""more"" and ""less"" buttons."
2,2017-07-29 18:02:47,"Would be okay but if offline then nothing happens when I tap to cross an item, rendering the app somewhat useless."
2,2017-06-10 13:34:19,No longer syncs with wife's list. Uninstalled and tried again but will not sync.  Used to work previously with no issues.
2,2017-06-10 03:15:15,"Very basic app, might as well use Google Keep. Where's the ability to keep track of what's in the fridge? Why is everything in lower case? No icons for food items? No categories for food items? No ability to keep track of prices for items? It's very simple and featureless."
2,2017-06-01 01:32:50,"App works fine, but frequently has deceptive advertising stating things like ""your memory is full (or infected) Click here to repair"" typical of malware, viruses and Trojan horse. These ads should be illegal."
2,2017-05-28 13:38:34,To many of the same ad
2,2017-03-08 15:59:47,Alexa couldn't find any of my shopping lists after linking my account.
2,2017-02-04 14:38:28,Neat but won't let me confirm people to share my list with. I am the main acct and it won't let me see the list.
2,2017-02-01 12:20:18,Not working.  I have to link my app with my husband every day.  If i switch my data off it seems the link is lost.
2,2017-01-31 04:55:44,Needs multiple select when moving items to other categories
2,2017-01-15 05:27:04,"Does not sync between phones, Alexa and computer"
2,2016-12-28 23:16:51,Love it. It is on all of your devices. Simple to use. One feature I would love to see added is a Pantry tracker.    12/27/16   now i am getting ads . Even though I paid for no adds
2,2016-12-27 20:33:20,Can't get it to sync with Alexa
2,2016-12-17 15:36:34,Won't let me sign in on app like website
2,2016-12-12 20:34:31,"App isn't too bad, but it won't let you scan barcode to add item? Supposed to work? App tries to force you to install their barcode App, but I already have one on the phone that I want to use, they won't allow. Even if you scan barcode with the existing barcode App, and copy and paste info, Groceries App won't accept it. Fix this and it would be good."
2,2016-12-03 17:18:52,"I loved this app. However, it will not allow my husband to sync with my list. I've accepted his request, but it's as though it doesn't see my list at all. Wish there was a way in the settings to tell it your email address and to use yours as the master list."
2,2016-12-03 14:25:01,"Followed the instructions of using same email in household, but the lists do not sync between phones."
2,2016-12-02 20:50:06,Downloaded the app last night and made two lengthy shopping lists. Arrived at the store and found several items deleted. And the app was very unstable. Aggravating..
2,2016-11-28 10:58:45,The only thing this app has over other shopping lists is the fact that you can take pictures... but you have to upgrade for $6 for that. Nope.
2,2016-11-06 17:31:28,Would be a 5 if the barcode would show on the sent list email.
2,2016-10-22 13:09:53,"I used it several times and it worked flawlessly. I was at the grocery with about 60 items on my list last night.(oct21) When i  ""swiped""  each item off it unknowingly was deleting 5 or so more of the items. The program itself was freezing at times.By the time i noticed what was going on, my list was pretty much empty. There is a reason i make a list. So i was stuck at walmart trying to remember what was on it. Needless to say i had to go back TODAY."
2,2016-10-14 01:46:43,Why can't I add the price of each item to know how much my list totals?
2,2016-10-11 09:43:02,Lost list and can't retrieve
2,2016-09-29 01:01:12,This app frequently fails to sync. Pretty much useless if you're two or more people sharing  lists.
2,2016-09-08 22:14:01,I'm not sure what happened but I installed on my new phone and I have tried and tried and tried to send the confirmation email. It says it was sent but it never sends. I have tried multiple email addresses. If I cant share it's pointless
2,2016-09-01 01:46:36,"I used to really like this app, it was a good way to keep a grocery list synchronized between my wife and myself.  Not using the phones word lookup was a drawback, as well as not being able to sort the remembered items.  That makes one start typing the item, as searching takes too long.  However, with the last update the grocery ads have been replaced by annoying ads at the top, some of which suspiciously look like Malware.  I cannot tolerate those, so I will be looking for another grocery list app."
2,2016-08-26 05:08:51,"It doesn't sort by aisle (unless you set up all the aisles for a single store in categories) or compare prices or find sale items or coupons. Have to purchase full version on multiple phones to take advantage of sharing feature. Scanning the barcode doesn't add the item, just the number. My local grocery store apps do all these things automatically and for FREE"
2,2016-07-04 14:51:02,"Installed on tablet, phone, and echo. Lists would not sync. I even purchased. Refund, uninstall. Bummer."
2,2016-05-30 05:39:49,Good app.... but to syncronize diferent phones is too hard.... It take me too long. Not intuitive
2,2016-05-28 00:11:27,My husband and I need to be able to sync our list. This doesn't seem possible for this app.
2,2016-05-22 21:01:55,"The sync feature was easy enough. Nothing else is great. Predictions and categories are rarely available or accurate. I just downloaded Out of Milk and it looks much more promising, with less irritating ads. They may be worth buying!"
2,2016-05-15 08:29:30,"Would be great if the barcode scanner recognised items,  such as milk.  Only found one item that you don't have to do manually. Otherwise good."
2,2016-04-30 12:49:57,"Why should I use a specific barcode reader that request access to my contact list? The one I have installed doesn't, but I cannot use its reading. Because of that, I am uninstalling the app. A real pain, but given the barcode issue, means to me that doesn't have all features I want."
2,2016-04-20 10:18:06,Started out ok but too many Ads and then it keeps freezing up
2,2016-03-30 00:27:06,The app almost never finds the barcode of the items that I scan and I have to enter them manually. Since barcode databases are readily available the app should get most of the barcodes
2,2016-03-22 11:45:22,Let me try All the functions but limit number of items.  Not the other way round. Without trying the photo function it is kinda hard to pay for premium.
2,2016-03-20 19:28:14,Without price tracking this seems waaaaay less usefull than similar apps
2,2016-02-28 20:11:05,Bring back the old version.
2,2016-02-24 04:10:35,Was looking for one that scans barcode so didn't even use for a list
2,2016-02-19 15:48:21,Doesn't automatically put items in categories? Doesn't have basic items like cotton balls on the drop down list?  No thank you.  These are basic features every list app should have.
2,2016-02-14 11:22:14,This app would be great if it supported different category order by store.  Is this something that's planned?
2,2016-02-12 06:28:07,"One of the very best shopping list software out there, but I'll give you a fiver if you can sort the shopping lists I make."
2,2016-02-09 00:42:48,Not customer friendly
2,2016-01-22 17:20:28,At first the program was great I could share me lists with my wife and my son. Now it seems like every time I go shopping the lists are not updating. It is rather frustrating trying to battle with the program to keep our lists straight. It would be most beneficial if it worked like it did before. Very unhappy.
2,2016-01-04 04:19:06,Not able to update Quantity!!!
2,2015-12-27 15:35:26,"I am disappointed that the bar code database is not complete. Paid for the app to get that feature turned on and I only get one barcode hit in about six or seven. Guess the barcodes I use are not popular enough, but they are real."
2,2015-12-24 20:44:12,I understand it runs on adds but after one use it bugged me to do something after each ingredient I added to the list.
2,2015-12-12 19:15:26,Added onions to the list and it goes to the uncategorized section of the list? Hello? Devs? Onions are produce.
2,2015-12-03 02:39:55,Too many paid for add-ons
2,2015-11-30 16:52:28,"I installed this,  added a few items, then exited. I went back later and added another couple items; so far so good. I went back again to add another item but my list was deleted and replaced with ""milk bread eggs"" none of which were my items.  I uninstalled. I can't waste time with an app that deletes lists and replaces them arbitrarily. I can't think of any reason the software would ever do that."
2,2015-11-16 04:04:40,"Probably great if this is your first shopping list app, but there is no upgrade path for a user with an existing list.  Got a shopping app so I wouldn't have to keep creating my lists!"
2,2015-11-10 22:04:28,"Simple looked real good until I saw that (unless I'm wrong) there's no price option, therfore no total cost of groceries. ..not exactly something I could do without.  Uninstalling"
2,2015-11-09 17:21:04,Too basic..I want one that you can put in prices and have a total
2,2015-10-25 18:53:34,Can't any of these apps import a simple text file?  That should be basic functionality.
2,2015-10-21 18:05:54,"I got this app and loved it, so I paid the price to get rid of ads. It disappeared from my phone so I reinstalled it, and I have the ads again. Not fair that I would have to pay again for no ads."
2,2015-10-10 21:09:00,I already have a note pad on my phone
2,2015-10-04 23:14:23,Nothing special when it comes to grocery list apps. Just... meh. And a little awkward.
2,2015-10-03 08:21:15,Used to work great but have been having problems syncing lists.
2,2015-10-02 04:59:33,Unable to sync with my girlfriend's iphone
2,2015-09-26 01:50:35,Can this app sort by store? Don't really like ads in the list. Too busy to began with.
2,2015-09-13 17:03:52,Would be great if you could actually get list sharing to work.
2,2015-09-12 02:02:46,Basic app. Wish I played with it more before purchasing key. Plus it was asking to pay for key on each additional device for my account. Uninstalling.
2,2015-08-25 05:28:19,You need to add a second app to use the barcode reading option.
2,2015-08-20 01:45:52,"They block you from using the barcode scanner unless you pay for an upgrade. And it's not even their scanner. This is in addition to the nag ads unless you upgrade. They also pop up nag ads to upgrade at other random times as well. It's a little too much, especially charging for some else's scanner. Out of Milk doesn't I'm looking elsewhere."
2,2015-08-13 16:14:33,I could love this app but there is no place to enter the price of the items. What good is a grocery app that will not total my items?
2,2015-08-02 21:59:42,As the heading says it crashed on first run...
2,2015-07-27 05:31:59,"Trying to find an alternative to buggy Out of Milk, but this app has no prices.  I like to be able to anticipate accurately the total at checkout."
2,2015-07-20 18:58:14,"Hate it when I find an app that's obviously of high quality, but missing one obvious function that's a deal-breaker.  In this case, you can't access/edit'/choose from any sort of ""favorites"" list.   The app remembers what you've ordered in the past and will autocomplete once you begin typing, but won't show you that list, so you can't e.g. use it to jog your memory.  So close, but yet so far..."
2,2015-07-19 16:41:20,Needs ability to schedule when an item is needed. Needs ability to schedule repeat items (e.g. buy x every other week).
2,2015-07-18 21:13:11,Not user friendly
2,2015-07-09 01:21:46,Not tablet optimized
2,2015-06-27 21:00:16,I've had this app for years and it's starting to disappoint me. I can make the list but when at the store it freezes as I check things off. It's become very glitchy and if it doesn't get better I'll be finding a new one
2,2015-06-21 03:55:59,"The app is great, if it wouldn't freeze practically every time I try to add an item to the list from a recipe, or cross off an item. I have to reboot my phone every time it freezes because it takes the entire phone with it. I'm switching to out of milk. It doesn't freeze every few minutes."
2,2015-06-13 11:51:58,"Pro: syncing works. Huge contra: doesn't seem to support units when specifying amounts. After having categorized ""potatoes (500g)"", the same categorisation does not apply to ""potatoes"". This would work if I hadn't specified the units, but it is silly to assume that I only ever buy merchandise in discrete numbers. Even smarter unit support would even be able to automatically convert units."
2,2015-06-01 18:19:25,"This app is nicely done with a nice UI. Sadly apparently it does not support other languages, something crucial for a shopping list app. I speak english but the people I want to share the list don't. So this is a show stopper for me."
2,2015-05-04 17:57:30,If you scan a barcode and it's found it asks you to buy the app to have the item automatically added to your shopping list.
2,2015-05-04 16:43:11,I'm looking for a new grocery list app since my old one stopped working.  The interface is not bad but I don't understand why any grocery app would come pre loaded with 100s of foods and they are not already categorized. I'm going with one that is. There's enough setting up to do and adding special foods.
2,2015-04-22 11:51:26,"Unlike other apps, your get to pay for scanning items directly to your list. No thanks! Uninstalled."
2,2015-04-19 19:19:46,Pop ups. Pop ups everywhere.
2,2015-04-08 19:53:04,I want to scan in my start up list.   I must upgrade for this.   That is a fast as I got.
2,2015-03-12 19:18:40,It's okay.
2,2015-02-26 08:47:58,"If the sharing option it's via WhatsApp or whatever, so why should i use this app? I can just write it down in WhatsApp without it and skeep the app, i think this app will be number 1 if the sharing with others will be something like google docs, multiple users enter the same list and edit so the whole users who share the same list can review"
2,2015-02-24 01:49:01,Way too expensive to remove ads?!?!
2,2015-02-22 22:09:10,The app requires you to upgrade to premium at $4.99 charge just to be able to use the Barcode scanner portion.  I immediately uninstalled.
2,2015-02-22 15:33:07,I can't figure out how to sync my husband's and my grocery  list on each others phone. Please HELP!
2,2015-02-08 21:00:35,"Burned 20% of my battery in one shopping trip. Also don't like that it doesn't categorize list items (dairy, produce, etc.)"
2,2015-02-01 17:39:30,Was a great app until they put ads right into the grocery list. Sorry but I'm looking elsewhere for a list app now.
2,2015-01-29 09:12:50,Annoying AdS in the free version
2,2015-01-28 16:38:48,"They blew it!!  This was a great app.  I have used it for about 3 years.  The most recent update changed how the ads work.  Now ads pop up in the middle of your lists and look like list entries.  EXTREMELY obtrusive and annoying as well as making the app very difficult to use.  If it had been like this at the beginning, I never would have used it.  Now I am actively looking for a substitute."
2,2015-01-28 15:26:14,"Had this app for a few years. Loved it.... Until this latest update. Ads now show up IN your grocery list as you input your items. This is intrusive and annoying. Unless these ads are removed soon, I will be looking for a new app."
2,2015-01-28 06:49:20,"The banner ads were bearable, but ads that I can't delete are too obtrusive. Going to move on and find a less obnoxious app. Out of Milk is a good sub."
2,2015-01-28 04:47:24,"This app has been a staple of my family's life organization for probably 4 years. Great app, simple, many little touches of brilliance.  Today it started putting ads in the list disguised as items *on my list*. Terrible. Paying $10 for my wife and I to get rid of the ads isn't the end of the world, but I am going to look around instead.  Devs just pushed a lot of customers away."
2,2015-01-28 02:41:41,"I have used this app for a long time, but I just uninstalled it and downloaded one without the advertisements. I understand the app designers like to make money, but forced ads are not the right way."
2,2015-01-26 23:49:55,My family and I use the app and have loved it until the last update. Either we pay $5 for each device or get embedded pop up ads. No thank you.
2,2015-01-22 16:16:54,Doesn't group items in categories like other apps. You have to scroll down to bottom of list everytime you want to add an item which it's really inconvenient if you have a large list
2,2015-01-20 05:52:59,"I have tested a few Shopping list apps and find that most do not cover all bases. This has not prices which I believe is a major point.  Splash Shopper is the best so far but it has not online storage.  Prices, `"
2,2015-01-17 20:57:29,"Items keep appearing that I do not add. Not secure enough,  have to keep deleting items."
2,2015-01-11 05:16:36,Too many interruptions. Can't add items one after the other. Will probably uninstall soon.
2,2015-01-07 00:52:25,Freezes on regular basis and has to shut down.  When it works it is fine. If keeps freezing  will find another app for my lists.
2,2014-12-27 18:59:07,"If you share with someone, you have to share ALL of your lists. Would be simple to correct."
2,2014-12-16 22:38:10,"Love the functionality but sets off my ""Watchdog"" app for apps that use a lot of ram/cpu %"
2,2014-11-29 14:10:44,"This has some good features, but the battery consumption really needs a lot of work."
2,2014-11-26 18:28:10,Out of milk is much better they offer the scanner for free.
2,2014-11-16 00:18:27,Hard to initially use and navigate. Staple List is a better app experience.
2,2014-11-14 06:25:27,"Used to love it, now not syncing between iPhone and Sony. Useless without it :("
2,2014-11-14 05:41:00,"I used this for a while, but now I've uninstalled it. It doesn't offer talk to text or bar scanner in the free version, and the only way to share lists is via email. I've moved on to ""Out of Milk"" which offers more for free and my family can contribute to the list in real time."
2,2014-10-26 14:30:59,"I thought this was a great app, it would make shopping easier to be able to share the list. But, the list doesn't update. When I make a change, my husband doesn't get it and visa versa. So, we never have the complete list since we both add to it. If this is fixed, it would be a five star app! But, right now it's pretty useless."
2,2014-10-24 12:13:55,Not updating shopping list after adding an ingredient in a recipe.
2,2014-10-13 16:25:49,"No customization, clunky operations and looks second rate."
2,2014-10-02 07:58:45,I wanted something that has collaborative lists.
2,2014-09-23 22:06:19,In app purcbases
2,2014-09-21 22:09:35,You dielated all my list that I had when you did the update.  THANKS A LOT
2,2014-09-05 16:54:01,"I add and delete items, reopen the app and the items added aren't there and are replaced by items I deleted. Not wasting any more time on this app. Uninstalling."
2,2014-08-30 17:05:04,Scan feature is pro only. Ads stink! Sell out again...
2,2014-08-26 15:31:18,"This app would be great, but its major failure is that it doesn't handle quantities and units (lbs, gal, oz, pieces, etc...). Every competitor app has qty and units!! Developer - please add this feature! Currently, there is no way to mark ""2.5 lbs of ground beef"" or ""2 packages of ground beef"""
2,2014-07-25 08:35:42,Would love the app but eats the battery even when its not open. 13% Its just not acceptable to drain my battery literally all day long when i use it on the weekly shopping for 30 min. Disappointing because otherwise i would love it.
2,2014-07-24 02:43:01,There is a big bug that really taxes the cpu of my galaxy s5. Hopefully you can fix this soon.
2,2014-07-07 20:45:38,"She uses this app too, yet we're always out of sync no matter what. The app plays a huge part of it with poor UI and syncing issues"
2,2014-06-27 23:07:09,"I loved using this app until it froze and wouldn't respond. I uninstalled it and downloaded it but it did the same thing within just a few weeks. Did this again, and it froze within a few hours.   I'd use it if it would work on my Samsung Stratosphere."
2,2014-06-19 19:47:39,The green toast message saying that the long press will cross out the item was very annoying. It would be enough to show it once in a while. Please fix.
2,2014-06-11 20:03:18,2 android phones. Dont always sync.
2,2014-05-21 15:04:56,Just installed this. Initial opinion is so so. Might rerate this after I experiment with it more but initially disappointed with bar code scanner. It recognizes the item but have to upgrade to add it to my list? There are others that have this feature for free.
2,2014-04-28 15:21:31,I use it because I have it on my phone but truth be told it would be a lot easier just to go back to the old fashion pen and pencil emailing it should be simpler it just seems to take too many steps 2 subtract items
2,2014-04-19 12:56:10,I have used this app for a few years and always loved it. As of latest update it will not sync my list at all.
2,2014-04-01 01:59:31,"My wife and I got this app so we could have a centralized place for groceries list that we could both add to. Well, far too often I will add items that do not show up on my wife's phone and vice versa, resulting in multiple trips to the store. Preventing this was the whole point of getting this app. Not impressed."
2,2014-02-16 16:16:07,
2,2014-02-10 14:24:33,
2,2014-01-01 20:51:48,"Ugly, outdated and not very user friendly for an app in 2014."
3,2026-09-23 13:53:03,"This app is okay, I don't like having a shared account. I would much rather be able to create my own account and my family create their own account and I just add their account to a shared list. Would definitely rate 5 stars AND buy the app if just that was added. Otherwise, I don't like how the themes are set up. All of the color themes should be under one tab, and dark or light mode should be separate, so that I can put every single theme into either light mode or dark mode."
3,2026-07-27 20:16:32,problems still exist with the our groceries Alexa connection. it works about 50% of the time.
3,2026-07-18 02:55:30,"When I first started using this app years ago, they provided quite a few default categories, more than the six I was told they have now. I have added my own but I want to get back to the original ones. However it's hard to tell which ones are original categories. I contacted support and they're telling me they only provide six default categories now. That's a big change from the number that was available when I started using the app. It's very disappointing."
3,2026-07-12 06:24:17,"Jeg har brugt den her app, siden jeg fik en smartphone. Men nu er den begyndt at bede om kategorisering, hver eneste gang jeg tilføjer en ting på listen, der ikke har været der siden den seneste upgrade. Det er irriterende. Bed om kategorisering i samme ombæring. Ikke i nyt klik. Det koster simpelthen to stjerner, den funktionalitetsændring. Så irriterende er det."
3,2026-07-11 21:19:01,"It is a good app and is very helpful to share lists amongst family members. However it is very annoying that the app keeps adding things to your shopping list that you never wanted, stating that someone added this to your list. It is obvious that we did not add it, because they are not things we like it would ever add."
3,2026-06-02 20:14:02,"Wow - couple of problems straight away. When adding a new item to a list, I can categorise the item but ONLY by selecting an existing category - cannot add a new category in this mode. Instead, I have to select ""uncategorised"", THEN edit the new item to add a new category to the item. Also, the Google Assistant ""add item"" instructions do not work. Assistant doesn't recognise ""Ourgroceries"" as a valid target. Rather surprised this hasn't been addressed already."
3,2026-05-13 09:46:51,simple app for remembering groceries that can connect to Alexa.
3,2026-04-06 13:55:00,"Works fine for how it's designed. Changing from tap to swipe solved the problem of items being marked off when not intended. Would rate higher if you could tag each item with the stores where it could be gotten, then filter the list by store."
3,2026-03-15 17:25:43,"Functional and effective, but extremely feature-light compared to ""Out of Milk"". That gives me the option to enter price and calculates the total, with tax. It also has a pantry feature so I don't have to ""hijack"" another feature. The only thing it doesn't have is automatic recognition of an item from a picture. Since this app detected my bathroom scale, I assume there's some AI involved Regardless, it's not a useful feature when shopping for things I don't have. Neither have options for history"
3,2026-03-06 05:36:55,"Was great, now getting sneaky with ads. Sometimes it will now say, ""someone in your household added this to the list!"" and it's an ad for a product nobody added (and it even shows up on the shopping list). I don't have a problem with ads in general (you gotta pay the bills), but I do have a problem with ads presented that way."
3,2026-02-25 18:09:37,update 2/25/2026: Was great up until latest release. Format of user interface changed a bit to much.
3,2026-02-24 17:28:38,"Generally good. Syncs well, but the new Version is not so smart. The delete strikes items and undelete is not well placed"
3,2026-01-23 20:18:45,I find the shared across a household is very useful. The cost of the ad free is too high for me. It would also be very helpful to be able to search the categories by typing in the first letters like for the items.
3,2025-12-23 04:42:31,"Ugh! Who thought this ""new look"" was better than before? The header is larger than it needs to be. There's already an Add Item icon on the screen (big plus sign, bottom right), we don't need another entry for the same thing taking up unnecessary space in the middle of the list. Was a 5-star app for me before but messing up the UI for ""freshness"" at the cost of utility losses a couple."
3,2025-12-22 19:20:46,"was 5 stars now 3. just got the abysmal update and hated everything about the new look in v7. had to reasearch how to roll back to 6.2.5 since the play store is not conducive to downgrades. Was able to sideload the v6.2.5 app and so much happier! how someone thought that new UI was an improvement i have no idea, far from it. Now i can clearly read subcategories and i dont have the stupid ""add item field"" in the middle of the screen (like the green big plus sign needed improving?)."
3,2025-12-22 16:40:24,Lost two stars bc of the new design. Unhelpful and cluttered.
3,2025-12-17 14:00:44,"Had been using this for ages, they've updated the UI? Not a fan. As app developers, you have to consider people are used to it looking and working a certain way for years, they're not going to like it changing. Now I have to find an old version and stay on it, and block updates."
3,2025-12-16 09:54:54,Nooo! I've been using this app for years and loved it...I'm soo damn disappointed in the 'New Look' update that occurred in December 2025. I wish I could get it back to how it was. I've had to change my 5 star review to 3 stars. Not a fan of the new look at all - sorry 😔
3,2025-12-14 13:28:14,"This is my favorite practical app that I use several times a week. Why would you mess with something that works perfectly fine, just to change the appearance with no improvements to functionality at all? I hate it when developers make UI changes without consultation with users. It reminds me of Facebook."
3,2025-12-13 21:26:37,"This is an excellent app and I would have gladly given it 5 stars. However, since the rollout of Alexa 2.0, the connection no longer works properly. You can no longer say, “Alexa, ask Our Groceries to add…”. The only workaround I’ve found is to open Our Groceries through Alexa and add items one at a time, which is far more tedious than even manually entering them in the app. I really hope the developers are able to fix this soon, as it was previously a fantastic experience."
3,2025-12-13 21:14:10,"hoping for the same number of dark themes options as light in the future. but for now.. urg, why is this all green now?! I like dark themes for apps, but the new update has left only one option for dark mode and it's a nasty shade of green. Loads of light options to pick from, but no choice for dark modes. is it possible to roll back to a previous version? good app apart from the unexpected redesign."
3,2025-12-13 14:22:30,"Decent app. A couple features I truly miss: (1) Assign products to aisles AND sort the aisles for each list. This GroceryIQ feature made shopping a breeze, because the app would match the aisle sequence defined for each store. (2) Easily move an item to another list (say, if it's sold out). Or choose to have it show up on all lists. Update: New everything-the-same-color in latest version makes it much harder to distinguish items from categories on lists. Usability getting worse, not better."
3,2025-12-12 21:32:18,"There are a few things I would like to see implemented in the widgets. Yes most everything you do in the app happens with the widgets, but not ""all."" The main thing is make it so I need to swipe to delete items off lists. Right now it is just a tap. Also please add pictures and notes to the widgets. A double or triple tap would work too."
3,2025-12-12 14:00:29,Previously 5 stars. Not a fan of the new look... - 2 stars
3,2025-12-12 12:58:01,Doesn't seem like an improvement
3,2025-12-12 07:49:53,Suddenly can't re-sort by dragging up -only dragging down!
3,2025-11-23 00:09:03,"The APP is not the same now. The items I put on the APP are separated into special categories, instead of just listing all my grocery list in alphabetic order. Is there a setting I can change on the APP without all the different categories? Please help."
3,2025-11-07 03:53:31,does not work with Google anymore
3,2025-11-01 04:15:54,We've been using this app for years and find it really helpful. But lately there have been ads up the top that are unnecessarily suggestive. I just opened it in a shop and seriously thought there were a bunch of male appendages on my screen. They were ads meant to look like corn with a p. I'd suggest developers look into this. I understand they want to sell advertising for funds but this is unnecessary
3,2025-10-31 20:00:50,scanning codes ain't working in spain
3,2025-10-14 16:48:56,free version is very annoying. don't even bother with this unless you're willing to pay for it. every single item I add to the list comes with a pop-up for paid version
3,2025-08-30 15:18:29,does not work on Pixel 10. only get a black screen. have loved the app on all other devices.
3,2025-08-12 15:32:42,Could do with being able to specify quantity / type for all lists. Oz. cups. cans etc.
3,2025-07-23 20:35:22,"I have to drop my rating since discovering a shortcoming of the app. You can't have separate categories for items. This becomes an issue when you shop at more than one market. For ease of finding items in the stores, I set categories based on the aisle numbers. This doesn't work for multiple stores. If you put sugar in aisle 5 in one list,you can't have it in a different aisle in another with modying the name. You also need a direct contact option in the app. I paid for the premium app."
3,2025-07-21 20:10:10,It has great features like entering items with a bar code or pics but it doesn't have a price feature to track total. Kinda a required feature for me.
3,2025-07-17 22:23:41,no notifications. i like the options but I'm unable to get notifications. there's no button for notifications at all. i can't even find the app in my phone to change notifications but if obviously on my phone if I'm using it...
3,2025-06-27 00:56:29,Good app. Why don't you add the purchase price of the item and also the name of the supermarket with the best price to make it easier to determine the best shopping list?
3,2025-06-09 03:00:52,"I love this app, but resently I've been having an issue with the photos. I upload photos to some of my items and I keep getting an error about not connecting to the servers, I've tried everything to fix it. It sucks b/c my family uses this app all the time, its so convenient, and I truely do not want to find another app so i'm hoping someone can help me."
3,2025-05-09 17:22:14,"Why can’t I save different category orders for different stores? Each store has a different layout, so I need to rearrange the categories—like produce, dairy, and frozen foods—based on how I shop in each one. Other than that I love this app!"
3,2025-05-06 17:42:14,good for people who want something very simple
3,2025-03-22 12:56:54,it would be great if I put in an item under receipt like brownies and different brownie receipts pop up to choose from then the grocery list of items I need for that receipt.
3,2025-03-11 14:20:28,"Quite like this app as it syncs to my watch. however I have set the cross off option to be swipe on the phone, but on the watch just touching an item (which is easy to do by accident) crosses it off and you have to go to the bottom and uncross it off which is annoying. Is there any way to change this, if not, could you please make this an update soon. Thanks"
3,2025-02-28 22:28:54,After checking off your items you end up with a long list of items Now if you want to reset all the items you cant. You must uncheck each one until they are all back in the list. I would think a uncheck all button is needed here. Needs an account dumb
3,2024-12-28 16:33:18,"This app is amazing in that it saves Husband and I time from having to write, share, and consolidate a list. That's the 3 stars. Occasionally, odd items appear on the list to which Husband and I question, and then we have to check with each other. Some efficiency is lost, especially when I have to delete the unwanted item. This is a great app."
3,2024-12-20 11:35:18,"Works alright on my phone and tablet, but adding items is broken on my Galaxy Watch 7 Ultra. When I try to add a new item to my list, and hit enter, it doesn't add anything at all."
3,2024-12-12 03:27:21,"We have used this app for years for personal and business needs. A great tool to stay organized, especially if you're known to make a lot of notes! UPDATE - There will be random add items added to your list without you adding it. It's super annoying and nothing but click bate. Now from 5 star to 3. FIX this PLEASE."
3,2024-09-22 21:22:44,"Great app but lists are not syncing to the watch app, pixel watch 3 :("
3,2024-07-27 18:03:02,"At first, I loved this app. Then, I purchased a year of no ads. It seems to have increased the ads not block them!"
3,2024-07-27 17:49:58,I like this app... but ads started showing up just before my annual renewal?!? How do I get the app to know I have the $5.99 annual subscription and want the ads to go away!
3,2024-07-04 16:43:05,"Usable, but need some improvement: if used by multiple users some kind of notification should be implemented when an item is crossed out. For example I went to a shop to buy things but all of them have been already bought..."
3,2024-06-14 16:53:20,"I actually really like this app, it's very convenient and it lets the whole family consolidate our grocery shopping. My dad even uses it like a to-do list for general errands. The one thing that I absolutely hate is the ads. I don't mind ads in general, if they were just ads for various brands or stores that would be fine. But the diet ads are just sick and insidious. How many people in this world are already struggling with eating disorders and now they get this in their face? Disgusting!"
3,2024-06-06 22:21:27,No Romanian UI version available.
3,2024-05-30 23:01:59,Too many ads tried to o stop ads but doesn't work
3,2024-05-28 17:05:40,"I don't like the new update, it is more difficult to work with. If something isn't broke, don't try to fix it. What was wrong with the way it was, it was much simpler to use?"
3,2024-05-05 07:23:00,Uma lista de compras que por acaso funciona bem do celular. Vou continuar no Bring pelo suporte a produtos em português 🤷🏻‍♂️
3,2024-04-22 08:24:00,"UPDATE: The notes field should be for notes only; the price should have a field on its own. Also, having different lists for different stores is not good. Users can create live lists by applying filters."
3,2024-03-23 14:35:36,Easy to use. Organized well. The one feature missing is the ability to enter prices and see expected total.
3,2024-03-21 17:33:46,I love how easy it is to use. Our 12 year old son even adds to it.
3,2024-02-21 22:38:47,Expensive and you can't even sort the list alphabetically
3,2024-02-02 04:28:30,I've purchased the pro version... Is there an option to add a photo of the meal in recipes?? Can't seem to find the option. Please help!
3,2024-01-27 20:09:52,Not a bad app...but no place for prices? Or adding up prices and adding tax? This is a trivial improvement. 3 stars.
3,2023-12-31 20:47:55,Like the app but I cannot get Alexa to add anything to the list.
3,2023-12-27 04:38:35,Simple list with categories. No prices.
3,2023-12-20 23:12:57,I'd love to see the add button moved back up to the top bar where it was before.
3,2023-12-20 17:08:51,"Works great when sync with my wife's list. However, be aware that it will try to sneak additional items on the list and say ""someone in your household clicked on this item"". I say bullshirt. It's only me and my wife. Some items it tries to add we never would purchase."
3,2023-12-13 04:31:01,Superb but it's server is slow
3,2023-11-30 14:43:48,"I like this app pretty good and it's definitely worth it when you pay for the advertising to be removed but that doesn't remove it from any other people you're sharing the list with. I'm giving it three stars because of the change in the icon, it's so bright green now I'm taking it off of my home screen. Why do you got to make changes that are stupid?"
3,2023-10-27 10:32:48,"I paid for the key, but after upgrading to a Pixel 8 Pro it's telling me that the key isn't compatible with my device."
3,2023-10-19 08:40:12,"The key I paid to remove ads is apparently ""no longer compatible with my device"" really? I don't believe that key had a lifetime when you sold it. I hope this is a mistake that will be fixed."
3,2023-09-29 17:16:42,"I loved being able to tell my Google home to add a grocery item. While cooking, i don't have to touch my phone. I know Google chaged parameters for this. Are you going to redo the app to make this feature work again."
3,2023-09-21 09:25:46,Not that easy to follow. You should look at Out of Molk for tips on a simpker process. Having a Patry List which you use remind you and you can add to shopping lists by a tick. Sorting their lists to make supermarket aisle searching is much simpler and easier with drag
3,2023-09-19 11:16:44,"I've used this app for years but since the new update, it will not allow me to scan a barcode"
3,2023-09-17 20:07:20,Lately I haven't been able to use the barcode scanning function. This is a nice and easy feature for adding the exact item I'm wanting for my husband to pick up. Otherwise I've been loving this app. It's made grocery shopping much easier for my husband and easier for me to make. One thing that would be nice though is if my husband got an alert that new items have been added to the list. Something like a button that I can click that will then alert him on his app that it's been updated/finished.
3,2023-09-13 02:49:42,"Was good until I upgraded. before upgrading I got banner ads and occasional pop ups. NOW: a pop up add forces a window open Everytime I open the AP and say ""you clicked an ad for this."" I did NOT click an ad. this feels so sleazy and cheap. like, I paid for an ad free experience. now EVERYTIME I open the app an ad pops up. what did I actually pay for?"
3,2023-08-25 15:58:18,It adds items to our grocery list everytime near the store that we don't want. Not helpful!
3,2023-08-24 20:04:09,When you add to list you go to add more and the add buttons moves... very annoying when adding list in a hurry. Please stop the button from moving up and down.
3,2023-08-17 14:56:54,"This was great until it started putting my items into categories, which I don't want and can't eliminate. Butter = bakery... really?? Now it's adding things I don't want to clutter up my list, saying ""someone in your household added this."" I'm there only one in the household who uses it. Time to find an alternative."
3,2023-07-23 12:06:09,"Unethical ad practice They have started a new ad feature that places items on our grocery list for us, noting ""someone in your household tapped an ad to add it to the list"" -- which is patently false. This is a really unethical practice. These ads should state ""we think you'd enjoy....""  also, it's not even done in a targeted way based on my list. As an example, they put deli turkey on my list, and we don't eat animal products."
3,2023-07-06 19:02:46,"I wish it would allow me to select multiple items at once. Instead, once I click an item, it goes back to the list and I have to go scroll all the way back to where I was to add more."
3,2023-07-06 16:34:53,"Great app, but it no longer functions with Google home, which has made using it inconvenient."
3,2023-05-23 01:01:50,"Sadly I received an email today that says Google will no longer support voice commands on their Google Home devices with OurGroceries. I use that feature all the time to easily add items to my grocery list while cooking. Disappointed in Google and sadly have to lower my review for OurGroceries because of it. Response to your comment: I understand and sorry for the lower review. But since I use Google Home to add items to my list, my review is accurate regarding usefulness of your app for me."
3,2023-05-14 07:05:37,"Could you set a different color for categories? It will make it easier to search an item, for example if I I'm at the dairy department I know to lock the blue color in the list, it's faster."
3,2023-04-30 16:28:50,"I wish it told me who added what to the list so I know what to get. If two people add yogurt, they have to either put their name or specify their flavors. If it had a user's icon or something, I'd know who wants what yogurt"
3,2023-04-30 12:20:51,"I was going to give 5 stars but there is a really annoying bug that needs to be fixed. I use this app for several lists and because of that I have selected the setting ""ask me which category it belongs to"". This setting doesn't work. It continuously auto-selects categories for me and I have to select each item afterwards and move it to the correct category. This is very time consuming as I am currently creating a vacation list and it keeps trying to add items to grocery/pharmacy etc."
3,2023-04-29 17:40:58,"I don't understand why the newer version removed the option to simply add an item to the grocery list without needing to tap on the plus icon, then type in the item name and tap on add AGAIN. This app now has a poor UI. Whoever approved this change doesn't understand a good user experience."
3,2023-04-25 07:02:57,"Mistake to add the plus button, makes it harder to add groceries. Worked fine the way it was. Also the plus button is in a weird position. Why change something that was working very well. Pls give the option to put it back in old lay-out."
3,2023-04-12 21:30:50,"Loss of the blank line at the bottom of the list where you could just start typing your next item is very annoying. Hate that now I have to click the plus sign vs just starting to type in the blank line Also, all of a sudden I keep accidentally adding items from the banner ads, so I assume that changed as well."
3,2023-04-10 14:10:43,"Like the app, but the new plus button is annoying. Preferred it the way it was before the update."
3,2023-04-02 16:43:06,I like this app. Been using it for years but there is an issue with it. Items get crossed off way too easily and I'm constantly going back out to the store. Their FAQ wants the user the change their touch behavior on their phone just for the this app. I disagree and asked for a fix. We'll see
3,2023-03-24 22:36:17,So
3,2023-02-06 13:21:37,"Google Assistant and Alexa does not work correctly. When asked to add an item, it states that, either the item was added to the shopping list or that the item is already added to the shopping list, however nothing is added to it. Can this issue please be fixed?"
3,2023-01-19 19:32:11,Love this i now have a list I can share with my hubby lol
3,2022-12-22 18:08:20,"I've loved this app for years. Seems the ability to remove crossed off items is no longer avail, please bring that back. Helps to clean up what I have."
3,2022-11-20 15:32:39,"Good idea. Items are not categorized automatically (in recipes at least), can't enter number of items, etc."
3,2022-11-19 14:55:13,"There's way too many steps involved in this. You should be able to drag an item into any category you want, you shouldn't have to enter a separate page to categorize it, and then go back to the original list. I don't have that kind of time."
3,2022-10-20 13:32:49,Helpful
3,2022-10-09 19:45:51,I wanted to like the app and it is great for simple lists and organizing but I use my lists to help me budget when I shop and this app doesn't capture prices.
3,2022-09-15 00:22:53,cant seam to add stuff to list that was made out like office stuff dairy produce etc I did do a list and printed was great. Then for got other stuff.
3,2022-09-13 19:53:43,"Downloaded because Google shopping lists stopped working and we have some Android & some iPhone family members. Good, needs work. Clumsy/misses with Google Assistant (really? Say ""Ok Google"" -wait- ""talk to Our Groceries"" -wait- ""Add milk"" every time? C'mon man...) Just realized it scans bar codes (very useful when re-buying specific items), but doesn't have items from Trader Joe's (who's not small - draws 10% of the US market) in its database? I await improvements to upgrade review and the app."
3,2022-08-03 20:53:12,"I would jump my rating to the top if there was a way to delete items from the master list. There are things I never use, foods I'm allergic to, brands I hate, etc. A shorter master list also makes it easier to find the item you want to add."
3,2022-08-01 00:39:50,This would be more beneficial if you had an area for the price of groceries. Some of us older crowd still use information like numbers and words instead of just pictures.
3,2022-06-28 00:46:08,"Overall good. Categories list can b cumbersome 'cause there is only 1 list 4 all ""shopping"" lists. I use the app 4 more than shopping. Would b very helpful if, when entering a new category name, there were check boxes 2 select lists in which we want that new category 2 be visible. Example: ""Add a category sprockets & whatnot List(s) for this category All Shopping ToDo Gift ideas Then only categories with ""shopping"" selected could b seen in that list, etc."
3,2022-06-16 01:17:39,Tried for 10 minutes. Very simple app. But had to delete it after finding every pre-existing shopping item was not capitalised. My OCD can't deal with that
3,2022-05-16 03:06:47,Great list for groceries etc. The only thing I would like would be the ability to have the price with the item. Easy to use and shareable. I've used it for years
3,2022-04-29 21:09:31,Please don't hound me for a review
3,2022-04-27 15:12:26,"Nice app but needs to add pricing ability, with/without tax rates, and with total spending. ALSO: The category headings take up too much attention from screen."
3,2022-04-10 01:41:39,I would very much like a notification to be sent to other users on my list. Select items only.
3,2022-04-09 07:27:21,This seems like a good app but its misding the ability to add prices to the items which is a deal breaker for me. I like the ability to add photos and scan in items. If the item scan isnt recognised details can be added manually which is fantastic. A very promising app.
3,2022-04-05 15:57:32,"The user design could be much better. The ways to qualify amounts by size, package, pound, etc., could be better defined and faster to input. I want the items to be capitalized, because I still care about grammar. It would be nice if there was a budget estimator: The user could input the prices in their area."
3,2022-03-15 22:46:39,"It's got the basics of a good app, but needs development. Would be great to have a ""copy shopping list"" option. We have a basic shopping list each week - one week we might add 2 particular recipes, then another week we want to go back to that basic list but add different recipes. Very hard to do this at the moment as would have to go through removing items individually. Would also be good to have a add all items back to the list (eg for weeks we just want the basic list again)."
3,2022-03-15 07:59:14,"Fairly helpful. A bit clunky having to confirm each step (adding, deleting, etc). Would be very helpful if could colour code shopping list according to each imported recipe list. So when the shop doesn't have a key ingredient you can easily see by colour what else you no longer need to buy as you can't make that recipe."
3,2022-03-12 18:27:20,I've been using this app for years with no ads and no issues. All of a sudden it started glitching and telling me to upgrade (again). It also caused the same kind of screen reset glitch in the play store. Which stopped when I uninstalled this app. Stayed good for about a week then back to flashing screen and zero productivity.
3,2022-02-24 14:46:36,Good apps
3,2022-02-22 11:23:38,Could be better ui but then I'm not gonna pay for the use of this app...
3,2022-02-15 04:19:10,I have the paid version and I use it to order food with my vendors for my restaurant. The most common issue we have is that the way it displays quantity it sometimes leads my vendor to send us only 1 of an item instead of more because of the way it puts quantity in parenthesis after the item. Most vendors are used to people saying I want 3 cases of eggs instead of Case of Eggs (3).
3,2022-02-06 12:02:38,"Unsure how many stars this deserves. The app is great, but there isn't any explanation on how to change or verify the password."
3,2022-01-31 14:58:39,"I love the app and had previously paid for no ads, but when I upgraded my phone and logged in, it now seems that I am not getting the premium version of the app that I paid for. Not happy & not paying again."
3,2022-01-30 08:13:38,Pretty neat but i hope there is an option to add price so it will automatically calculate an estimate for shopping..
3,2022-01-10 00:27:52,"Can't put same item on two different store lists at the same time. Fix that and I'll give you more stars because it's so time-consuming to have to go to every store and put in an item of what you want to buy there separately. I've emailed the developers about this on numerous occasions over the years and although technically it's an easy fix, they seem not to care about it at all."
3,2021-12-14 08:52:30,I wish there was YouTube video to explain how to use this app for those of us seniors.
3,2021-11-13 06:35:49,Will rate better later if it stops nagging.
3,2021-09-15 02:42:47,Quite easy to use !
3,2021-08-28 15:44:44,"Have used this for years, purchased the ad Free version before it was subscription based and now it bugs me about upgrading to add free even though it's been paid for. Overall pretty good and easy list sharing that updates in real time."
3,2021-08-22 08:48:40,"purchased a subscription but two features missing to make this a perfect 5 star app : 1. the ability to change the categories bar colors including the crossed off bar, so everything is much better distinguished. 2. the ability to create a list and limit the suggestions of adding items to a specific categorie. for example if I creat a 'hardware store' list, I will limit the item suggested to include only the 'hardware' category which I created. in that way I won't be offered to add 'milk'.."
3,2021-08-07 16:00:55,"Okay so far. It's a list, what do you expect?"
3,2021-08-03 18:14:34,Pretty useful app and I like it. But it used to have less ads
3,2021-08-01 03:48:58,"Keeps spontaneously adding items to the grocery list that were not supposed to be on the list. They pop up and I purchase the items thinking that my spouse had added them. However, when I get home she states that she did not put them on the list.q"
3,2021-07-29 16:34:53,Works fine but you have to manually uncheck every item to reuse a grocery list.
3,2021-07-27 23:57:15,"Unable to find feature a sign out from email address. Perhaps a direct list share option that takes you directly to the list of another user? Please, this would help a lot"
3,2021-07-24 09:13:33,"Great app, but when I bought it, I made the lifetime purchase on my tablet, even though I use it mostly on my phone, thinking it would upgrade on both. It doesn't! Looks like you have to pay to upgrade each device you use it on. This is the only app I've ever had to do this for. Cancelled payment."
3,2021-07-21 10:56:40,OK too rigid
3,2021-07-20 14:18:20,"I'm trying this app to replace Grocery IQ which I used for years. My only concern is after checking off an item, I drops it to the bottom of the list but with categories. Therefore when I need to purchase a previous item. I either to reenter the item or scan through unsorted list to find the product. I really liked in my previous app that all items were saved in the proper category and all I needed was to tap the item to put it back to the active list. Is this possible with this app?"
3,2021-07-18 11:27:40,It would be helpful if there was an ability that have subcategories so for instance my shopping list could be for the store that I was going to
3,2021-05-07 13:23:37,No price options is a deal breaker.
3,2021-04-23 16:15:41,Please add inventory list
3,2021-04-19 22:56:15,The shortcuts don't show up when you long press the app in Nova Launcher
3,2021-04-12 06:23:47,"Used to be ok until last update now when the more or fewer options are used it moves the items to some random place in the list , glad I didn't go ahead and pay for it"
3,2021-03-19 09:14:24,Is there a way to browse the list of items and then add them to a specific list?
3,2021-03-11 15:16:52,"I would have rated them a 5 star, but recently they changed the app. Now, when you are editing a name/item in a category, editing stops after you touch it and you have to save it and go back in to continue. This did not happen before."
3,2021-03-08 04:01:52,I really like this app - I'm actually getting my teenagers to take an interest in the shopping. One thing annoying is that far too many barcodes are not recognised. I live in Australia so I guess local products are not making it into the database. But that is no excuse. If you want to sell the app globally and collect money from me for the premium service of bar code scanning then you also need a global database. Get on and buy an Australian product database.
3,2021-03-02 01:25:29,It's really good and intuitive. I it wish it was harder to remove items off the list. I find myself accidently checking things off I haven't actually picked up. A setting to hold to remove or maybe swipe to remember remove would be great.
3,2021-02-05 05:46:10,Could be better if so many features were not restricted in the free version.
3,2021-01-20 18:43:29,I like the way you can rearrange items to your needs.You shouls update and add history so that when you buy something frequently you dont have to retype ever time and it would be fun if you could customize your background and colors.
3,2021-01-07 15:30:44,"It's nice that you can add categories. But users need to be able to add locations (aisle numbers) as well. Grocery stores don't always put things in the same categories together. And when you want to go in and buy a few things, you don't want to have to search all over for them. It should be easy enough to add another space in the descriptions for locations. I continue to look for an app that allows it."
3,2020-12-28 18:31:50,"I really like this app. I have been using it for a few years now. But..... Unfortunately, it won't (re) install on my Google Wear compatible Fossil watches. It was there on one of them but disappeared. It wouldn't even appear as an option for the new Fossil Google Wear watch I just got. I was using it almost every day and share my lists. WHAT HAPPENED??????? I'd rather not switch apps..... I like this one!"
3,2020-11-28 16:09:19,"For the most part a good app. The downside is the ads now flicker and are almost epileptic-fit inducing (like the hypno-toad), at the very least they are very hard on the eyes. I might try another app - there are lots out there."
3,2020-11-21 20:16:20,"This seems like a decent grocery list app, but it still falls short of what I really need. I need a list app where I can tag each item with all of the different stores I might go to to find it, and then the same item populates the lists for those stores, being shared between them. This is important in determining which stores I actually need to go to. This app could accomplish that if multiple categories could be assigned to items, or if the same items on different lists were synced."
3,2020-11-01 19:08:07,"Downloaded and purchased the premium version a few days ago. My wife and I have been having some trouble synchronizing both the categories and the list. Additionally, it would be nice to provide a cloud backup. More importantly, can the developers work on adding a line to quantify each product along with a way to add prices? Adding those features would definitely raise the number of stars to your app which I will rate later on."
3,2020-09-30 13:12:12,So far I like the app but $12 to upgrade?!? I use my active 2 smartwatch for 90% of the things I do on the phone and was excited to have the list on my watch but not at that price.
3,2020-09-13 15:39:38,"Works great but where's the option for family share with purchase? If multiple family members use this app to share lists, do we need to purchase a license/key for each user/device?"
3,2020-09-12 10:37:24,Нет русского. Какие-то ненужные функции.
3,2020-09-06 19:10:18,"I find this app useful, but still lacking. It has a feature to rearrange items, for example, but I cannot seem to move an entire category, just an item within the category. (Deli and Bakery are the first aisles on my store, so I want them listed first, followed by Produce.). Also, program crashed trying to use this Rearrange feature."
3,2020-08-31 12:30:21,Would get more stars if I could add a price and a link as I want to use this app for more than just groceries.
3,2020-08-24 05:08:17,I am revising this review. I was under the impression one could not back out if certain features but it turns out it was that my samsung sonehow was hiding nav buttons. I do think the method for syncing between users is kind of convoluted. I like barcode scan button but i think that Amazon's alexa nanages lists a bit better. Also would be nice if had integration points so i could use something like IFTTT to extend its capabilities.
3,2020-08-14 16:02:59,Not what I was looking for. Need prices.
3,2020-08-10 01:09:28,Works pretty well except some of my items lost their categories with the latest update.
3,2020-07-08 05:07:57,"Generally, we like this app, BUT be warned (and this is a HUGE problem) it adds items to our lists including brand names and trademark symbols -- we rarely, if ever, include brand names on our lists and definitely don't add the little TM symbol. I paid for the full app to eliminate ads, but having these items randomly added to our lists is more frustrating than having the ads."
3,2020-07-01 20:07:31,"I really like this app but i have so many lists though that i have to scroll until i get to the one i want. Would be nice if could have folders like on a computer desktop, that way i can use this app more effectively. Also would be nice if there was a way to mark an item as not available and be able to possibly redirect it to several other lists until i find what i need. I know you can star an item but that is only somewhat helpful. Is easy to accidentally cross an item off list."
3,2020-06-27 22:14:22,Annoying that to share a list you have to log in with the other person's account. You can't use your own
3,2020-06-16 17:01:30,"This is a great idea, but there are glitches. I'll remove items from the list, but they still appear on my husband's list. So sometimes we end up with duplicates. Can you fix this glitch? Also would be nice to have option to move categories from instead of alphabetical to the order which the store is organized. I.e. produce, deli, fruit drinks, hot beverages, cereals, meats, etc."
3,2020-06-11 21:39:41,It is very limited. I need a share ootion.
3,2020-06-07 22:06:06,Not as good as one it replaced. Confusing.
3,2020-06-05 10:51:13,it is okay. I don't like the layout. I expected more of the app
3,2020-06-04 14:39:09,I really like this app but I paid for a premium upgrade several years ago which included sharing and pics. I know because I have a wine category that I use to track wine I like and took pics of bottle labels and my app still shows 8 pics. Tried to add photo today and was told I needed an upgrade for $5. No way to contact app provider to resolve!
3,2020-05-19 18:09:02,Only slightly more cumbersome than a written list. Lost when changed phone.
3,2020-05-15 17:08:06,"It is good. However I would appreciate if different shop lists have no common articles. For instance, food shopping list should have food list; hardware shopping list should propose only hardware.... Otherwise perfect. Please make separate data base for each shopping list ! Thank you."
3,2020-05-08 09:02:38,"The app is great, me and my wife is using same account so that she can add and it reflects in my phone and I upgraded recently, got disappointed that the upgrade is not reflecting in the my wife phone.if it's the same account and same family then why we need to upgrade a second time."
3,2020-04-25 13:47:50,Would have rated it higher if there was an online database search after typing in the names of the products. Scanning a product finds the name. Also adding the ability to enter quantity and unit price of the items would be great. I have the premium version.
3,2020-04-25 11:07:34,"Must add price for item, and cart summary Also add show. Empty categories for drag item to category in the lis"
3,2020-04-23 07:58:23,This is nice but basic. Just wish it had a way to track home inventory and expiration dates
3,2020-03-26 11:44:52,Re-add something that got deleted not there
3,2020-03-21 15:05:50,"Love the app, been using it for years. However, Avast Antivirus is flagging as containing malware after latest update. Please advise"
3,2020-03-21 11:04:14,I've been using this for a while and have tailored it to my needs. My virus app did not have a prob with it until the last update. It found malware. Now I regret having updated it.
3,2020-03-12 22:20:11,"Normally I love this app, however trying to use it today, I constantly get the error message that I'm offline, when in fact I'm not. I see other reviews that have the same complaint, and it appears that the issue was supposed to have been resolved, however it is not solved when I'm using it..."
3,2020-03-08 12:34:38,"Generally a good app, and have loved it for years. But since January, Google assistant support is broken and the workaround in the FAQs is a waste of time... Try putting 10 things in the list that way and see how long it takes! If Google are not going to change their strategy back to how it was before January, then ourgroceries needs to update their app to work with the new way!"
3,2020-03-08 09:53:01,"Good app, would be great if you arrange alphabetically. Once this is an option I will purchase the app."
3,2020-02-29 20:43:42,"This is so much better than pen and paper. A huge problem I have with it is when you have item cross-off set to short press and you resume the app from task manager, it crosses off an item in the list making it extremely difficult to see what crossed off inadvertently. I've gotten home without an item too many times due to this bug. Please FIX! Set to swipe for cross-off for now to see if it helps."
3,2020-02-21 22:32:55,It doesn't allow for prices to be added to items to give a total for budgeting. If it did I would give 5+ stars.
3,2020-02-21 13:23:20,"Pretty good, but to be considered top rated, and definitely for paid version, must have grams, millilitres, ounces, etc instead of just 1, 2, 3..."
3,2020-02-19 18:39:31,Great until it stopped working with my Google Home!
3,2020-02-16 19:28:03,"I would like to have a list by categories...fruits, vegetables, dairy,etc."
3,2020-02-08 11:46:32,It is really cool but it needs a place where you can put ounces/poundage for meats!
3,2020-02-04 03:37:12,"Would be perfect if items could be prioritized. (Need Cocoa Puffs ASAP b/c we're out; cat litter is not urgent but will be soon; as for anchovies, they're a nice-to-have.) I suppose I can use categories or number of items in place of priority, b/c those aren't all that useful to me anyway, or manually order the items by priority, but... 't'ain't the same."
3,2020-02-01 19:21:15,Last year this app dropped the sync with other members and with this update the app fell off my screen. Tech support suggested all the normal stuff. Nothing left but to uninstall.
3,2020-01-26 00:00:29,"Long time user, but now that it is getting buggier, considering switching. Crossing off items no longer works reliably. Font size shrunk for categories and no way to increase it. Animations are annoying."
3,2020-01-18 22:13:59,"Claims barcode capability, but that is only available in the paired version. Scanned 3 items: 1 unknown; 1 wrong item listed; and 1 correct."
3,2020-01-15 22:16:48,It's pretty good. Works most of the time with google assistant but not always. My issue is that there is no pantry inventory. I would pay an upgrade fee for this feature.
3,2019-12-30 21:48:23,"Have been using this sp for over 7 years and have been happy with all its functions. Really relied on the photos my wife includes sho iam sure tho match the correct brand and size. However, with the new upgrade we lost the ability to add photos to our existing items and/ or our NEW items. Jerking this functionality away from existing customers and forcing us to now PAY for functionality we enjoyed for free kinda leaves a bad taste in my mouth."
3,2019-12-26 22:50:40,Great app easy to use and sorting features are great. There needs to be a column for item price with a running total
3,2019-12-26 17:59:39,I love the ability to have a list on my phone but it will not share my list to my husband's phone
3,2019-12-18 19:48:38,"Just a great app! Unfortunately, with the latest Update the App is slower and ""laggy"". Why did you turn a great app into a normal one???"
3,2019-12-17 09:45:40,"Simple and useful, does the job very well. I would recommend it. However please remove the animations in the lists (especially when searching for items via keyboard), they are disturbing, useless, and time consuming. If you don't know which features to implement, then just leave the app as it is. Don't invent features nobody needs! Stop over-engineering stuff."
3,2019-12-11 16:52:28,"I really love this app but don't care for the most recent update. It changed the way items look when searching your list and adding to the list. Takes to long for them to scroll in and out, was an unnecessary change."
3,2019-12-06 02:15:21,"Hate the ads, other than that it works well"
3,2019-12-05 07:14:57,"It's more convenient than leaving written notes, and I consider useful enough to have purchased the upgrade. However, it lacks one important function, or the function is so well hidden that I can't find it. There is no way to indicate quantity. My wife added lemons to the list, but then had to call me to tell me how many I needed to buy. In my opinion, it works as a reminder list for the items, but isn't a true shopping list without the ability to add quantity. It would be best if both the quantity and unit of measure could be add, for example 500 gm ground beef, or 250 ml cream, so there is no misinterpretation."
3,2019-11-27 10:43:08,Lately items vanish from list and others just appear! Needs option to stay on list and not go into edit mode. Support next to useless
3,2019-11-20 01:53:27,It's ok.
3,2019-11-18 02:38:04,Still getting used to it
3,2019-11-02 18:08:33,I would buy the upgrade if I could cross off items from my list on my fitbit Ionic. I read that you do not plan on supporting that :( If you would plan on that this would be a 5 star app for me. Thank you.
3,2019-10-19 08:41:11,"Sorts items well. Easy to use. But you are unable add multiple items using alexa. I ask alexa to open our groceries, and she asks me what I want to add. Then she asks if I want to add more items, but then those items are added to the alexa shopping list."
3,2019-10-01 00:28:03,Works well except for the bar coding that never finds any item which was the reason we got this in the first place. If you have to type out the list anything else will work just as good.
3,2019-09-12 03:12:55,Decent app but once you choose how to share one time you never get to share another way ever it seems. Really is a let down since not every list needs to be sent the same way.
3,2019-08-27 18:48:02,"After utilizing this app for years, I'm disheartened to be searching for something better. The last few weeks I've noticed that things disappear off my list, so I neglect to buy them at the store and don't realize it until I'm home and it's too late. Also, I now have the app freeze while I'm shopping. It tells me I'm offline (which shouldn't be an issue on this app at all). Today it was nonresponsive 3 times during my 45 min trip. I'm dead in the water without this app while shopping. :("
3,2019-08-21 01:36:20,"App adds and deletes items by itself resulting in purchasing unneeded items and ""forgetting"" others. Is there a known problem with Pixel 3 phones?"
3,2019-07-21 02:49:45,"could be cool but having to say hey Google ask our groceries to add salt to my shopping list is a lot and it doesn't stay connected to the app to continue to add items you have to keep saying ""ask our groceries"". I really wish i could just ask Google to add whatever i want to my shopping list and it would automatically connect to our groceries app. Just really cumbersome to ask Google to ask our groceries to add to a list. And it wasn't easy to get the app to connect and sync up with Google assis"
3,2019-07-11 21:35:04,Great experience
3,2019-07-05 12:05:25,"I like that it remembers previously used items but I would prefer to have an easier way to organize items by category instead of just alphabetically and to add quantities without having to delete the items first. also, I would like to have an easier way to share lists with my husband."
3,2019-07-04 19:56:03,stop asking me rate your app. the app would be 5 stars if you stop constantly asking to rate it. really. it's annoying.
3,2019-07-01 01:13:15,ģood idea needs some more work. Would like to see price col that gives running total Multiple shops with Un purched item ck list.
3,2019-06-30 00:41:29,I need deleted items in my category order.
3,2019-06-24 18:59:15,should be able list needed items in relation to store lay out.
3,2019-06-08 22:27:20,Good but can be made simple
3,2019-06-08 14:27:15,works as expected
3,2019-06-06 19:09:06,latest version has serious flaws wish i could go back to older version
3,2019-06-04 20:37:43,"I really liked this app until recently, where they started letting advertisers actually add items to your grocery list. Really bad look. You'll be going through your grocery list and all of a sudden you'll see that something you never would have put on there is on there. Well that's a paid ad appearing as an item in your grocery list. Gross. Also, I decided to go ahead and pay for the ad-free version but it took my money and then ended up reverting back to the original."
3,2019-06-03 18:37:59,It would be great if it would actually recognize foods that you hand input. Instead of me having to tell it what a English muffin is and where to find it
3,2019-05-20 00:52:16,"Mostly good. i would like to create default list that has everything i buy and then i can just create a weekly list from that. it would act as a reminder for staple products/supplies. i was told i could do that by creating it as a recipe and then just add the recipe to the shopping list. that worked a couple of times, but now it asks me if i want to add each item separately instead if dumping the whole recipe. maybe another user has a suggestion?"
3,2019-05-07 00:44:10,"It doesn't keep statistic data like how much you save/overpay at stores, nor does it keep track of how often you buy a certain item. If it had these aspects, even in a paid version, I would love this app."
3,2019-05-06 14:57:51,don't know nothing else about it yet
3,2019-05-05 10:52:19,The app is fine. Being bombarded by ads to upgrade or start an account are NOT fine.
3,2019-05-03 19:28:49,"i previously purchased a""key"" foe the upgrade ans it didn't transfer to the new phone. what can I do"
3,2019-05-01 21:30:03,"It woild be nice if therr was a meal planner with it and widget. its a good app otherwise, just missing some convenient featurea"
3,2019-04-05 22:50:39,Rated 3 for hassling me to vote
3,2019-03-18 21:19:29,this is a great app it would be better if you could put it on your desk top and transfer the list for printing or make it on the desk top as well.
3,2019-03-14 16:50:25,"Solid App, but you lost my custom.. The wife and I used to use the app because we could share our lists between accounts automatically. We'd split up and check stuff off and each phone would update with others' progress. not having that now makes the app utterly useless for us."
3,2019-03-11 19:39:06,"It would be great to delete individual items from the crossed off list, instead of the entire list. Otherwise this is a great app!"
3,2019-03-10 16:59:42,"Few times it hasn't synced correctly and has deleted the wrong items and added others back, especially when reception is poor which it often is in supermarkets! Would also be nice if items could be kept in the order they are added to the list. Regardless which sort option is selected it still sorts alphabetically!"
3,2019-02-23 15:29:51,major drawback is that there is no quantity and price column like 'out of milk' app
3,2019-02-23 03:23:02,"The 'add item' feature is on the bottom of the list, so you have to scroll down the list every time you want to add an item, which is a bit annoying. It's great you can sync lists with other people"
3,2019-02-15 17:22:50,Customer service does not answer emails (specifically regarding loss of premium version of Our Groceries )
3,2019-02-13 17:04:21,Barcode reader does not download. Great app otherwise.
3,2019-02-08 02:50:52,needs to be able to put a price on items and keep them there..
3,2019-01-30 18:01:47,Really awesome but the only downfall is that you should be able to have an option to automatically notify others who share the list that you made a change to the list
3,2019-01-25 12:04:19,Would give 5* if app could recognise more barcodes
3,2019-01-10 18:41:33,cool app but would be nice if you got a ping notification if someone has added an item to the shopping list
3,2019-01-08 01:54:56,convenient
3,2019-01-04 14:04:59,will we ever get a private list? :-(
3,2019-01-03 23:48:33,"Using this app directly on my phone, even when using voice command, I have no issues. It works great! However, they have paired up with Google Home so that we can start adding things without having to find the phone and open the app. Unfortunately there are **A LOT** of quirks to be worked out. It seems that Our Groceries does not understand a lot of words and which list to put it on. Like ""Add tequila lime wings to the Costco list"" or ""Add soap to the office list."""
3,2018-12-24 21:55:41,"Decent, but could be better."
3,2018-12-06 07:27:00,"Bought the premium but a reminder is the reason for a shopping list, right? 🤷‍♀️"
3,2018-12-01 13:41:47,Not quite there but nearly. We have synced this app between us which is useful. However we want to use it with Google Home voice commands and there are a few issues with this which mean we can't move away from the Google shopping list app yet unfortunately. Sometimes it just doesn't work but the most annoying thing is that when you add things via Google Home you can't use 2 words I.e. Dry shampoo or fresh bread or diced chicken. Therefore rendering it useless to us so we're having to stick with Google til this is fixed. The plus points are that you can choose different shopping lists to add things to via voice command which Google shopping can't do. Hurry up our groceries and fix this issue with Google Home!
3,2018-11-16 09:17:14,"Would be a five if the wake up word was not needed, please add automatically from Alexa list"
3,2018-11-12 16:59:44,"Could be a great app but lacks things such as adding price or aisle info, and being able to automatically assign products to specific shopping lists would be great. With a bit more functionality it would probably stand out as one of the best."
3,2018-11-07 19:46:12,Today's update completely removed the widget and access to the widget
3,2018-11-05 16:52:39,"Would be nice to have a Android watch app like listonic, but does not have Google home function"
3,2018-11-04 22:44:21,It ok for what you use for
3,2018-10-30 02:31:38,"Good app, but needs a few tweaks. First, I need to organize categories per store since not every place I shop is set up the same. Second, for recipes I need to be able to set up the actual amount. Not 1, but a tablespoon or cup so I know if I have enough at home already. Otherwise, I love it. Simple and easy, just the way I like it."
3,2018-10-19 21:03:26,We like it but items added drop off and disappear from list
3,2018-10-12 20:07:17,The only thing I would add to the app is saving lists and saving recipes
3,2018-10-12 16:53:14,"I would give 5 stars if you could share at list level, ie sharing only office list with co workers and groceries with wife and kids. As it is now you can only share all our nothing."
3,2018-10-08 03:49:55,I've been trying to scan bar codes and it doesn't recognize any of them.
3,2018-10-04 12:58:08,"It would be better if one could list items in any order, to correspond with the order the items are shelved in the store, rather than being limited to only two pre-set choices."
3,2018-09-25 03:04:45,Great app to use if forgetful.
3,2018-09-23 15:08:14,"The list sync across devices is nice, but it doesn't know what category common groceries are, so you have to type them in manually."
3,2018-09-01 20:38:15,"Great app! Allows me to sync and share my lists with my family. My only criticisms for it would be that once you start sharing lists, every list you create will be shared. It'd be much better if it gave you control over which lists to sync and which ones to keep personal. My second criticisms/suggestion is to add the option to add pricing along with sales tax for the groceries. That way we can see how much we'll be spending before reach the counter."
3,2018-08-29 20:58:24,"When I try to link it with Google Assistant, it fails to authenticate me. Manually linking and using a browser got me linked. But I didn't find it very useful.  Assistant aside, I still find the app useful."
3,2018-08-19 14:51:46,It's a bit early to be rating this...
3,2018-08-06 18:46:05,"It's ok. I've moved to it because it links to Alexa. But, there is no place  to enter prices which is really annoying. I like to have a total amount at  the bottom of the screen as I'm making shopping choices. I'll move back to  my preferred app as soon as it links to Alexa."
3,2018-08-06 04:16:34,It works... lotsa requests for the paid version. Not sure it's useful  enough to actually pay for.
3,2018-08-05 13:17:55,Hmmmm Idk
3,2018-07-26 11:09:50,It's ok.
3,2018-07-17 08:00:42,I was disappointed to find out that the free version of this app doesn't  categorize items on the list; such as separating dairy and produce items on  the list. I wouldn't have bothered to install the app then.
3,2018-07-07 17:33:22,I like the app but you cannot used the scanning if you don't upgrade. I  uninstalled it.
3,2018-07-05 11:52:43,I've tried almost every shopping list program out there and this seems to  me the most pleasant and easiest to use. We love the real time coordination  of our lists.
3,2018-06-16 15:05:44,Not seamless with Alexa This app looks nice but it does not work seamlessly  with Alexa. You have to open the app then add your items. If you pause too  long between items you have to open it again.
3,2018-06-02 19:46:00,"It's an app with potential. I'd like to give it 5 stars, but there's no  easy way to edit the master list of items."
3,2018-05-30 10:42:17,Would get a higher rating from me if you/they ever made a better-looking  widget.
3,2018-05-15 02:50:52,Blarg
3,2018-05-02 12:34:53,Would have been useful if you could add the price of items for an estimated  total before checking out
3,2018-04-29 15:21:24,It's ok.not great.
3,2018-03-29 15:39:13,"I had this app for about 2 years, and loved it. I got a new phone, and when I downloaded it, it no longer had a widget. I used that widget all the time. I am disappointed it no longer is there. Am i missing it somehow?"
3,2018-03-27 20:09:06,"It's OK but very basic. No column for  adjusting quantity, pricing, pending buys, buy if special flags, Brand flags, or check pantry flags. Could & should be a lot better. The current problem is failure to sync. Disappointing for an app that costs so much & fails to deliver. I suspect developers are happy with advertising income & have no interest in improving it. Will look for an alternative."
3,2018-03-19 15:45:47,In Canada. I get Item not found way to often when using barcode scanning.
3,2018-03-18 06:24:52,"It seems every time I scroll thru the list, the app registers the touch as crossing off the item. The touch need not be so sensitive."
3,2018-03-11 20:25:40,It works.
3,2018-03-10 18:29:23,Just got the app not sure where or if possible. When family sharing the shopping list it would be nice if we could list or color that person from family so we know who added the item. so we can ask questions. Please advise if this can be done if not can you update app in future.
3,2018-03-04 13:33:44,So many areas of improvement needed.  Almost no real improvement over the years. Looks like an Android 101 project + material design.
3,2018-02-24 17:10:34,"Great app, except it keys off the email address you had when you install it. Also, I paid for the plus version but that went away on the first phone change. When I lost access to my email account, now I have to contact support when I get a new phone. A simple fix would make it a top notch app."
3,2018-02-14 02:04:14,"Good except for constantly asking if you want to upgrade and only choices are ""yes"" & ""later."" This means you're constantly asked about upgrading. Maybe a future update will allow users to answer ""no"" to upgrading."
3,2018-02-06 17:46:26,Doesn't seem to work with wear any more
3,2018-01-28 12:36:31,Good to many ads
3,2018-01-07 17:26:02,"This app shuts off after adding an item, won't open until devise is rebooted."
3,2018-01-02 00:27:32,Have deleted until you add support for adding multiple items at once with Google home.
3,2017-12-31 14:00:05,"I have to categorize almost everything. Can only add 1 thing at a time via Alexa. Have to constantly say ""our groceries"" for each item."
3,2017-12-13 00:22:36,Free app is good.   Paid for upgrade to use on watch.   Did not work.  Stick with free app.
3,2017-12-07 05:28:41,Been using this app for a long time. It's good. Use it.
3,2017-12-03 01:30:49,Drops too many items...
3,2017-11-22 18:47:04,"Once in a while, the app inexplicably adds items to my list that I've never even bought before. So not only do you have to deal with questionable banner ads in the free version, they also modify your list hoping you don't notice and buy whatever they've thrown in there too."
3,2017-11-21 03:45:44,The app really needs to be updated to work with Google Assistant shopping lists. But it does the job and syncing is handy across devices.
3,2017-11-18 16:33:31,Won't let us share our list.  We sent in our email address several times and never get a response back.
3,2017-10-22 19:08:42,It's great
3,2017-10-06 13:51:39,"I don't like that when an item gets crossed off, it goes to the bottom (because I have close to 200 items on my list - a lot of scrolling). I would rather it stay in the category I had it in, but crossed off.  Some may like it at the bottom, it should be an option. I buy a lot of the same produce staples every few days.  Seeing it on the list in a crossed out state would serve as a reminder to check the status of that item in the fridge before heading out to the store."
3,2017-10-05 14:12:19,We have had trouble linking 2 Android phones.
3,2017-09-21 02:45:20,"Downloaded this because the ratings hailed its barcode scanner function, but you have to pay $5 for an upgrade. Without the scanner, it's just a list. Nothing special whatsoever."
3,2017-09-20 18:44:49,"Use to work on my Asus Zen Watch 2. Now it doesn't. Website claims it would work under the ""About"" but it doesn't show anything. I have the Android Wear App on my phone too"
3,2017-09-18 01:27:37,"I gave this app only 3 stars because I can not use the barcode scanner with out having to pay for it. I also have to download a different scan app instead of one being already but in. Its not really a big deal to have an additional app but it another app to take up space. I will change this review to 5 stars when the scan feature is free. However, I Like that this app allows you to create different list, and catogorize the list as well. So far that is the best grocery list that I have come across and I can link it to Alexia. The Ads so far have not been problematic."
3,2017-09-17 18:59:02,Its cool
3,2017-09-09 13:45:40,"Does not allow you to speak your entire list and identify each item automatically. When using voice add, you still have to tap the screen to save the individual list item spoken. The lack of voice capability for me makes this app only OK."
3,2017-09-03 13:52:39,I would love to see the ability to add a small note below items.
3,2017-08-28 15:50:19,Like how fast it syncs between phones.  An integrated barcode scanner and price feature would be great to see.
