score,date,text
2,2026-09-30 22:32:08,"used to be good, but went down hill. not syncing between members anymore for weeks now. uninstalling and getting a different app."
2,2026-09-28 12:48:22,App is no longer syncing. Extremely lagy now also! We have been using this for years now with no issues. Now it is like everyone quit their job and abandoned the app. I have recommend this to so many people in the past. Unless it is fixed I can't recommend this to anyone anymore.
2,2026-09-26 11:49:55,I have used this for at least a decade and recently it stopped syncing between my list and my spouse's.
2,2026-09-23 21:48:56,"Updated Review (2026-09-23): App stopped sharing and updating with wife's app (Android to Apple, vise versa). Will most likely uninstall and find new app if it doesn't get fixed. Neither of us sees the additions or changes the other makes to our shared list. If you're not sharing a list and it's just for yourself, it's a great app. Old Review (2017): Great app. Synched with my wife's iPhone and can share lists cross platforms. Great customization."
2,2026-09-22 02:07:20,"I used this app for years and loved it. recently it has been freezing. a restart of the phone does not help I have uninstalled and reinstalled it several times and it loses all my lists, even though I have an account and signed in. I don't know what happened, but I am through. I have switched to another app"
2,2026-09-20 18:43:16,"I have used this app for years. most recent update erased all the categories. have I paid anything for this app, no. always thinking of another way to monetize and the little annoyances like losing years of categorization are driving me to look for another app."
2,2026-09-13 19:00:32,"Stopped syncing and letting us log in about a month ago, on all our devices. Our family has been using this app daily for ~ten years. But a month ago, it seems like their server has stopped working. The lists no longer sync across our devices, and we cannot log in anymore. As a software guy myself, I'd think this would be pretty straightforward and high priority to fix, but they don't seem to be in a hurry to do so. A few more days of this and we'll be dropping them."
2,2026-09-13 18:19:59,"Edit 9/13/2026 - For the past 1.5 years this app has become trash. The shared shopping list fails to update on my wife's list, it often reverts to old, completed lists. After a decade of loyal use we are looking for an alternate shopping list app. I've used this app for years, on three different phones. Edit(sort of) 7/24/2021: This app is still working as well today as it did when I wrote my initial review."
2,2026-09-10 15:58:05,update: has syncing between users also stopped? _-------------- Really gone down in reliability. it used to be better but now when I enter my regular items. they show up uncategorized. I have to categorize everything I add. QR code scanning stopped working a long time ago. What happened? Are developers still working on this?
2,2026-09-08 00:15:57,"What happened to the app? All of our devices are lagging severely, not syncing and the lists won't update. Tried clearing cache and force stopping but the results are the same."
2,2026-09-06 15:31:17,"Quite useful. The app let's you organize your shopping list and categories to match your favorite store. After years of use, the app is unfortunately getting worse. It is extremely slow whenever selecting anything and will not sync to another phone. It's unfortunate, because it eases really useful in the past."
2,2026-08-22 12:28:33,updated and all my items on my lists disappeared! the list names stayed but the important info is now GONE! 🤬
2,2026-08-18 16:45:35,"updated 8/18/26 - the core functionality of this app is still great. the fact that it now prompts me to login every time I open it is not. I don't share my lists with anyone else. I don't sync my lists anywhere else. There is no need for me to create an account or login, so I'd LOVE if the login nag screen wasn't the first thing I had to deal with before I get to my actual list."
2,2026-08-07 14:43:07,"the app used to be good for sharing a simple grocery list with my family. then they added dozens of categories that can't be disabled, so good luck organizing anything. want help with that? get ready to be ignored for a month. what a waste of a good opportunity."
2,2026-07-13 02:38:40,"don't give them your location. it's also not a very useful app. it lacks basic functionality, eg. you have to add every item individually. that's goofy. it's got a great name and it functions as expected."
2,2026-06-30 22:31:12,"Update 06/30/26. I've used the app for years but more recently it drops ítems off my shopping list while I'm shopping, and often I wind up leaving the store without the ítems I needed as they got dropped off while I was shopping. I hadn't checked them off the list. I'm afraid I need to find and try another app. Very usable and helpful app."
2,2026-06-30 18:31:08,"I especially like that I can create a master list of all the groceries I may buy at any given time, then each week I simply select items from the master list that need replenishing and/or what I might fancy that week. Program makes a separate list for the week. very handy. oh and you are able to create many other lists as needed and assign a category. Very nice! Update: master list (pantry list) missing, all lists missing, time consuming to create. App now in my penalty box, 5 down to 2 stars."
2,2026-06-07 17:44:06,"Was always buggy when using it with family. Trying to delete my account now because I don't use it and the app is bugged and won't complete the deletion process, the website doesn't work, and customer service has mostly ignored my emails."
2,2026-06-02 12:26:30,confusung
2,2026-04-26 19:14:59,Unable to designate any item/s. What goes?
2,2026-04-17 13:31:31,"Just got a new phone transferred over the app, the new app is horrible. you have to create your own categories and start from scratch. none of my previous information came over so why create an account..."
2,2026-03-30 23:26:30,"Wish I could give it negative stars. Used to be great, but the dev screwed it up and has no interest in fixing it. So I gave it another try, years later. Much improved, wish they hadn't screwed it up b4"
2,2026-02-22 01:58:45,"Started out as a simple checklist app for grocery shopping. No frills, easy to use, and handy. Now it continuously requests me to join, pops up ads, and other things. I literally just need a checklist, not an advertiser."
2,2026-02-14 21:45:51,The delay between checking an item off the list and the item getting checked is punishing. I have checked off two items before because I thought it didn't take my first click. App crashes on a regular basis. Takes a while for the lists to sync.
2,2026-01-31 16:34:19,it's ok at best. It constantly removes items from your list and adds items on it's own. It rarely syncs corectly with other people that are logged in to your account.
2,2026-01-29 01:40:38,"a scan with barcode does not work items in the pantry, doesn't go over to the main screen. but you need something to help you remember your items. This will work"
2,2026-01-28 18:14:23,I gave 2 stars because this app is not user friendly and it's not what I really want but it's the best app offered for free. I wanted an app that allows shopping at different stores that also calculates spending. Moving lists or items in the app is time consuming and not user friendly. When I find a better app I will delete this one.
2,2026-01-21 18:53:37,Good app. Pushy about reviews at inconvenient times and then requiring answers that I'm not willing to provide. I've used this app for years but it has not always been like this. I trying to imagine how they would gain by irritating me to the point of leaving.
2,2026-01-10 23:37:23,doesn't save temporary lust
2,2026-01-04 15:18:38,just all the sudden tells me no longer works with my device after yrs. widget doesn't auto sync and we've alway had sync issues and didn't get what was needed. was a good app & could be if they fixed sync. need transparency on widget. need pantry widget & sync with grocery. remove with tap.
2,2026-01-02 22:31:49,has helped me remember thing at the grocery and have used lists for camping and traveling
2,2025-12-16 16:25:33,"loved the original. got a new phone: can't transfer my lists automatically (now I have to reenter them). didn't have to login when I opened it, now I do -- it's a stupid SHOPPING LIST for Pete's sake."
2,2025-12-10 12:00:16,it doesn't record the price.
2,2025-12-06 13:16:58,"really nice app, but when you check something off a really big black box asks if I want to delete everything. it's location is right where my thumb rides when I'm using the app... several times right in the middle of shopping I have accidentally touched that box and then everything is deleted. Then all I can do is shrug and say the hell with it. 🤷🏻‍♂️ I've mentioned it before. the only option is to not check off anything and hope I get everything on the list."
2,2025-12-01 00:03:35,not optimal
2,2025-11-25 14:59:52,"I use this app every week to keep our grocery list and budget in order. It can be accessed at any time and organized by location of the items in the store. I'm grateful that it keeps track of what I'm spending, but over the past 6 months or so it hasn't been saving correctly and deletes items or prices. Customer service told me they would reach out to IT to resolve the issue, but I never heard back and the issue continues. I love the idea of the app, but it is no longer working for me."
2,2025-10-23 08:52:25,extraordinarily difficult to import files onto new phone
2,2025-10-20 11:34:08,I paid for lifetime use when out of milk was new. It has since been taken over & my account has been made invalid. This hasn't hampered me too greatly until I got a new phone & I can't transfer it. Pretty disgusting when I purchased for a lifetime.
2,2025-10-10 13:26:21,"They made a change recently that I noticed for the 1st time today & it's super annoying: when you set an item for multiple units, the number used to show up below said item. Now it shows up at the end of the name. Problem is you can't see the # you need to buy easily if the name of the item is too long for the screen. The name does not wrap so chances are you are going to short yourself more often than not. Used to be able to change the layout. I can't do small text. 😤"
2,2025-09-16 19:02:39,app is constantly freezing and also I am no longer able to press and drag items
2,2025-08-20 14:23:42,I paid like 5 or 6 bucks for this app and it was GREAT for a while. Now it barely works right and it's bogged down by too much unnecessary garbage. I might start using something else despite the fact that I spent money on this.
2,2025-08-14 07:07:32,new phone and failed to transfer lists
2,2025-08-12 01:25:11,"crashes constantly. used to love this app. delays on shopping list when you try to click on check boxes, like 4-5 seconds. im too impatient for that and it pretty much makes that feature useless. but the app as a whole crashes all the time."
2,2025-08-04 15:28:18,does not sync with my husband's list
2,2025-08-03 10:15:16,Would be nice to have a filter for items that don't have a price on them so I know which don't and a search for item in the shopping list.
2,2025-07-23 05:12:56,"Calculator is Wrong. There's a ""Cart Total"" and ""List Total"" which makes it really convenient for budgeting..If the totals were correct. Unfortunately, the quantity of items in my cart (6) are calculated to 14, and the total of those 6 items is truly around $80 but the app cart total comes out to over $100? I've even switched the sales tax settings off. It miscalculates no matter what I do. I would have contacted the company because I love this app, but I was unable to find any contact info."
2,2025-07-10 20:29:52,I thought this app would automatically pull the cost from the barcode scanned in store but it doesn't. it just takes the name of the product and adds it to the list. it would be great if it automatically did that too while you were shopping. you will need to manually add the price of each thing scanned. if it can add the price automatically with the option to add any discount or price changes after then that would be best like selecting when shopping at a certain store for accuracy
2,2025-07-10 13:43:29,Used to work with a shared account. Can't share lists with wife.
2,2025-07-09 17:25:28,The change is too complicated. The earlier version was easier. I got a new phone and my data didn't transfer. I don't like this new version.
2,2025-06-20 17:18:45,was working ok but opened today and cannot use categories. when add item mo category assigned. can't even manually assign categories
2,2025-06-04 16:45:32,Really helps me keep up with what I need to get when we go shopping 6-4-2025 update: created login account and tried to share shopping list with my wife. She got invite to download and install the app. List never shared and all my categories were lost. Now only wants my data online and not on my phone. Categories gone in both places. 2 stars because I still have items but have to recategorize them. Also can't import exported list without logging in to online account.
2,2025-06-03 15:09:07,I had aisles and prices all set up for shopping at my local Walmart and all that pricing per item and aisle it's in is gone all of a sudden!
2,2025-05-31 19:42:35,it lost most of my list? not sure what happened. not happ
2,2025-05-28 22:46:10,I am very disappointed with the newest update. I have used this app for years and they have broken everything I loved. You can't access the item history and it completely erased category and price history from in history. All that work organizing and now I have to start over 😡
2,2025-05-24 18:16:17,"Used to really love the app. Here recently, items that I put in my list regularly have disappeared from the suggestion as I type it in. Prices have disappeared that I previously entered from my grocery stores which I use to help me budget groceries. I haven't even tried to sync my list as I have had issues in the past. Not the app I once enjoyed using."
2,2025-05-07 11:45:11,"App used to be slick. Now it's unbearably slow, crashes a ton and makes you click all sorts of popups and windows. Going to an old apk Updated and won't sync. Pointless"
2,2025-04-17 05:22:01,downgrade from 5 stars. app doesnt sync anymore to other devices.
2,2025-04-12 14:19:50,"Update 4/12/25: Been using Out of Milk for over 10 years . Doubt developer cares, but within the last year the app has become progressively worse - starts slow, runs slow . Feels like there is something running in background that slows it down. I'm thinking of switching to a different app at this point. Older review : Been using Out of Milk for years. Only change I would like is to turn off the deals feed."
2,2025-04-11 10:00:18,Android app lacks a search function making the app essentially useless. Easy to scan items but sometimes the wrong info (completely unrelated to the item) will pop up.
2,2025-04-06 23:15:02,"Used to love this app. Recently it has become slow and glitchy. I add things to the list, but unless my husband and I both remember to manually update the list, it doesn't populate on his phone (and vice versa). Since he does the shopping, this has led to considerable frustration. It takes ages for the keyboard to come up at all. No longer a good user experience. Looking for a replacement app after many years of happy use."
2,2025-03-18 16:07:49,App. is extremely slow.
2,2025-03-09 13:16:03,Touble sharing lists
2,2025-02-28 22:18:40,Good first start however it needs to be in a directory structure otherwise you are scrolling for quite a while if you have long list of items. It also needs a search function at the top and to move the checked items to the top as an option. After several updates still no structure to a long list just scroll and scroll dumb. Looking for another app yes waiting long enough deleted
2,2025-02-28 00:06:06,"Until the update, this was a decent tool to use. Since then, all my lists that I have made for shopping are gone. Fortunately, I still have a ""working"" model on my old phone. But I hate developers who think they know what is better, don't. There were small problems before the update, but I'll have to look for a different app before this one changes."
2,2025-02-19 19:45:10,"The app is VERY SLOW in response time, from opening it to entering items to marking off items once they're in my cart."
2,2025-02-17 18:18:43,Used to be great and my go-to app for grocery shopping because it included sales tax and calculation of the bill. Malfunctioned completely out of the blue.
2,2025-02-10 00:44:40,Not a fan of the update
2,2025-01-24 18:55:12,I echo Patrick's review dated Nov 8th 2024. The loss of ability to copy multiple items between shopping lists has really messed up my system. Very very frustrated.
2,2025-01-17 13:04:26,"Performs as well as I could expect (8/22/17) Update (1/17/25) Having to delete this app now. It longer would share lists. Un-installed in both phones and re-installed, nothing. If it is just you using it, you'll likely be happy. Simple, straightforward, easy to operate. (Why it got two stars rather than one.) However, if you're looking to share with your spouse or others, look elsewhere. I'm not sure what the change was, but I had to find another app for sharing."
2,2025-01-16 20:33:32,"I already have an account and it keeps signing me out and asking me to log in. So annoying. Keyboard disappears after submitting an entry, so I have to reopen it to add another item. This app used to be great, but it's now progressively getting worse with the new ""features"" they keep trying to add."
2,2025-01-13 19:47:28,Updated app is very glitch. Cuts off the page and you can t read it all. Won't sync
2,2025-01-11 23:48:18,"It's ok when it works, but frequently my list disappears ... NOT HELPFUL!"
2,2025-01-11 22:17:11,"Login issues I created an account but each attempt I made to login to my account failed, so I was only allowed to use the app in a generic way where I had to re enter my grocery list items to keep the list current weekly."
2,2025-01-10 21:09:08,Items constantly disappear from my list You have yet to fix the issues. My items keep disappearing from the ap. Fix it!!
2,2025-01-10 05:22:41,Stop asking to create an account
2,2025-01-05 05:27:18,Much easier to use before it needed a password.
2,2025-01-04 12:49:16,Every so often this app stop syncing and we lose everything in there on both phones terribly frustrating
2,2025-01-03 17:11:43,"I used to love this app. With the latest update, it has become more difficult to use. I will be actively looking for a different option."
2,2025-01-02 17:35:50,I use to be able to share my list with my husband. Since he got a new phone it doesn't work. No matter how many time we reinstall. Same phone newer modle.
2,2024-12-30 02:10:22,Re-Re-Re-review: app has recently stopped opening to the list I selected in settings. Only opens to most recently used.
2,2024-12-29 21:59:49,"The recent update that changed the location of the move/copy items button is kind of awful. I understand the reasoning, but this is a huge downgrade. You are no longer, as far as I can tell, able to move or copy multiple items at once which turns copying lists or moving things around into a MASSIVELY time consuming chore. At this point I'm heavily leaning towards going back to a paper list."
2,2024-12-24 13:56:58,It used to be a very good app until recently. It is now extremely slow to the point of being unusable.
2,2024-12-21 14:18:56,"Experience hasx ern fine until today. I go to add to my shopping list and I've been logged out. Why? Now my email address when logging in is saying that it's a ""new account"" and I will lose all data. So when I try to create a new account, now my email address is ""already registered."" What the hell?"
2,2024-12-18 17:49:41,Terrible slow app. Takes forever to open if you have multiple list created and a list of completed items in each to do list. App quits when you try and delete checked off items in each to do list.
2,2024-12-11 15:38:08,"I used to love how easy it was to use. However, now its not syncing with my husband as it once did. The since icon is no longer available."
2,2024-12-07 18:34:48,Doesn't transfer between phone anymore!
2,2024-12-03 21:47:33,Can't find the sync button any more. How do you sync a shared list?
2,2024-12-02 18:46:12,I've changed my original review; recent change in the way the app synchs has made it very unwieldy to use.
2,2024-12-01 23:06:09,The app no longer holds the category for listed items. Pain in the rear.
2,2024-11-28 13:40:43,Loved it until update. Can't use anymore.
2,2024-11-27 23:23:16,"Shuts down often, just not the same program. Why did you change it??"
2,2024-11-16 14:55:35,Hate the new layout! It used to be so user friendly. Now I have to search to find the list I want to use.
2,2024-11-13 03:23:15,"11/12/2024 - We have used this app for years and years, and love it. BUT...Since the most recent upgrade Nov 2024, the synchronization is not working when the list is shared with another person. In fact, how to synchronize is not even intuitive...I stumbled on it by accidentally dragging down from the top of screen. I have cleared my cache file, re-opened app and forced it to sync, but I still don't see items my spouse has added. We both use Android phones purchased in 2022."
2,2024-11-10 01:27:03,used this app for years but now no longer able to synch with others. Basically useless if you are sharing a list with someone... they don't see what I do and I don't see what they do.
2,2024-11-08 23:54:36,"The latest Android version removed the Move/Copy function for list items, which I use every day. I need this feature back! Update: Having the move/copy only available for one item is not useful. If I shop at Store A, I have a list of favourite Store A items, and on the day I shop I copy over the items from the favourites list to the actual shopping list. No other way makes sense...to me anyway."
2,2024-11-04 01:00:41,"11/3/24 update: app continues to suffer from excessive tinkering. Its update today changed functionality of the app in a manner that was unnecessary. 5/2024: Downgraded from 4 to 2 stars. Still functional but the developers are attempting to expand the app's capacities (not necessarily bad) and have introduced intrusive ads (bad). I've used this app since ~2017 & am now exploring alternatives, since this app has lost its unique value of being virtually ad-free. Very disappointed."
2,2024-11-03 22:20:08,No longer shareable. Tried to log in and nothing. Loved it but moving on. Delete
2,2024-10-19 19:57:49,I've used this app for a couple of years without problems. Since buying my new phone late last year I've had nothing but problems with this app. Mainly with adding items to my shopping list and seeing the area at the bottom of my list. It's all jumbled together so I can't read it. If the bugs are ever fixed I will gladly recommend it to people again but until then I won't continue to use something that doesn't work properly. As I said my phone was purchased brand new not used and is a new model.
2,2024-10-19 16:57:51,This app is good as far as being a list app but it runs very slowly. Takes forever for list to come up so you can scroll and a long time before it takes checked off items.
2,2024-09-29 22:47:42,Not an improvement when switching panel is covered by a message. Somebody released this update a little too soon.
2,2024-09-21 13:15:57,So slow
2,2024-09-18 12:02:30,I'm assuming there was an update? I had given five stars before but I'm downgrading to two because the new setup is terrible. It was more user-friendly before. After years of having this one I will be finding a different app to use.
2,2024-09-10 01:17:23,"Relied on this app for years, but has gradually become more of a pain than an ally. Accidentally clicking an ad will ADD that item to your list (No one asked for this), and it's too easy when trying to scroll to add an item to a category it doesn't belong in. It was helpful for awhile, but I think it's run it's course."
2,2024-09-08 17:43:36,"Need to bring back fully functional bar code scanning, at least to the way it worked when it first came out."
2,2024-09-04 00:26:27,"I used to love this app, but recent updates now show an intrusive ad that covers a huge chunk of the screen & can't be gotten rid of. Insanely annoying & I'll be looking for another list app."
2,2024-08-31 11:23:50,"This used to be a phenomenal app. Used it well over a decade w the old interface but had to switch to the current one when I switched cell brands. Now I hate it & am looking for a new app. I used to be able to close the app & when I reopened it, an hour or days later, it would still be on my last list. Now it keeps defaulting to the first list. Beyond annoying! I keep separate lists for my fav dishes & sometimes have to go to multiple places to get the ingredients. Never had ads before either."
2,2024-08-31 01:17:28,"I like the app, but the last update added navigation buttons to the bottom of the screen. Between those, the ads and the top banner, almost half the screen is taken away from the list area. Too much scrolling. Please remove the navigation buttons or the ads. I think before there was a menu for navigation. At least that didn't take up so much screen space."
2,2024-08-23 22:40:59,"the app keep freezing, and it is very slow to load when opened"
2,2024-08-15 21:16:11,"The excessive amount of categories recently is insane! You have ""breakfast and cereal"" and also just ""breakfast,"" and "" dairy"" and also "" yogurt and milk."" Sometimes each of my items is in its own weird category. I've used this app for a long time, but I am ready for change. *To the app creators reply* : I've tried to delete them. Whenever I add items to my list, the app autocreates these categories, so even if I delete them the categories reappear."
2,2024-08-13 00:18:55,used to be good but now it's soooo laggy and slow. I'm about to delete it because it's sooooo slow. 🤬
2,2024-08-02 02:59:45,"I used this app for years because it was just a simple grocery app to open & view and check off your grocery list. Now at that bottom you decided to have this big ad (in my case a Coors beer ad) that's so big that's it's in the way of the list itself. When I check off an item of my list that's near the ad, it annoyingly opens the beer ad. A convenient grocery app that's turned into a junk ad app with one update 🤦🏻‍♂️ Terrible decision! After years of using this app, I'll be downloading another"
2,2024-06-03 16:51:30,Ruined by full page ads when you're trying to write your list
2,2024-05-30 19:53:57,I do not like the advertising at the bottom of the screen. I would like to know how to turn it off.
2,2024-05-29 21:30:02,"I love this app. I use it all the time. It does what it should do. My husband has the app, too, so I just refresh, and he can see everything I wrote down. It's perfect! 5/29/24 Update - Damn! They now have ads. What I'm upset about is that, so far, there's no way to pay to get an ad-free version. I'm outta here until they make an ad-free version again."
2,2024-05-29 03:24:19,"It keeps freezing and I have to uninstall and then reinstall. It worked fine until the last update. If it's not functional, then I'm going to have to find another app."
2,2024-05-28 14:47:35,Paid for no ads. Now I see ads. No good.
2,2024-05-27 22:51:33,cool that even though I purchased the ad free version the developers can just take that away and give you ads
2,2024-05-27 17:48:25,"Update for 2024: I have been using this app since at least 2012. I liked it so much that I got the Pro version to get rid of ads. Unfortunately when it was sold to a different company, it started showing ads at the bottom, but they were not disruptive, so I decided to ignore the fact that my paid version was useless now and kept using it. Today however, there was a full screen pop-up ad when trying to use it, making this super annoying since there is no way to opt-out or pay to get rid of them."
2,2024-05-25 17:58:08,"All good things come to an end and it looks like that is true for Out of Milk. Been using this app for years and have loved it but now it is inundated with ads! Accidentally click on one and it gets added to your shopping list...ummmmm, NO! This is unacceptable. Time to look for a replacement."
2,2024-05-09 19:14:27,Used to perform well. Lately the app is so frustratingly laggy and glitchy it's not worth using anymore. Update 5/9: latest update did nothing to fix extreme lag and constant crashing. Not an issue with my phone as another user with a different device has the same issues. Have tried everything incl unin/reinstall. Abandoning this app.
2,2024-05-03 13:25:03,"Impossible to get started. Makes me sign in with ID and password every time. If I try to go with ""maybe later"" it asks a million questions. I m tired and I give up."
2,2024-05-03 02:40:00,"This used to be a very good app until it started locking up on me. It takes forever to open, too long to add items, it's just a burden now. I uninstalled and reinstalled it but that only fixed the issue for a short while. Before it was great. The best shopping list I had found, but the lad headache is not worth it."
2,2024-04-28 02:45:26,"I chose this app due to it having one of the higher ratings but it lacks Many fundamental features I expected. I'm coming from Google Keep using check boxes as my shopping list qualifier. My point being, my expectations are not very high. Out of Milk doesn't add much to what Keep provides. Probably the biggest thing is ""categories"" which should allow for more efficient shopping. An example is you should be able to get several items when you are in the Dairy section of your shopping list."
2,2024-04-17 13:50:08,"This app has issues. It often does not update, especially between 2 users. Their new use of ads is frustrating mostly because it can take 30 seconds to a minute for the full screen ad to clear and allow us to see our list."
2,2024-03-26 11:51:59,"I like this app - as I'm getting up there and my memory keeps fading (actually,  it is fading due to M.S.).   I am terrible at keeping track of lists I've written on paper.                                                                  I hope they add a feature that gives it access to retailers databases (local prices,  availability , price comparison, etc...).  Hint hint... I would think Kroger, Walmart or other companies might pay quite a bit to support such a feature."
2,2024-03-23 13:52:42,"The app is quite handy, but what bothers me is that my firewall reports a lot of tracking attempts coming from it. Sorry, but it's not that handy."
2,2024-03-18 21:53:16,"Used this app for at least 4 years. I liked it's presentation and functionality better than the other List apps, even more than Anylist. However, O. O. M. syncing is buggy. Today, I finally had it with going to grocery store and my list not being updated. Repeated attempts to synch did nothing. This app has one job to do - keep grocery lists current. So frustrating to get to the store and find you only have a partial list. Time to move on ;though I haven't found a replacement as nice visually."
2,2024-03-18 20:49:04,"Decent app. You can export a list, but you can't import. If you get a new phone, you have to rebuild your lists. It makes the export feature seem worthless."
2,2024-03-15 19:44:01,Now I can't get in to my list. Error for an email when trying to log in with my fb credentials. Well it was good while it lasted
2,2024-03-12 11:47:08,"This used to be awesome and work really well. Missing anything? Just add it to our shared lists. Unfortunately, when my husband adds now to our shared lists, I can press refresh all I want, it sometimes work, sometimes doesn't. Since this is used for an all-important task, unreliability cannot be tolerated. Sometimes, I even update it on my own account on my tablet, won't refresh on my phone🤷 #iusedtobeyoung 😅"
2,2024-02-03 18:54:24,"I used to love this app and have used it for years but it's locking up again. Every single time I enter something new, it locks up for several seconds. ~8. Slow to load. Sometimes locks up while typing. I'm switching to something else."
2,2024-02-02 18:01:47,Can't delete bought items.
2,2024-01-21 16:38:58,When adding an item to a specific list from the drop-down choices item can appear multiple times in several lists. Cannot seem to fix duplication issue. Frustrating.
2,2024-01-19 17:01:30,"Not bad for solo shopping lists. When sharing, synchronization is horrendous. Many times, the lists do not update when the other user makes changes. Layout and GUI are nice. Able to view many items at once, no unnecessary graphics. Manage Categories is useful. Room for improvement. App needs an undo button. If accidently check item when grabbing the phone (and do not know what was touched), there is no way to see what was checked in error. Have moved on to another shopping app."
2,2024-01-17 15:26:26,"Have used this app for many years, but for last several months, any item I select from my list is listed twice, and the voice command to add an item to list works about 25%of time now."
2,2024-01-06 18:32:47,"It's a really good app that I've been using for a long time, but always asking to create an account everytime i open it is really obnoxious"
2,2023-12-23 17:03:36,"Got an email that my wife sent me a list but didn't have the app. Signed up for the app, but the list didn't transfer. Why can't I just access the list from the email? I have no prob signing up, but why all the extra steps?"
2,2023-12-20 21:23:55,"What happened to continuous scrolling in the lists??!!! Some of our lists have a lot of items where I prefer just to check/uncheck as needed, and having to swipe up or down 10-15+ times just to get to an item is extremely frustrating & just not user friendly!!"
2,2023-12-20 01:20:41,Extremely slow and sluggish on Galaxy S23 (Android). Used to run great before running ads. Very disappointing.
2,2023-12-18 16:00:11,"I had data in this app for years and years, and loved how easy it was to use. It eventually started leaving items out when I would share a list with someone else. Now, it won't let you log in with FB, so I can't access more than a decade of lists that I had stored in it. Years worth of movie and board game and book info just gone. Guess I'll find another app and start over as best I can."
2,2023-12-16 13:54:39,"Update 12/16/2023: Downgraded yet another star because the app no longer recognizes sub-list. Regardless of what list I select (e.g., non-groceries, general shopping, etc.) the app only brings up the grocery list. It's a frustrating hot mess. Last Update: Jan 1, 2020: Downgraded by a star because the issue I reported over 6 months ago still persist. The app continues to create duplicate categories and not fully sync."
2,2023-12-10 16:49:51,Keeps crashing. I sign in and as soon as I hit one of my list to open it crashes and asks me to sign in again.
2,2023-12-03 09:31:21,"Out of Milk took a full minute to open and is nearly as slow to respond to adding items to lists. I've happily used this app for 6 years but the past year has been torture to use it because of frequent ""app isn't responding"" messages. I guess this treatment is retribution for not giving it location permission. Ready to dump it for paper again."
2,2023-12-03 02:25:35,"Not bad. The pantry list feature has really helped me out since I tend to be an out-of-sight out-of-mind person when it comes to preparing shopping lists. But what's glaringly lacking is a dedicated expiry date field for each product. There's only a text field, which is unhelpful for this purpose: you can't use a date-picker to select a date and no way to highlight items which are near or past their expiry. Switching to an app that offers this feature. 2023 update: still no expiry date feature!"
2,2023-11-27 20:11:35,"I read online that this can be used on both iOS and Android so me and my wife and I were excited to use this! but we can't seem to share our grocery list! We can't seem to receive the email invited, and then when trying for one person to uninstall, then have the other copy-paste invite, but it still doesn't connect."
2,2023-11-27 03:30:24,"Love the app, but it keeps freezing up and is extremely slow. Is there an update that needs to be downloaded? Looks like the last update was August 31st."
2,2023-11-24 18:18:28,"It would be absolutely fantastic if you could share the list. Me and my spouse work different shifts. I was hoping we would each be able to add or take things off the list as purchased. Unfortunately, even with both of us signed into the same account, we can not see anything the other does. There is no way on this app to see if he picked anything up after work or noticed we need something else and vise versa."
2,2023-11-22 18:16:11,"Won't sync. We got this to be able to each add items to the grocery list when we thought of something. The lists don't sync, or take hours to sync. Used to be a great app."
2,2023-11-22 04:22:04,Used to be great now it keeps putting deleted items I already got back on my shopping list. Seems they are paid to manipulate us to buy things again before we need them.
2,2023-11-16 04:17:46,Good app when it works... grocery lists do not save and synch after last updates. Paper lists are more useful.
2,2023-11-13 01:55:30,Unable to use after latest update. Super disappointed- have been using this app for years. Tried making my grocery list today and it was really lagging. Saw there was an update and thought maybe that was the issue. After updating though I was unable to open the app. Not just keeps crashing! Uninstalled and reinstalled and now I can't sign in at all. Very disappointed.
2,2023-11-12 15:45:33,Edit: I've been using this app for about 5 yrs now. I was completely happy with it until the last couple months. Here recently a pop up happens everytime I get on that says I'm a winner of some make believe contest. I'm highly disappointed that Out of Milk would let spam ads be apart of their app. If this continues I will be forced to no longer use this app. I'm really hoping that they will no longer use this pop up. So until it's fixed I have taken my 5 stars down to 2. 😒
2,2023-11-12 15:45:10,"I loved this app... until today when I was attempting to do my grocery shopping. And it proceeded to pop-up a browser window for Amazon every 30s or so while Out-of-Milk was active. Like a Jack Russell terrier it popped up regularly, minimizing my shopping list."
2,2023-11-11 19:52:06,"Used this app for years, loved it during that time. But now there are obviously scammy popup ads that ruin the experience. Vet your ads better!"
2,2023-11-11 17:58:47,"This was good, until it started launching dodgy ads in the Chrome browser about me winning something."
2,2023-11-11 04:32:06,Used to be good but sketchy pop ups...
2,2023-11-11 01:43:21,"I used to really enjoy using this for all my different lists. However, as other recent reviews have mentioned, the pop up ads have become increasingly annoying lately. I am going to take a break from using regularly for a while in hopes that the devs will address this. Otherwise I will be looking for a replacement."
2,2023-11-10 20:32:19,What's with the pop up survey with the fake amazon page?
2,2023-11-10 19:17:09,This was my favorite grocery app for years (I had been using it since 2015). I loved it and was able to tolerate most of the ads until this recent update where I'm getting ads that open up in my browser. At first I thought my phone was compromised and I quickly realized it only happens whenever I open this app. This is a dealbreaker for me and I have uninstalled the app. Very unfortunate as I really did enjoy this grocery app.
2,2023-11-10 19:07:17,The new update has made my app super buggy and now automatically pulls up spam sites for Amazon?! Please fix it so I don't have to find a different app!
2,2023-11-10 19:01:03,Redirect and pop up ads that open other apps
2,2023-11-09 17:07:05,"Deleting this app. Worked great for a while, but my password no longer works, and I can't change it now. The link they sent me was no good, and they haven't sent me another, despite my many requests. There's no email support (that was easy to find that is). Not worth the hassle."
2,2023-11-08 23:47:39,"After using this app for years I am now getting spammy ""you're a winner!"" popups. They are so bad I thought I was being hit with malware. I can no longer recommend this app."
2,2023-10-21 17:08:16,"Used to be really good, now it doesn't sync up between my wife and I, or if it does it removes things from the list. Going to try Cozi."
2,2023-10-20 16:30:33,Been Using this app for years the last year and last updates have been horrible you can hardly access your list
2,2023-10-20 03:29:13,"We have used this app for years, but I give up. Syncing is super buggy. Half the time stuff a household member puts on a shared list doesn't ever show up, or shows up days later, even with both of us clicking the sync option repeatedly. The app also started adding stuff back that has been marked off and deleted days earlier when it finally decides to sync. Just tired of fighting with it all the time."
2,2023-10-17 18:51:46,"App defaults to sending about 1 notification a day regarding ""national X day"" (pasta, taco, etc.). I don't care for notifications. They should default to none per day unless specifically configured for more."
2,2023-10-14 20:26:10,The app doesn't sync anymore. My husbands groceries dont show in our shared list.
2,2023-10-12 23:54:57,"The scrolling is all but completely broken. When trying to scroll, items start dragging, and not necessarily the ones under the finger. This is completely unacceptable behavior and has gotten worse over the last few updates. If the screen does start scrolling, it is slow and there is no momentum so the screen only moves by a couple of items. This makes scrolling through a full shopping list very tedious."
2,2023-10-11 19:28:44,I used to love the app and would have given it 5 stars but the ads have become intrusive. I don't mind ads at the top of bottom but pop up adds every time I open the app that are often slow to respond really frustrate me. The main reason I still use this app is because of shared lists. I was hoping there would be an option to pay to remove ads but that doesn't seem to exist.
2,2023-10-09 20:39:29,"I used to love this app😠 Now it frequently locks up, especially every time I attempt to reorder my list. This WAS my favorite feature."
2,2023-10-08 21:08:18,"One of the main features we liked about this app is that my wife's and my lists would sync. Now they don't so the app is little more than a list. I find it frustrating that when I start to identify an item, the app brings up the name of an item I have renamed rather than bringing up the name from my history list. I established a user name and password, but I can't get the app to recognize it and can't get it changed. I'm looking for another app"
2,2023-10-01 16:58:37,Always crashes on with Android. Needs an update.
2,2023-09-29 13:55:45,"I'm not able to move items around after the update, also a undo option will be very helpful. Now moving items around is extremely slow. What's going on? Besides, there's no revert button."
2,2023-09-22 01:12:53,"Constantly nags to be cloud connected, no thanks check list app. Need to find a less annoying replacement."
2,2023-09-21 16:01:44,App is very nice but super slow to delete items and just in general it should not be this laggy on top of the line S22 Ultra. Something seems to be off and needs to be fixed. All other apps work fast
2,2023-09-20 19:54:34,"9/20/23: updating my comments... I'm very sad to say that I've become very frustrated by this app. 😪 I've been using it for years and LOVED being able to move my entries around within my list. For the past year or so, my app freezes when I try to do that & then crashes. I reopen it and it shows my list, but the same thing happens over & over as I'm actively using it! PLEASE FIX this crashing problem! I don't want to have to find another app to replace it. Thank you."
2,2023-09-19 15:38:09,After deleting the list returns
2,2023-09-17 20:06:10,I can no longer see my total with this latest update
2,2023-09-04 21:54:14,This app no longer works lite it used to.
2,2023-09-03 15:38:18,I can't open the app on my new phone...I still can't open and use the app on my phone. I love it on my tablet.
2,2023-08-27 17:17:58,Agree with other viewers about a degrade in quality with recent updates. Also a major battery hog that wants to be connected to the Internet in order to function.
2,2023-08-20 13:48:10,This app used to be great. Unfortunately something happened and it crashes basically every time I used it now.
2,2023-07-22 16:11:33,"I initially gave this app 5 stars, but recently, OOM has stopped supporting speech-to-text (at least on Android devices), despite being supported for many years previous. A recent contact with an OOM tech rep confirmed this. Its still a workable shopping list app, but without the voice support, it has gone from great to just okay, IMHO."
2,2023-07-22 09:43:30,"I really enjoyed this app, but now it feels sluggish. Sync works 1 out of 20 times at best, making it impossible to use with 2 ppl or more, which was why I used it in the 1st place."
2,2023-07-03 19:05:00,"Was useful for a while, but now harasses me every time I open it for access to my location, which I do not want to give it, making it a two step process to enter a new item. Not worth it, switched to a notes app."
2,2023-06-23 21:57:15,This was once a good app with a dev team that cared. It's now a bloated and crashy peice of adware.
2,2023-06-20 09:20:35,"Have had to re-rate this app. Been using it for years and it used to be amazing. Recently it is slooooow and it hangs after almost every input. I use this app every day, multiple times. Am sad bit will have to look for another app."
2,2023-06-19 05:58:32,"Earlier versions worked better; barcode scanner works occasionally. Sync function rarely works. Nice simple interface, too many Aldi ads."
2,2023-06-13 16:10:27,"I've used this app for years and years with my wife and it was awesome. However, once the upgraded service was offered the free app has become so slow to respond that it is pretty much unusable. It takes 4-5 seconds for the app to check something off the list that used to happen immediately. I'm assuming it's throttled down the responsiveness hoping I'll pay for the Pro version. Which I will not."
2,2023-06-07 21:58:50,"I'd used this app for over a year, had 2 lists that covered most of my shopping and it was wasy to use. Then a couple months ago the ads were splattered on the main screen and would repeatedly force the app to close. I made sure to keep the app up to date but it didn't matter. I put up with it but today, each time I tried to open the app it would immediately close. Again, I checked the play store to make sure it was up to date, which it was. I restarted my phone, but no luck. App is useless now."
2,2023-05-29 18:12:19,"I love this app and all the things I can do with it, UNFORTUNATELY, when I try to scan items in to be added it tells me that the item isn't available or puts in the wrong item"
2,2023-05-18 22:39:51,The app is fine. I tried it because it promised I could make lists by scanning bar codes. This feature stinks. I tried six things and it could identify 5. Not obscure things but Pringles chips and Little Debbie cakes. What? Need to add a lot more items or I'll give up.
2,2023-05-18 18:20:41,App has become very slow to open and constantly tries to reload list even if I back out for a second. Says it doesn't need to be online but having wifi access seems to speed up the app
2,2023-05-18 15:13:30,Will not sync our two android phones. We've had the app since 2017. Used to work very well
2,2023-05-13 16:41:10,I have used this app for 10 years (!) for all my grocery lists and absolutely love(d) it. I don't know what they did a couple months ago but now the app is constantly freezing and reloading and it's so frustrating and makes it clunky and unusable. I am so bummed. I'm looking for a different one to replace this one now.
2,2023-05-10 17:22:46,"I like the concept idea. It's a little complicated to operate one on the fly. It seems to be a little buggy. The idea of being able to slide your grocery items up into a specific category is great. Unfortunately, you can easily move thoses items unintentionally just as easy. Whether its the lag or bug, when theres an item entered needs to be assigned a category, it stalls and seems to lock up. Not good at all while you're shopping. Theres other bugs still. I uninstalled it."
2,2023-05-09 23:48:02,"Used to like this app. Now after I add things to my list, I'll come back later and each item has multiplied many times."
2,2023-05-08 22:42:25,Update: The check boxes in the widget still don't work.nPlease fix this. You are unable to remove an item when shopping without opening the full app.
2,2023-05-04 12:56:05,Some of the issues I wasn't happy about in my previous review have been resolved. The main issue now is that ads are now shown. I paid for the pro version to not have ads.
2,2023-04-30 21:24:53,This was an excellent app that used to make life easier. Now it is consistently frustrating. I paid for Out Of Milk Pro to avoid the ads. It's disappeared from the app store and when I contacted the developer I got no response. They should at least refund the money paid if they're suddenly going to put the ads back in.
2,2023-04-26 13:35:52,OK UNTIL NOW!!! STOP ALL POP-UPS IN YOUR APP. or I WILL BE FORCED TO DELETE YOUR APP.
2,2023-04-22 15:32:25,Constantly Glitching
2,2023-04-20 03:06:08,I've used this app for a while and like it but it's not working correctly with my Moto G phone. It locks up and throws app not responding error. It eventually comes back but just locks up again. It's simply not usable.
2,2023-04-13 22:13:02,"Animated ads? I love the app for what it is, however, now while I'm out shopping with my list open, not only do the ads cause my phone to warn me that the app is draining my battery, but the ads open web pages without me interacting with my phone at all. I would be happy to have the old ads back or even to pay a one time fee to remove ads completely."
2,2023-04-13 14:17:45,"I used to love this app but some things have changed. First, I cannot stand the flashy ads that are just above the list. I would pay for a no ad version. Second, it's become more glitchy. I will check off items on my list, but the next time I open the app, the items are back on my list. Items are also too easily moved, if I tap on something to mark it off, it sometimes moves to a different category. What I like about the app is how it sorts my items into categories. I hope it's fixed soon."
2,2023-04-11 23:43:52,"I've used this app for about 10 years and put up with the occasional ad. Now there is a banner ad I can't get rid of and I can't find any info about deleting or upgrading so I won't get any ads. I find the ads more irritating than the app is handy, so I'm going to look for a new app."
2,2023-04-10 17:42:06,Used this app for quite a while and liked it a lot. Things have changed over the last several months. Can't sweep/spin quickly through the items list like I used to so that's frustrating. In the last few days it has become frustratingly slow to unresponsive. My guess is that its too busy feeding a rotating list of ads that it no longer usefully serves its primary function for the user. I'll be uninstalling.
2,2023-04-09 16:53:43,I bought this app for $1.99 back in July 2014 and haven't had ads since. Why am I now getting ads at the top of my list?
2,2023-04-08 01:34:19,Been using this app for years and loved it but now it keeps crashing/kicking me out of the app and adding deleted items back to the shopping list. I hope this gets fixed soon.
2,2023-04-08 01:21:32,Not as good anymore. Will not scan anymore and now voice doesn't add to the list. Using Pixel 3XL can this be fixed? Google shopping list add okay with voice.
2,2023-04-07 17:44:06,"I love this app, and use it multiple times a week, but the ad at the top is really annoying and is making me consider finding different app. Just a suggestion, maybe come out with an ad free version, if that's possible? I know my ad hating self will buy right away 😊."
2,2023-04-07 14:24:53,"I used to rely on this app, but in the last couple of months it's become slow to respond, despite me clearing cache and all old items. Only app I'm having issues with. It seems to spin and try to sync every single time I open it again, for up to 30 seconds, which is annoying when trying to shop. I'm finding no such issues with a different grocery list app."
2,2023-04-06 14:32:31,"Used this app for years with good success. In the last year, the app won't sync and when you try to add items, they don't show up."
2,2023-04-04 18:02:26,"App has gone from 5* to 2*, feature using verbal prompts to make my grocery list simply quit. Apps are supposed to get better, not significantly worse, with updates"
2,2023-04-02 18:09:00,Buggy
2,2023-04-02 13:17:19,Used for a while. It's abysmally slow now and unresponsive.
2,2023-04-01 18:44:24,"I ha e used this app for years. After it started having issues, I recently reinstalled. Now, I can not get the voice rec feature to function properly. It hears my input, but it is immediately discarded. This feature was important to me."
2,2023-04-01 13:21:33,Has search terms for kitty litter but not mince or ground beef and other foods. Weird.
2,2023-03-24 03:53:27,App doesn't sync with others. And you can't rename shopping lists
2,2023-03-20 18:56:46,I use this for shared grocery lists with my wife. Worked great for several years but recently when either of us opens a shared list it tends to delete whatever the other person entered. This defeats the purpose. Will have to look elsewhere.
2,2023-03-12 18:55:30,"When I changed phones all the pro features, as free , disappeared. Uninstaller till its fixed"
2,2023-03-11 16:57:06,"I loved this app but the latest update has caused it to crash almost every time my wife or I click ""delete all"" to clear out the completed purchases."
2,2023-03-08 02:34:25,"5 stars for the app, 0 stars for the widget. The app still works well, but the widget has become completed unusable. One of the best things about this app used to be that the list could be seen and checked off directly from the widget without having to keep the app open. Now items can no longer be checked/unchecked on the widget, and changes to the list in-app don't always show up in the widget. Tried uninstalling and reinstalling but that didn't help either. Will have to look for an alternative"
2,2023-03-07 22:03:16,"Used to be great, but now it's so slow it's unusable"
2,2023-03-07 05:35:09,Used to be good. I have used this app for years. First you added the annoying ads for grocery stores that pop up when I drive by them. Then the app just started freezing up and jumping around. It's barely usable in the grocery store. I'm done.
2,2023-02-23 10:19:14,"I've used this app many years, and it had performed well until recently. Now it freezes and takes about 20 seconds to unfreeze after everything I do."
2,2023-02-21 21:05:18,. I'm
2,2023-02-21 20:39:00,"Seems to have gotten worse with time. Syncing lists with others is very inconsistent, even if you manually press the sync button. Basic list functions work fine. We've moved on to another app that syncs reliably."
2,2023-02-12 15:27:48,Very Bugy!!!!!!! Does not synch well or at all!!!
2,2023-02-11 23:12:03,Keeps force closing and won't move items from one shopping list to another
2,2023-02-10 02:17:26,Was way better when you could scroll smoothly through your lists.
2,2023-02-09 06:25:22,"I used to love this app. Now they force ads that don't go away immediately after closing them. Sometimes I need to check something on my list very quickly, but the forced ads prevent that from happening. I'm looking for an alternative app now."
2,2023-01-26 14:25:41,"Update #2: uninstalled. The pop ups were too much but then it kept freezing. I need one that works. Updating. The continual location request is anoying. The random popup of stores and deals is annoying. If anything, i WON'T stop at Walgreens BECAUSE it pops up here. Takes forever to get other random stuff to get off the screen so I can actually add to the list. Last update = bad idea!"
2,2023-01-23 21:41:29,"I've had this soon for years and was always happy with this app as it allowed for every member of the family to add items to a shared list. I have no idea what changed, but it no longer syncs the lists correctly. For multiple days and after many refreshes, my husband and I still do not have the same list. We hung in for several weeks, but it just doesn't work anymore. I would give it one star because it's no longer serves it's purpose, but if you are not sharing lists it's still a decent tool ."
2,2023-01-21 21:00:25,"Cannot share shopping lists with other Out of Milk users, despite what the app states. It is easy to send the title of a list to another OOM user, but the items on the list cannot be sent in the app. More than a handful of the products I purchase from major grocery chains reflect inaccurate information when scanning the UPC. . Easy to create a shopping list. It would be great if the app could link to a store's layout and organize the shopping list by store aisle."
2,2023-01-13 22:14:54,"Not sure what happened, but the list won't refresh and I can't see what my husband bought or vice versa! Very annoying. It used to work great. (We are both on the same updated version.)"
2,2023-01-08 19:47:55,"I'm really sorry this app does not work for me. All I want is to be able to scan barcodes of household products as I used them up so I will have a list of items to replace. But the scan function never returns anything! If I try to send an email to the support fx, it makes me log in again but won't let me login with the same email and pw that I setup for the app."
2,2022-12-30 22:04:09,"Has become very, very laggy over the last several months. Not amused about the change in ownership this year, as well. App used to be great."
2,2022-12-29 09:38:37,Having lots of problems loading.
2,2022-12-24 22:59:42,So now they have added yet another screen at start up. Done with this and gone.
2,2022-12-23 13:15:31,"Update: I've switched to Our Groceries like several other former users in the reviews. [I used to really love this app because it was uncluttered, unobtrusive, and easy to use. Now there are three nag screens I can't turn off every time I start the app. I don't want to make an account, put my shopping on the Internet, or share my location for ""helpful"" features. As someone with ADHD this totally derails my task brain. At least give us an option to permanently dismiss the prompts, please.]"
2,2022-12-15 15:36:59,"App is nonresponsive, freezes all the time. Really frustrating!"
2,2022-12-04 18:41:38,"Buggy, slow to respond, keeps crashing, and now you have to click out of a screen that pops up every time you open it"
2,2022-12-03 00:19:22,I used this app for years and loved it but it doesn't work anymore. I was hoping that you all had fixed the issue since it's been a few months but you haven't. Keeps freezing. Too bad.
2,2022-12-02 04:12:32,This app used to be simple and great. The last 2 updates it has been slow and glitchy. It crashes constantly. Adding something to the list takes 5 to 7 seconds even for the keyboard to come up. Any feature takes several seconds to load. The categories slide around with the lightest touch. I'm ready for a new shopping list app.
2,2022-11-29 16:24:19,"Works intermittently at best. Even with local changes the app will sometimes not register the change to the list, let alone update the other devices on the account, despite manually engaging syncing."
2,2022-11-26 14:45:16,"Like others, I've used this app for years, but recent updates have made it unusable. Items stay in your active list even after you check them off. Also, it keeps adding things to my active list - things that aren't in my list, things that I don't even buy!! It's so random and weird. It's also incredibly hard to check things off sometimes and things now move with the SLIGHTEST touch. Sad, but I'm looking for a new app."
2,2022-11-21 02:51:41,"Barcode does not work. Say that there are infinity amount but I have scanned hundreds and not one has worked. Don't tell me send email to support, just fix it!"
2,2022-11-12 18:26:44,"I'm truly sorry to be writing a negative review on this app because I used to love this app, but it has stopped syncing which is what made it so great. Without this feature working RELIABLY, it's not useful for me."
2,2022-11-12 04:50:57,"Used to work great. I got a new phone and now my lists won't sync within the app. Have to actually log into the full site for that. At this point, what's the point of the app then?"
2,2022-11-08 10:18:31,The concept and categorizing of items looks promising. Widget didn't work for me. Constant app tracking by Facebook and Urban Airship is enough reason to uninstall. (Corrected) Emailed developer.
2,2022-11-02 13:55:41,Ads that hose it when you open the app. Links to Pro version do not work. Uninstalled after the ads started making it unusable.
2,2022-11-01 16:41:07,Loved the app until recently. I can't switch between to do lost and shopping list without having to close the app. Frustrating.
2,2022-10-26 03:49:12,"Recently started asking for location permissions everytime the app is launched. Now it also asks for a login. No thanks, uninstalled."
2,2022-10-19 15:21:54,"I'm very near to deleting the app. The prompt to enable location permissions every time I open the app is ridiculous. I paid for the app, I have no interest in you knowing my location so you can advertise to me. I should only have to disable this once."
2,2022-10-18 21:27:50,Used for years....recently installed on new cell and app keeps crashing and requesting permissions
2,2022-10-14 04:35:51,"It seems OK so far, but EVERY time you open it, it wants you to give it location permission. I don't want to. This annoyance kinda ruins the app."
2,2022-10-12 20:50:40,"This app is only useful when shopping by myself and creating the list by myself. When my wife and I try to collaborate on a shopping list it takes forever to sync on both ends if it even syncs at all, which makes to whole thing rather useless. It's been like this forever with no improvement"
2,2022-10-11 02:49:02,"I found this app about 10 years ago& used to love it. It automatically organizes your list by department & remembers you past items. It's so sluggish these days & freezes, it's not worth using"
2,2022-10-10 17:26:04,"Similar to others, syncing is the main problem. Also, every time you open the app, it requests that you turn on location services with a full page ""ad"" that makes it impossible to do anything else in the app until you either accept or close it. It's such a shame because the interface is nice, functionality (other than syncing issues) is good, but these two issues make using the app pretty frustrating."
2,2022-10-09 16:18:36,"Down grading rating to 2 stars. Still frustrated with the scrolling issue. Been like this for awhile now. Seems like it would be an easy fix. The app used to scroll freely up and down, but now it only goes a page at a time. It takes a long time to get to the bottom of your list. Would be nice if the alphabet were shown on the right hand side so you can navigate a list by clicking the first letter of the item."
2,2022-10-08 16:58:09,"Slow to load, demands location services every time I open it. Does not easily sync between devices. I'm unhappy with performance. And before I used a VPN, it was faster but often snuck ad-based items into my lists."
2,2022-10-05 06:02:53,"Used to be my favorite shopping app, but ever since the new owner, the app has annoying splash screen that begs to track my location, and every list has annoying ""Allow us to locate you"" text below, which has to be dismissed by a very small button. I don't understand why this app should know where I am; it is totally undesirable, and breaks my privacy."
2,2022-10-05 01:35:30,"Went downhill pretty fast after the sale. More bugs started to creep in, and then the ads coming back after I'd paid to have them removed and the begging for location permission EVERY time I open it (like, every time in the same grocery trip) were just the kicks in the pants I needed to finally switch to another app, so thanks, new marketing team!"
2,2022-10-02 13:35:05,"I really like this app, but every single time I open it, I get an annoying splash screen asking me to enable location services. I've said no a hundred times. Stop asking me! I don't care if I won't get ""deals in the store."" I don't want you to track me."
2,2022-10-02 03:52:44,"Used to be one of my go-to daily apps, but the increasing number of changes are rendering it completely useless and I will be installing after several years of daily usage. The most recent update removed it from my apps listing and I can't even find it in my apps and have to search for it. Really disappointing development changes, guys."
2,2022-10-01 22:13:08,"Years later, Out of Milk still fails to sync with reliability. This is very frustrating when sharing a list with someone where both parties are contributing and often leads to items being missed on the list. 2022 Still sync probs. Time to move on. Sorry Our of Milk. So long and thanks for all the fish.🙁"
2,2022-10-01 10:19:37,"As others have now mentioned, since the latest update, the App is now incredibly glitchy with very little functionality."
2,2022-09-29 14:00:51,"If this damn app asks me to enable location information one more time after I said no 100 times I'm going to go download another shopping list app like Bring!, Cozi Family Organizer, Our Groceries, or Anylist so I never have to see that annoying pop-up again"
2,2022-09-28 16:31:51,"Used to like this app a lot. It was straightforward, and that's important to someone with impaired vision. I'm happy to pay for apps if it will reduce the visual noise on the screen. But they've chosen to go to a really intrusive, screen-greedy ad layout that reduces clarity significantly. It's too bad."
2,2022-09-28 13:03:14,"It used to be perfect, now it... works, I guess. I used the widget so I could update on the fly, but that's no longer responsive no matter what I do. Shame, really."
2,2022-09-26 21:51:13,"Agree with others, I love the idea of the app but I've experienced very little success with barcode scanning. The help feature says there's infinite number of barcodes, and I don't dispute that. However, when I scan what I consider to be a very common everyday item and the app doesn't recognize it? Like, it's literally the most popular product in its line and the app doesn't know what it is. Okay, so this will be strictly a type the item list app. High hopes dashed."
2,2022-09-23 21:05:25,"Helps me keep track of my grocery list and other tasks. Great app until you updated it, and the scrolling is now one line at a time. What gives?"
2,2022-09-20 20:28:07,"After deleting items, they just end up showing back up on the list, over and over. They don't stay deleted."
2,2022-09-19 20:14:56,"(2022)the app is trash now. The sharing, the sharing feature rarely works,and it's constantly asking for location. Originally I gave it 5 stars. I'm looking for something different now. Looks like a lot of the long time users are becoming disappointed. 👎"
2,2022-09-13 14:52:30,"I've decreased my rating from 5 to 2 stars due to the incessant requests to know my location. HOW MANY TIMES DO I HAVE TO SAY NO. If this continues, I will find another app."
2,2022-09-11 17:18:56,"Been using the app for years, but everytime it now asks.me.to turn on location services. Looking for other options to replace this app"
2,2022-09-11 12:31:29,I now have ads. Will be deleting the app.
2,2022-09-10 21:54:10,"the dev has lost their way with this one, so I'm moving on."
2,2022-09-08 17:00:13,Used this app for years with no issue. Now they ask you to opt in sharing location data every time you open the app.
2,2022-09-06 21:20:26,Have had minor problems for years but now switched phones and can't get rid app to open
2,2022-09-04 03:59:11,App has become a burden to use since update. Always asking location. Other similar apps available.
2,2022-09-03 19:44:08,Basic things are fine; recipie adding and other features either difficult or broken
2,2022-09-02 22:59:17,Unfortunately the app has gone downhill in the last year or so. It's very glitchy and i can't rely on it anymore for generating my lists.
2,2022-09-02 21:20:23,"Recent update, which has already had a few fixes pushed out, was a step backwards. From what I can tell most of the ""improvements"" were graphics. One BIG problem is manual sorting can now only move items up but not down in the list. PITA. Took a functional app and made it quirky and glitchy. Updating 10/20/21... About ready to give this app a burial. Scrolling feature is now non-functional and app is less than efficient or user friendly. Last ""updates"" have completely screwed this app up."
2,2022-09-02 17:03:43,"I've been using this app for 5 years and it used to be great. Over the years the updates have become more and more intrusive. As of today, everytime you open the app you have to get past 2-3 screens just to get to your list. These screens ask you to sign in and another asks for your location data. I've done both 10+times and it still asks EVERYTIME."
2,2022-09-02 16:06:20,The scan feature does not work. I still use the app but it is not as good as it was.
2,2022-09-01 13:02:26,"Been using app for 4 yrs now (9/22). Always wonderful until recently. Always w/pop up message when opening abt granting permissions; already granted all needed permissions. Now app is not even working bc half screen is gone. Couple of weeks now, no app update to fix issue. Also would like option of crossing off item instead of removing it, as I accidentally hit wrong item from time to time. It removes it and I don't know what I removed. Already emailed support."
2,2022-08-31 16:28:44,"This was my perfect grocery App. WAS! Now it adds and deleted items at random. My mother just had surgery, I needed a certain item, along with many, and the friggen app deleted it! Found out WHEN I GOT HOME! Unacceptable!"
2,2022-08-31 11:35:19,"This was one of my most used apps and I purchased it so that I wouldn't have ads showingup on it. Then a few weeks ago, I started noticing ads on my app and inquired about it. Turns out the creator wasn't making enough money selling the app, so the app that I purchased now had ads back on it. I then went and purchased another app that has no ads and will do away with this one since the word of the creator of this app is no longer trustworthy!"
2,2022-08-26 10:28:40,"Just like all of the other reviewers, this app was great until mid-2022 when new unavoidable location-popups were added and sync stopped working. The whole purpose of the app was to share a grocery list with someone else and that became unreliable at best. Even when we press the refresh buttons, we find ourselves looking at different lists."
2,2022-08-26 01:25:41,"Latest update Aug 2022 is a step backwards. Silly, meaningless opening page that does nothing I want with a barely readable ""done"" button. But the real issue is how slow it is. You click the box, and it takes like 3 seconds when it used to be so quick."
2,2022-08-25 23:54:25,"Across all my devices and always there! Love it! Even used for a weight loss list to check off each pounds Update: Either my update to a new phone or an update from out of milk, 6ish months ago and since it is super slow and glitchy now. Searching around for a new list app because it hasn't worked itself out."
2,2022-08-21 18:01:12,"Used to love this app, but 3 things have changed. First, every time you open it, a pop-up asks you to turn on phone's location...highly irritating. Next after entering an item, you have to press the area to to add another item so that the keyboard will appear rather then just typing another item...2nd time waster. Third, the app is incredibly slow with a long delay from when you check an item bought foe it to disappear. It wen from one if my favorite apps to the most annoying! Shame"
2,2022-08-20 10:34:56,"Good app but STOP PUSHING Sync, Share, Save so much. It's infuriating that it blocks so much of the list and you have to tell it NO twice to get it to go away over three windows. Don't be so greedy."
2,2022-08-16 11:31:10,"Stop constantly popping up asking me to turn location on. I'm never going to do that. This should be a one time thing, not something that smacks you in the face every single time you open the app. It's extremely off-putting."
2,2022-08-15 18:18:28,Was happy with this app for years. Now no longer syncs between family members.
2,2022-08-14 02:57:48,Used to give this app at least four stars now with all the crud you're putting on it like asking me every time I started to log in I'm about ready to quit using it entirely and uninstalling it it used to be sweet simple and easy to use not much anymore.
2,2022-08-13 18:04:48,"This used to be a good app, but things have changed over time. It constantly nags me about wanting to always know my location. The UPC scanning function no longer does anything. Instead of getting better over time, it has gotten worse."
3,2026-09-29 08:05:17,"We have used this app for years and have really found it useful. Sharing lists etc is very helpful. Unfortunately it has started ""not responding"" on a regular basis despite our Android and the app being fully up to date. Still no improvement, about to change to another app as it won't synch anymore and no response about it."
3,2026-09-27 19:01:09,good app so far but one thing is missing I need a favorite setting to favorite items I constantly use on my shopping every week instead I have to search through a long history list. I'll up the rating to 5 if it's added
3,2026-09-04 17:35:24,"update: yes I have categories organized, but so many items in each category, I should be able to search a pantry item and add it to a list. I still would like to see a search bar in my pantry list, apart from the 'Add item"" search, so that it can pull up an item quickly to add to my shopping list. Right now I have a lot of items in each category and it is very time consuming to find an item when I realize I need to add it to my list from my pantry."
3,2026-08-26 20:56:21,I don't want to make an account. Please stop asking!
3,2026-08-21 04:00:49,Syncing categories across multiple devices are problematic as deleted categories keep reappearing
3,2026-07-28 13:27:17,"this app is great for sharing the shopping list. unfortunately there is an issue with the category since last update. I can't choose only those that I wish, the entire list is displayed when adding a product to the list"
3,2026-07-26 22:09:28,Was working fine. Recent update makes it impossible to remove default categories in the recipe list. needs a fix ASAP.
3,2026-07-19 22:52:26,"I've used this app for a number of years, and gave up using their web version because of poor syncing, but now a new problem. Their automatic categories now appear in your lists no matter what. I've my own categories for how my grocery store is laid out, but I have to scroll scores of theirs to find mine when making my weekly list. They took away ability to delete theit categories. Definitely a hassle downgrade."
3,2026-07-14 12:28:27,"I have been using this app for many years and really liked it. However we use it differently than it is really structured for. Instead of categories such as produce, dairy etc. we assign store names. Recently the default categories keep showing up so when I want to add something to a store list I have to sort through baby items, produce, automotive etc. I have removed them from the list several times and they won't delete. This is so frustrating. Trying Google Keep now."
3,2026-07-13 22:53:04,"I had been a fan of this app, but now it restores all categories I previously deleted"
3,2026-07-11 12:48:25,"I've loved Out Of Milk for years and can't find an app I enjoy more. However, one of the more recent updates has left me unable to permanently, or even semi permanently, delete categories. They come back as soon as I close the app."
3,2026-07-11 09:54:32,"I chose not to take part in 3rd party info sharing within the app. It's good for a free app but sharing and syncing with others can be difficult. The app suggests that sharing my personal info may help with syncing issues, not worth the tradeoff to me."
3,2026-07-08 17:56:45,"Annoying Surveys, sync delays, but useful when it works. Hubby likes the shared list capabilities."
3,2026-07-01 04:19:14,"Great improvements in this app. Some items still have incorrect barcode data. However; the App needs one MAJOR addition. Many locations have 2 to 3 different Tax codes. For example, our State has a 3% county food tax and a 9.5% nonfood tax, but no State Food tax. Some States have a State, County and other tax for some States. Tax 1 and Tax 2 need to be added to more accurately adjust for taxes."
3,2026-06-26 21:53:11,can't even prevent users from adding duplicates or at best notify them if one tries to add one
3,2026-06-20 20:01:13,"I've used OutOfMilk for years. But recently, it deleted all my notes, categories, and pricing! can you fix this?"
3,2026-06-19 05:54:10,I like it. it helps me remember things
3,2026-06-01 18:03:17,"The latest version sucks, bring back the old interface! 😕"
3,2026-05-17 12:41:41,"UPDATE: After uninstalling and installing multiple times, the app still has issues."
3,2026-05-03 22:52:07,"I used to use this app for everything, referred it to everyone I knew, and even purchased the pro version when it was an option, but it fell behind its competitors and I moved to better pastures. After 4 years I decided to check in on new features and am disappointed that there are none. Competitors have meal planners, recipe storage, and save by store, amongst other things. Is this an abandoned app?"
3,2026-04-12 15:17:49,Exactly what I was looking for. And pretty easy to use. the only reason I gave it 3 stars instead of 5 is because it keeps asking me to review it. even after I already did years ago. it gets annoying.
3,2026-03-06 00:55:57,"I would have given a better rating, but wverytime i opened the app I was bei g asked to give a rating"
3,2026-03-03 22:11:15,"I've been using this app at least 5 years and use it for all shopping lists, plus to-do lists, keeping track of Xmas gifts/prices for each person, etc. The widgets need work as I'd like to view the list but the 3x3 widget is too large and I'd like to make it 3x2 or 2x2, even if it cuts off part of the words. I also forget that it won't let me edit or rearrange items, so accidentally click them off the list all the time. Also, would like a button on widget to open the entire app."
3,2026-03-01 23:47:24,I cannot alphabetize the category list. This is frustrating
3,2026-01-31 15:26:19,My quest for a good shopping list app will continue. This one doesn't have a way way to quickly enter multiple items on my list and the whole interface is weirdly oversized - at the same time making me tick a specific little box to mark that I've bought something while shopping. This is not the app for me.
3,2026-01-26 03:49:41,Can't rearrange categories.
3,2026-01-08 20:53:20,too many popups and attempts to collect personal info.
3,2026-01-05 15:44:32,"Edit3: They fixed the speed, sort of. It's still Slow! Edit2: 2023-09-16 Same issue on a Galaxy S9, every action takes literally 5 seconds to complete... I almost never use this app due to that, and will be saying goodbye forever to this junk.. what a shame.. Edit1: App has been so slow lately that it's barely usable, takes several seconds to register clicks to check off items, dropped rating to 2 stars. Original 5 star review: Been using for many years for shopping... and many many other lists"
3,2026-01-05 07:23:24,It's missing dark mode.
3,2025-12-26 18:47:01,"Overall, I like it. However, when scrolling only, it moves items TOO easily from one category to the next."
3,2025-12-05 16:08:57,"I've been using this for over a year. it's worked well until recently. It shuts down randomly, a lot. and has become very laggy."
3,2025-12-01 07:14:36,This application will never stop nagging at you... otherwise it would be great
3,2025-11-27 23:42:50,I would give five stars if shopping list items automatically updated the Pantry list when purchased!
3,2025-11-18 15:03:57,"just keeps adding the same, exact, items to my shopping list history. I now have 50 cheddar cheese, 200 beer, 80 yogurt... etc. Finally the app kept crashing because there were 576 items in my shopping list history. Had to delete the entire thing, uninstall/reinstall and start over. Why can't it just pull from shopping history list, and NOT add it back in again as duplicate??"
3,2025-11-08 16:18:26,It's a great app! I've been using it for a very long time. But now I can't download it in my area or share it. It's a shame.
3,2025-11-08 04:15:02,it's cool but it could be more
3,2025-11-07 18:54:31,"mostly great, but having a LOT of trouble with a shared list. takes forever for a list to update for the other person, sometimes it never does."
3,2025-11-06 10:57:59,"Used to be brilliant but now it's very slow at everything. I bought the pro version too. struggling to move things on the shopping list. checking item once in your basket is slow to ✅. they are the main two. I have a honor v3, this was also happening on my Samsung."
3,2025-11-04 21:00:21,"This app, works well but lacks polish. There is a lot of room for improvement. I like the app but expect to see it evolve to look more finished and less prototype-like. Too much space is used to display unnecessary information/items such that it adds clutter to the screen and detracts from the purpose of the app. Overall, this could be a very good app, but right now, I call it a beta or prototype."
3,2025-11-01 19:15:00,needs barcode scanner enabled. id use it if I could actually use my barcode scanner to quickly scan all my pantry items
3,2025-10-30 22:55:59,have used this app for quite a while. one drawback..you can't contact anyone regarding a simple question. Have checked all the tutorials and can't find the answers.
3,2025-10-27 11:45:14,"I've had this app. for years and really loved that I can also use it on my laptop. Using it on my laptop made grocery list making so much easier and faster (since I go onto grocery store websites to get pricing, copying and pasting is much easier on the laptop). However, as of 10/26/2025, when I went to log into my account via laptop I am getting a notification that I am out of their service area and it's only supported in the USA and Canada. I still live in the USA."
3,2025-10-26 13:46:22,"Automatically making a number at the beginning of a listed item into a quantity of that item is still annoying. Options. Like dark mode still not being an option. Who still wants a bright white screen, ever? Works most of the time."
3,2025-10-12 16:05:24,"update back to 3 stars. updates continue. I've just stopped using this for budgeting my shipping run. still a good spot to keep multiple related lists. The most recent update turned my favorite app into useless. Cannot send my lists via email without it getting completely chopped up. It automatically adds tax to everything. Categories make less sense, and much of the work I put in to making this app work for me is gone. Not happy."
3,2025-10-03 20:43:36,"Slow, slow, slow...."
3,2025-10-02 19:01:10,I've used this app before now and I'm so satisfied with it. So far I don't have any issues and I plan for it to be used for a lifetime without any problems. I am so glad this app was created! I don't think I could have chosen a better app!
3,2025-09-21 04:07:00,"Update: Changed from 5 stars to 3 because this app now includes ads, didn't before. I have been using this app for several years and have loved it always! I really love the feature that allows you to calculate your total as you shop."
3,2025-09-10 12:42:53,Create price profile and grocer locations .
3,2025-08-21 16:49:20,"I'm assuming that this changed with an update, but it's now almost impossible to sort the list manually. (edited... sort was ""restored"" before... must have been a speech to text thing)"
3,2025-08-16 15:22:11,"Not the best but OK. Some good features like making my own categories and being able to move things around easily. I've used it for many years and like the convenience. Recent changes are very frustrating - lots of glitches. Items on my list disappear, new categories keep appearing even though I delete them."
3,2025-08-13 16:27:25,So now on a Pixel 7a - the UI elements on the top draw over the Android UI. The Android Clock and notifications area is where the grocery list selector is and the clock/etc. Really need to better QA this stuff
3,2025-08-13 14:39:57,Still on the fence... Been using GroceryIQ (with APK download) because I never found another that I liked. My new s25 Ultra won't install the APK and I found this Out of Milk seems the closest and I was painstakingly copying over my lists. but day 2 of this app and it's suddenly rendering underneath my nav buttons on the phone. The menus are now almost impossible to access and I can't figure out how to make it work probably again. super frustrating....
3,2025-08-10 13:48:12,The May update removed previously stored items from the history list.
3,2025-08-08 11:55:18,"The app is really laggy and slow now. I like the categorization feature, but the app will throw any slight variation into the uncategorized section. eg. ""cream cheese"" automatically goes into dairy, but ""cream cheese-strawberry"" is uncategorized. After using this app for a very long time, I will likely uninstall it soon."
3,2025-08-04 19:07:26,"Did they remove the saved prices permanently, or is it an update glitch? I pulled the app up today to make a list and I had to manually add the price estimates back in for each item. This isn't the first feature that has stopped working recently either."
3,2025-08-01 22:03:01,"great took and I don't mind paying for it. however lately it forgets custom item entries. for example, my grocery store has a bulk spices section and I would add the SKU to the spice name but things I use all the time don't keep that information and even forget what category I put them in."
3,2025-07-30 13:11:33,"I like it a lot. it's simple and easy. I do wish it allowed adding pictures. I don't know how many times I have taken a picture, so I get the right item, but the picture exists just in my gallery. I don't like that it adds duplicate entries. As I use it more, this is getting annoying, so I removed 1 star."
3,2025-07-21 22:41:52,"I like the way the program is set up, mostly, but certain things are very frustrating and keep me looking for alternatives. Setting up a shopping list by category and getting the categories to appear on the list in a predictable, logical sequence is impossible. I very much hate needing a user name and password to access a list of groceries. It's absolutely ridiculous."
3,2025-07-18 03:03:44,I've been using this app for a long time and really like it however all of a sudden we cannot sync phones my husband and I. I reached out to the help desk but they just told me to reboot our phones together and see if it would work. it does not work
3,2025-07-13 21:43:14,....does what it says! Use it all the time for all my shopping lists. update my review: doesn't put grocery items in the proper category. Like adding frozen potatoes goes in an uncategorized list instead of the option for frozen foods.
3,2025-06-20 18:52:18,I transferred to a new mobile phone and lost my complete shopping list entries. Is there a way to retrieve it?
3,2025-06-15 18:55:55,every time I put the aisles down half them are gone
3,2025-06-14 23:25:04,"I've used this app for years. Recently, many of my saved items and prices have disappeared - a lot of rebuilding to do. I have verified I have the most recent version."
3,2025-06-14 11:18:30,"When it works,it is great. I have used this app for several years now. Recently it keeps on ""not responding"" and the only cure is to delete the app and download it again. It will work again for maybe 2 weeks (if I am lucky!) then I have to delete and reload again, totally infuriating!"
3,2025-06-09 12:37:19,"Love the app overall. Not sure if there was a recent update, but in the last week, I noticed that if I add something to the list, the app ""forgot"" it. Not only do I have to type in what I need, but I have to make sure it is in the category I want. Because the app forgot it, the cost of the item is also blank, which means I have to rebuild the list in the store. I use pricing all the time when putting together my list each week because it helps me stay on budget."
3,2025-06-06 06:12:30,Worked flawlessly for many years. Today suddenly my item history is gone: only a few custom products remain. Please fix. EDIT: there is no update available. Store has the same build 1144 from January.
3,2025-05-26 22:00:54,"I use this app almost all the time when I go shopping so that I don't forget to buy things. However, it is terribly annoying when the app often adds categories without asking. I'm always having to delete them because if I don't, I end up having so many categories the things on my list get lost."
3,2025-05-20 08:56:02,"I used to enjoy this app but over the course of the past year the app keeps closing within a minute of opening it. Therefore, I have to reopen it constantly even on the new phone that I just got."
3,2025-05-04 18:32:02,"functions ok, but has an annoying amount of pop ups that try to have you sign in (why?) or take a survey while you are in the middle of the grocery store trying to check your list"
3,2025-05-01 20:58:38,"Had the app for years. Used to be 5 stars. then 4 stars. first it was the incessant messages about new features, over and over...then those went away. now it's...surveys! surveys that have ABSOLUTELY NOTHING TO DO WITH YOUR APP!! never again. I'm not even going to look at your surveys anymore."
3,2025-04-23 11:45:14,"This app has been great for my husband and I in the past but now it hasn't downloaded right for a year or so, deleting the app soon."
3,2025-04-22 14:23:30,just Ok. I use Instacart for my list and know the pricing and availability before I shop
3,2025-04-04 20:19:22,"Main issue that I organize categories by the aisle in which the items are in my local store. Whenever I adjust my categories, OOM either deletes them or resets them. Category management sucks."
3,2025-04-03 05:24:20,"I had to update my review and drop a couple of stars. After the latest update, the app is extremely and painfully slow. I totally love this app. I have it on all of our electronics. Before, we had lists all over the house by the store and would always forget to grab the list. Now, my husband can click on the app on the app to add things to the list, and when I go to the store, it has already been synced with my phone."
3,2025-03-16 06:03:10,Need to add a low price and a high price to keep track of it
3,2025-03-06 21:46:59,Perfect way to keep a shopping list on the go. It remembers what you buy also!! But it won't sync with my phone no matter what I try.
3,2025-02-13 17:14:56,Better than doing a written list and forgetting it at home..
3,2025-02-04 23:01:11,"I've had this app for years and years, I use it almost daily. I've had very few problems or complaints. However I ran into an issue recently. I don't know when it changed, but I used to be able to mass-move list items to a different existing list. Without this option I would have to tap on each item, select move, select the list, etc. No Bueno."
3,2025-01-31 12:33:35,you need to opt out of online and use local for options. otherwise an excellent app.
3,2025-01-27 16:50:06,"The adding and checking off process is fairly easy. I wish I could override all of the old categories. My main complaint for all of the years I've had this app, is that the mobile app and the desktop app and the tablet app do not sync properly. I do not understand why that has not been fixed in all this time."
3,2025-01-17 18:12:34,New to the app. Too soon to judge. It's a great idea tho. Hoping it works for me.
3,2025-01-17 05:18:07,It should let us check what you need instead of crossing it out.
3,2025-01-17 00:44:59,"Too slow when adding or deleting items. Doesn't sync well with ios from Android. I still like it, but it could be improved."
3,2025-01-12 19:21:14,"I have lowered my rating again since I no longer have my add on that I paid for to keep ads away. Now my app keeps freezing up so I cannot add/delete any item not can I scroll my list. This is really getting irritating since when I first download it was the best app out there. This was fixed once but it's happening again. Otherwise, this app for my grocery list is awesome. Have not found one like it."
3,2025-01-11 21:53:34,Good
3,2025-01-10 13:35:36,This was excellent until now when you are giving me too many options. All I want is. Shopping list
3,2025-01-09 05:36:28,"I think it's an awesome concept, and a great app (still setting it up), but I had to give it just 3/5 stars because it's missing a key feature, imo. In the Shopping List, you should be able to move your checked items directly to your Pantry/Inventory. They could make a special setting, or have an option to choose where they go, but all it has now is ""Uncheck All"" or ""Delete All."" To move items, you have to edit them individually... Hoping for future updates on this, but still excited to use it!"
3,2025-01-07 13:21:27,I've been using this app for probably 10 years but I do not like the change they made showing all categories. I only want to see the categories I have items I need to puchase.
3,2025-01-05 16:42:16,"You always want feedback but then you don't address the problem. You should program to autofill something already in my list then not duplicate it. I end up with multiple ""yogurt"" because I accept your autofill because I don't have time to scroll to the bottom of the alphabet to choose something already on my list. This should be an easy fix but I've been asking for years and you won't fix it."
3,2025-01-04 00:29:20,"I've had this app for a while and although it's definitely still handy for making my shopping and packing lists, I feel like it used to be better. I share my lists with one other person who has the same model phone and they never get a proper sync. We used to be able to grocery shop together and each of us could check things off and sync accordingly while in the store. No more. We've updated, un-installed, etc. The other person will SOMETIMES an accurate initial sync, but never a refresh."
3,2025-01-02 03:57:48,Have been happily using Out Of Milk for several years but several months ago an update highly destabilized the app causing it to respond very slowly & to crash often. As I type this I realize the app is likely modified to now cull info from my phone to it's central servers with each launch as 30-60 secs pass before I can see any of my list vs instaneous list available in the past. Adding items is now slow and screen jumps during Delete causing wrong items to be purged. Reorder won't work.
3,2024-12-30 15:04:58,Love it. Live by it
3,2024-12-30 01:53:07,For some reason it doesn't respond to my android keyboard. That's why I deleted it earlier this year. Thought I would try again still a problem.
3,2024-12-29 15:07:51,"12/29/24 Update: I don't know how to contact you thru the app... since the new update, I don't like how this app works. I would put in an item in and it would change the item name to something else that is on my list and label it as no category. I miss the old app. 5 /28/24 Update... oh no my favorite app now has ads. Bummer Love love love this!!! Makes food shopping a breeze!"
3,2024-12-21 03:01:39,The list is not carrying to new phone despite logging in. The shared list is not sharing.
3,2024-12-20 17:56:02,Does not work with Alexa
3,2024-12-15 19:00:43,I losty shopping list and can not find it. I am afraid I will loose my to do list when I make a new list called shopping
3,2024-12-11 00:57:50,"I loved this app until recently. Now, it keeps pressuring me to create an account. Why do I need an account for a grocery list? I used it just fine for years without one. It's very annoying."
3,2024-12-08 16:50:30,Syncing is proplematic. There is no way to save every list at once. You have to save one list at a time. I downloaded OOM again and there is no sync button. On a different phone there is.
3,2024-12-06 19:44:08,Who changed the app? I had to redo my grocery list cuz it DISAPPEARED.
3,2024-12-06 17:10:38,Sync not so hot lately
3,2024-12-05 15:12:11,Until the last update it worked perfectly. Since then our phones' list will NOT sync. That's the main reason we got this app
3,2024-12-04 03:55:56,Newest version is running very sluggish
3,2024-12-01 15:02:51,"Bulk copy is now missing. Please review this change and if possible put back the copy option. Thanks for the reply. Found it, works as described."
3,2024-11-29 03:42:51,"I'm unable to sync my list with my other devices because I don't have the sync icon, I've un-installed it and reinstalled it & it's still not there, could you please fix it, thx."
3,2024-11-29 00:04:57,"Does not sync list between shared users, even though the latest update was supposed to create easier syncing."
3,2024-11-12 14:56:46,My husband & I have used this for a long time. What happened to the sync button? Are list stopped syncing to each other's phones?
3,2024-11-05 03:10:32,Since the newest update it logged me out and I can't log back in from FB
3,2024-11-02 20:28:51,Doesn't sync anymore with the newest update
3,2024-10-31 23:07:24,Strongly dislike having the toolbar at the bottom of screen. It takes up too much space. Pls revert it back to a menu selection.
3,2024-10-22 03:32:53,Keep loosing list when in grocery store. Disappears. Very disappointing and frustrating.
3,2024-10-11 17:57:17,"Used to be great, now it's just ok. For months it's been crashing constantly and moving VERY slow. I don't even bother organizing my list because it takes too long for it to recognize that I want to move an item on the list. And when I check something off, it remains for a few seconds before disappearing. Might be time to find an alternative"
3,2024-10-05 12:36:16,Recently the app starts much more slowly: instead of starting at once with the cached local list and update via the network as needed it starts with a blank list that takes quite a lot of time to load and in the meantime you can't add to the list.
3,2024-09-17 00:49:33,"Ads take up huge amount of the screen, now. Not as good as it once was. Wish there was a paid option."
3,2024-09-15 07:12:10,Have used this app for a long time but the actual screen with the list keeps getting smaller and smaller. Now instead of just an ad on the bottom they have implemented a useless toolbar that takes up even more room. It also resets itself and sends me back to the top after scrolling for a little while making it very difficult to edit the list. There doesn't appear to be a way to remove the toolbar--I should have never updated it.
3,2024-09-14 13:56:42,I love the app but it's becoming unusable bc of all the system freezes or app crashing
3,2024-09-03 21:47:41,"Changed password, lost all Lists and Categories. I've worked happily with Out of Milk for several years. Today I mistakenly logged out and had to reset my password to get back in. My grocery list was gone, along with an extensive list of well-reviewed food products and all categories (Dairy, Meat, etc.) What the heck? How can I get my food categories back, at least?"
3,2024-08-30 02:02:25,"Dropping my review to 3 stars because of the latest update. They've added buttons in a menu bar at the bottom of the screen for Grocery List, Pantry List, To-Do List, and Settings. This bar takes up way too much space, especially when you add in the banner ad at the bottom. I'd love the option to remove this because I ONLY use the grocery list."
3,2024-08-23 16:06:17,"Just because I am the ""owner"" of my account, that should not keep others who I share with, from adding item to my lists."
3,2024-07-31 05:31:49,"I've been using this app for many months now and initially left a 5 star review, there is now an obnoxious huge ad at the bottom of the screen that auto adds stuff to your list if you accidentally tap on it. I would gladly pay a buck to remove it permanently or watch a video ad to remove it for a day or so."
3,2024-07-28 05:43:52,"I've used this app as a shopping list for like a long time. I enjoy that it handles sales tax for you. They added the pantry inventory stuff and it's a hot mess of useless. For the first time today, I made a list on my computer and hoofed it off to the store only to find out that the list didn't follow me on my phone. I don't know what the target audience here is. They're trying to do a lot, but only the shopping list part of it is useful and that doesn't even go far enough."
3,2024-07-19 01:24:01,"Just started using but would highly recommend on pantry list will full, low adding an OUT category to help categorize what is needed now vs. what to keep an eye on."
3,2024-07-11 22:29:46,"It doesn't rotate when the device is rotated. If you create a free account, it will sync across all on the account."
3,2024-07-03 21:15:26,Works backwards. Does not total my shopping list but totals all items. Very strange.
3,2024-07-02 18:55:55,This app is just ok. Half of the time when you scan a barcode it doesn't recognize it. It's really just a fancy shopping list that has some ideas that don't work.
3,2024-06-30 20:55:05,"Giving this app another chance, upgraded to 3 stars. Thank for making it right for users that previously paid for prolocker and removing ads for us. My only frustration is with the scroll in the lists, it only scrolls a few items down and longer lists are very time consuming to find the item. Perhaps add a alphabet scroll on the side to help with this, or the add button make option able to search to uncheck the item. I opened a Ticket back in 2021 on the lagging scroll but still not fixed."
3,2024-06-30 14:55:00,Good app for making grocery list.
3,2024-06-22 20:04:06,"Love the app, except it is so slow. Takes a couple seconds every time I click on something to add or check off"
3,2024-06-19 23:34:37,How can you not have a dedicated dark mode in 2024?
3,2024-06-09 15:31:18,"Was great until they introduced pop up adds. Sorry guys, dealbreaker"
3,2024-06-06 21:34:55,"Editing to downgrade rating, again. The ads are far more intrusive, blocking the ap until you watch & close it. I pd a small nominal fee for no ads & to support the creator when I 1st started using. BTW I will gladly pay new owners a small fee to continue. 🙂 I've been using OOM for many years and would be lost without it. It is like my second brain. I keep all my extra information in there. Update - just moved to 3rd phone & all is there. Love this app! Ha - 4th phone now"
3,2024-06-05 17:28:20,"I've been using Out of Milk for years and loved it. The ads on the bottom of the screen were fine, but now there are giant pop-ups that cover the entire phone screen. Even worse, the app has become so slow and laggy that it's an actual pain in the arse to use. What a shame that a great app like this has become unusable. I plan to try out other list apps in search of a replacement for Out of Milk. We had a good run, but it's time to break up and move on."
3,2024-05-29 03:50:32,Get rid of the pop up ads. They disrupt making lists just so you can make a buck spamming unwanted products. Keep them and we will find a different shopping app.
3,2024-05-26 16:00:08,"For occasional users, it is not clear what's on the list that is still needed to purchase versus already purchased. I am not sure if that was intended or just bad design!"
3,2024-05-22 23:35:56,"Long time user as soon as the ads started, suddenly I am getting things added to my shopping list that I don't want."
3,2024-05-07 13:27:41,I'm gonna need y'all to take the ads off my pro version ASAP. Again.
3,2024-05-06 13:48:46,Love the app. Paid years ago for ad free. Ads have returned. I despise ads so I'll be looking for a new app. Too bad. It really is a good app. ***Edit*** Well the ads are gone (after returning) but now there's just a blank white box at the bottom hiding half my groceries. Very frustrating.
3,2024-04-25 23:40:33,"I have happily used the paid version of Out of Milk for YEARS--until this week. All of a sudden, ALL my lists are empty and I am unable to add to them. What's going on?? Update: I just un-installed and reinstalled the app, and all my lists are there. Too bad they weren't when I was out shopping today and didn't have my lists. I have to go shopping again to get the things I missed. Please don't do this to me again!!"
3,2024-04-22 09:05:26,Asking to log in every single time even when you're not interested is frustrating.... otherwise it's a good app
3,2024-04-19 21:31:54,"The app has some decent features. Had some issues at first, but better now. Hoping they will add a recipe feature and if so, I Will definitely subscribe. The developer is very responsive!"
3,2024-04-19 14:37:39,Used this app for years and now I have ads? I'm pretty sure I paid for no ads years ago but now I can't find this option.
3,2024-04-13 14:51:44,"Lately it's gotten too slow. Been using this app for years and I like how it's laid out and simplistic. However it has started taking longer and longer to open, and longer and longer to switch between lists. So frustrating! And no, it's not from having too much stuff cluttering the history or the database in general; I have gone through it and culled everything I can."
3,2024-04-01 14:53:51,"Great app, but became very buggy"
3,2024-03-26 18:12:20,I've turned off push notifications and yet I keep getting them. Update: they hide a second push notifications setting in the privacy settings
3,2024-03-16 17:43:52,"I paid for the full version for sharing, and now that feature is gone. I hope it comes back and I don't have to pay for it again."
3,2024-03-09 00:28:03,Overall good app but recently there is a blank white rectangle taking up most of the screen and my list only shows 3 items max at a time. Gotta scroll to see more than 3 things at once? Only noticed since the most recent update.
3,2024-02-08 23:04:46,"Not sure if I've overloaded it or what but it is very very slow lately. Takes about 15-20 sec to process any selection within the app. Also, please allow landscape orientation. I use it a lot that way, but your app does not change. I use the app nearly every day for a quick way to keep my shopping list current. It never lets me forget anything. I can text it to my husband so he knows what to pick up on his way home. :) Looking forward to giving it a 5!"
3,2024-02-01 18:04:05,"Wish that it would show more than one line if an item description is long, as sometimes you miss critical information that is off the screen. The quantity is also put at the end of the line, so not visible a lot of the time. This should be at the beginning of the line."
3,2024-01-31 10:38:38,Notevole
3,2024-01-27 02:43:18,Honestly like the features but have not started using the app yet. I wanted to make sure all features worked well first and the add recipe section doesnt work. Everytime I go to save a recipe it says its unable to save for no reason. The website to get recipes is also really lagging. If this feature is fixed then Ill try the app out.
3,2023-12-28 11:23:54,"Like the share and scanning the barcode, but it still crashes when used longer than 10 min. My list stays good, but I can't empty the checked items in the cart or the app crashes."
3,2023-12-22 12:42:02,Dec 2023 UPDATE: App will only show main grocery list and will not display any other lists if I use the drop down menu to select the list. I can only access another list by selecting Manage Lists. NOT HELPFUL!
3,2023-12-06 22:35:09,"Edited after developer feedback: The list making functionality is fine, no complaints there. We make a list per store, and it works great for that purpose. Item notes are useful for marking location/brand/etc. Couple stars off due to collecting more info than necessary for functionality, Slight sync inconsistencies with sharing lists (fixable with some manual refreshes), and the recent (but fixed) issue with scam websites popping up from the ads. Ad free at the moment though!"
3,2023-12-03 18:03:12,"I've used this app for years with no issues and loved it. But now when you select ""delete list"", it deletes a random list rather than the one you're actually in. The first time this happened, I thought I must have not been paying attention. The second time, I lost my Christmas shopping list which is probably the most devastating list for me to lose. Not having a Trash or Undo or anything like that is a terrible oversight."
3,2023-12-01 22:01:29,"Oct 2023 Update: The developer seems to have fixed the crash issue. I move items up or down without causing the app to freeze now. Will update review as needed. Thx. [Original] The app and list crashes/becomes unresponsive every time I try to move an item up or down. Looking for a replacement app. Uninstalling soon. And, No, I am not sending email to your support inbox. Read the critical reviews and fix the problem."
3,2023-11-27 17:52:59,I would usually give this app a 5 star review. But lately when i have no signal in the store my list freezes up and wont move So now i cant get whats on the list im going after. Ive been useing this app for years. And i truly used to love it. Now im back to writing and takeing a paper list with me. Can yall fix the glitch?
3,2023-11-26 08:12:28,"I WANT to like this app since it's the cleanest UI I've found in a grocery-list app, but it just has too many easily-remedied shortcomings: Can't remove ads, no dark mode, awkward auto-complete pop-over, uses ""delete"" (implying permanent removal) when it means ""clear"" (remove crossed items from list). Plus, there's no filter-by-store master list, so you can't put milk on ONE list, and have it appear no matter which store you pull up. Must add/check off milk from EVERY list. Oh well."
3,2023-11-19 04:55:25,"Used to work really well, but you cannot remove items from the widget anymore."
3,2023-11-18 16:14:27,I used to love this app but lately it takes longer to get what my husband put on the list than it does for me to go to the store. What's up with it loading from one person to another?
3,2023-11-12 21:32:48,"Pretty useful, good enough I would happily pay for an ad free version. Ads can be pretty intrusive, but when they went out of control, the team really responded quick."
3,2023-11-12 00:40:07,"Not quite as user friendly as I would like, but better than any I have tried."
3,2023-11-11 14:40:56,"I loved this app for years and didn't even mind the ads when they're were just a little window at the bottom, but now, every few seconds a new screen opens with some stupid survey that looks spammy and I can't block it. I'm looking for another app or going back to pen and paper."
3,2023-11-10 21:44:58,"I previously reviewed this app as easy to use and reliable. However, in the past week, a scammy advertisement for an Amazon prize has been popping up. It wants you to fill in ""survey information. "" If this is related to Out of Milk, you need to drop this advertiser. I'd hate to stop using this app - been using it for years - but I will uninstall if I keep seeing it."
3,2023-11-10 17:27:31,It does not recognize all national brands off of the shelf.
3,2023-10-26 06:46:40,"I used to love this app as the widgets let me keep lists easily updated on my phone, but since a few updates a year ago you can't activatly delete items from lists to keep them updated without opening the app itself which defeats the widgets. Hoped when I bought a new phone the issue would resolve, but same issues occurred on my new phone. Pretty good app otherwise."
3,2023-10-25 21:13:39,I don't use all of the features just make shopping list. Thus only 3 stars. Can't rate anything else.
3,2023-10-17 07:28:12,Does not connect with my dad's list. This app worked better when we first got it
3,2023-10-16 04:54:52,We need to be able to delete the history so we don't have several of the same items in history.
3,2023-10-13 14:55:56,"Was better before got bought out. Now, even though I bought the paid version, I'm innondated with ads. Quality of life inprovements are almost non existent. Been requeating the same feature for two years and falls on deaf ears. Stuck with this app for now until I can find better."
3,2023-10-12 12:52:58,"I used to love this app. For some reason, the widget doesn't work very well now. I can add items but can't check them off unless I open the app. Sometimes, it glitches, and it takes multiple attempts to remove an item from the list. I wish the company would fix this problem."
3,2023-10-11 22:42:48,Wish the categories were alphabetically
3,2023-10-11 12:48:56,Handy when grocery shopping.
3,2023-10-10 20:49:58,"The app evidently doesn't have automatic syncing, or it doesn't sync at a higher frequency the way it should when it detects that two people who share a list are simultaneously editing or updating it. In such a case, there should be no more than two second delay for me to see that my friend altered the list. Currently, however, I have to FORCE a sync to see my friend's changes."
3,2023-10-09 17:49:46,"The app is just OK., should have a better search option without causing duplicates."
3,2023-10-08 14:16:36,"Not good at all with synching or saving changes, even when connected to strong wifi or a good data plan. Overall, it mostly** accomplishes what it's supposed to....but it doesn't give me the slightest confidence in its ability to not accidentally drop 1 or 2 items off my list that the app decided to not notate long enough for me to actually get to the store--which is often only 5-10 minutes away. I also tap the ""synch"" button often and still have this issue."
3,2023-10-08 12:43:20,Mostly good. Wish it worked with ok Google.
3,2023-10-06 23:33:42,"It used to be fast, now it takes at least one minute to load, most probably to find the adds to show to the user"
3,2023-10-05 16:45:41,"I have used this app for years, and I love being about to share this list with my husband. A recent update took away the function to drag and sort items in my list. I like sorting on the go - where did this function go?"
3,2023-10-04 20:07:38,"I really wanted to like this app. The interface was nice, intuitive, and easy to use. The problem we had was with syncing. We were constantly having to manually sync, and when we did it didn't always work. Because we shop together, effective real-time syncing was important for us. If they can fix the syncing functionality, it would be a great app."
3,2023-10-04 15:51:31,"Syncing between devices is hit or miss, even though we hit the ""Refresh"" button every time one of us adds something or refreshing while at the store. Forget about reliable syncing on its own, which is really annoying."
3,2023-10-03 19:07:52,"Even though the app is already open on my phone, but I'm looking at another app, the app needs time to reload the list every time I switch to it. This app is much slower than when I first started using it. The product has degraded."
3,2023-10-01 21:47:42,Excellent...!!!! Update. 2023 Unfortunately not recognizes my account anymore.
3,2023-09-30 16:06:03,"Honestly it's kind of falling behind. Has a recipe book feature but you can only add recipes from epicurious, The epicurious search function is bad, I was trying to find recipe for mushroom soup and gave up because it just kept giving me other recipes with mushrooms. You can't add from alternate sources or add your own recipe. ""Remove completed"" removes completed items on ALL lists, so if you were using lists to store recipes you lose everything. No Alexa integration."
3,2023-09-29 16:58:41,I like that I can keep track of more than 1 list at a time. More convenient than note paper.
3,2023-09-28 00:50:00,"Helpful,but not great."
3,2023-09-27 11:56:27,Hard to delete items from list. Often will not synch eith spouses Out of Milk.
3,2023-09-26 17:57:25,I've used this app for years. It has a hard time updating a shared list is not automatic and slow when you do it manually.
3,2023-09-24 19:23:31,Used to be great. Now it crashes constantly
3,2023-09-24 13:02:01,Slow
3,2023-09-24 02:15:56,"Been using the app for a while now. Nice to share lists with my better half but the app does not always sync. Also, we have experienced a glitch when removing categories on an item, it will replace the item name with a previous item on your list until you click into it to see the correct item."
3,2023-09-23 16:53:42,It works well for two people who shop for the same household. It has a problem that it very often will not sync. with your partner!
3,2023-09-23 15:57:29,"I've used this app for over 10 years & now it's constantly going to a screen to turn on location services, which I don't want to do. Then, it goes to a settings screen & then, the location service request pops up again in my shopping list & takes up half the page & I have to turn it off here too! I have to do this EVERY time I go into the app or switch from list to list. It is so annoying & intrusive! They don't allow you to just shut if off completely. I emailed them & they just said turn it on"
3,2023-09-23 14:02:35,"Handy, but the share feature doesn't work well - it's very slow."
3,2023-09-22 21:36:08,Love the app but sometimes have to try several times to open it up
3,2023-09-22 17:12:00,It would be a lot better if we could enter the percentage if there's tax
3,2023-09-21 19:43:55,"Loved the app until recently, adding items from history results in multiple additions, inflating my basket total and causing extra work to correct my grocery list!"
3,2023-09-21 13:43:21,"I would have given this 5 stars except for one annoying thing. When you start typing an item in, if you click on it, it adds it in to the master list even if it already exists. So you end up with multiple entries for common things. Then I have to spend an hour cleaning up my master list of duplicates occasionally. Please fix this! Edited 2023: Still has this annoying bug..."
3,2023-09-20 22:58:04,I used to love this app but the last year it only opens for me half the time.
3,2023-09-20 15:02:44,When we first downloaded this app we were thrilled! Real time updates so whoever was heading to the grocery store knew what the household needed. Now it's unreliable as to updating the list. And sometimes seems to ignore both of us. PLEASE fix this and I'll be happy to change my rating to 5 ⭐⭐⭐⭐⭐
3,2023-09-20 10:54:12,"App itself still works well, but the functionality to log in from a computer has been removed which is a disappointment."
3,2023-09-20 02:28:37,Works but sometimes?
3,2023-09-19 23:12:32,Good app but needs bar code fix. 9/23 still no barcode fix
3,2023-09-19 19:01:41,"It's good but not great. Seems to be missing some fundamental organization, and there's no search function that I've found so you can easily end up with multiple duplicates. It does have potential though."
3,2023-09-19 09:55:40,Easy to use but slow. And when deleting a list it now often deletes the wrong list
3,2023-09-16 14:34:14,It's fine. Would have given it 5 stars a year or two ago. Definitely slower than it used to be. Example: frustrating and time-consuming to check off an item in store and it not instantly disappear and can't delete multiple items. Have it all customized for my shopping so slow to change but am looking for a more responsive app.
3,2023-09-12 15:36:11,Have used this app for years but the barcode scanning feature doesn't seem to scan anything now super disappointed
3,2023-08-26 17:39:31,"It's close to being good, but I've had a lot of trouble sharing and keeping a list with an iphone user. The experience just isn't up to snuff on iOS. The android experience seems fine though I've had some crashing."
3,2023-07-28 21:32:53,"This app was great but isn't so much anymore. It is super slow to load if you do not create an account, and is constantly prompting the user to create an account. Every time I open it it hangs and spins (even as it's telling me that no internet is required for this process). I'm still using it, so I guess it's offering some value, but I'd be quick to switch if I could find one that was more functional. It has the kind of lag time that I associate with older java-based web pages."
3,2023-06-29 16:34:02,I've used this happily for years but with recent updates it's become very buggy. Very slow to respond and crashes frequently. Unfortunate because otherwise I'm a huge fan.
3,2023-06-24 17:38:09,My favorite grocery list app... but it has been RIDICULOUSLY slow and laggy lately. To the point that the app is several seconds behind my taps. It also takes a LONG time to load my list despite it saying that no connection is required.
3,2023-06-23 10:14:31,"Recent change is blocking access to my account and password reset email never shows up (not even in spam or other). I cannot edit the list of saved shopping items, so one-time items compete with items that I always buy. Simpler to use text lists."
3,2023-06-07 15:19:38,"Just updated the App but after the update, the items in my Shopping List disappeared 😠."
3,2023-06-07 13:28:54,Looks like recent updates have caused the app to crash.
3,2023-06-06 18:30:24,I have not had any problems with it and all the sudden it just keeps closing every time I open the app
3,2023-06-04 18:49:10,"Dropped my initial review to 3 stars now as a few months ago app started duplicating everything I add to list. This morning I added Tide and fabric softener, closed app, opened it and both listed twice. Annoying!"
3,2023-06-04 18:34:00,"In the past this app has been great. My husband and I would add things we need for the house on out shared grocery list and when either of us went to the store we would have an update to date list. In the last few years it hasn't been syncing properly. If one of us has done the shopping but doesn't press the sync button, when the other person opens it the list gets save with items previously removed back on the list."
3,2023-05-28 21:07:37,Sync hardly works now.
3,2023-05-28 16:12:08,"Barcode scanning is a joke. National brands like Sunkist and Rice-A-Roni are not recognized. And that's if you get a response at all. Sometimes it scans a barcode and does absolutely nothing. Also, kind of a funky way to manage categories. And, since your basic answer is to send you an email, don't bother. I won't be sending any emails. Uninstalled."
3,2023-05-21 12:47:38,"When managing lists, I've tried to alphabetize the categories and items, and it won't do it. It's very frustrating!!!"
3,2023-05-06 11:26:32,"The app does what I need, efficiently."
3,2023-05-02 23:52:15,I like this app but I'm now getting ads. I actually paid for this app and now there's ads right at the top of my lists? Really?
3,2023-05-02 18:11:02,"Whilst I enjoy the app and find it easy to use, the permanent adverts really bug me. Sadly, there is no option to pay to remove them. With that, I would add another 2 stars. Without, I am constantly looking for an alternative app."
3,2023-04-26 05:15:09,"I've used this app for years. It had decent features but nothing to write home about. I'll be uninstalling after their most recent update as it glitches, freezes and shuts down while I'm using the app. In addition, it takes forever to load my lists, like it's thinking forever. It was better before the update."
3,2023-04-25 02:58:41,"I've been using this app for a long time and really liked it. After the new update, however, I do not like where the ads now show up. They used to be down at the bottom, and now they're right at the very top and they appear and disappear. It's very annoying when I'm trying to add to my grocery list. Guess it's time to look for a different app... :("
3,2023-04-22 03:26:37,"Used to be a good app, but the ads became too intrusive recently."
3,2023-04-17 09:10:27,Helps me control my spending for sure. Great app!
3,2023-04-13 17:24:43,"Updating as I will be looking for another app to use. The lists have issues syncing when shared, and I can't search and select an item that I've used previously without it copying the item and adding to my checked off list below. It's frustrating and time consuming."
3,2023-04-10 23:37:10,The change you made putting the advertising at the top of the list is quite annoying and frankly unwanted. They were just fine at the bottom of the list page. That's why I have your app only 3 stars. Putting the advertising back at the bottom would garnish you a 4-1/2 to 5 *!!!
3,2023-04-10 18:00:59,Sincronization not working well
3,2023-04-08 14:48:13,I paid for Pro. Everything has been working well for years. But now I'm looking at ads?
3,2023-04-07 16:10:00,"I've been using Out of Milk for years and love it. The functionality is great, I like the ease of use, and the design is simple and customizable. I paid for it while there was a premium option and now suddenly I'm getting ads at the top of the app. Yuck."
3,2023-04-07 02:09:27,"I've edited my original review. App has become very glitchy, app will shut down or become unresponsive"
3,2023-03-30 15:54:36,"Used to work great, now it's bugged. Items on one list persist when switching to another, and deleting them from a separate list causes the originals to disappear."
3,2023-03-27 23:36:53,"Updating my review, they fixed a lot of issues and it's still my fave shopping app. HOWEVER, since the last update I can't mark items complete in the widget Update, it's been almost a year since I updated my review. I still can't mark items complete on the widget."
3,2023-03-26 19:53:20,New review. Microphone captures item but does not add it to shopping list.
3,2023-03-15 16:27:29,"Good for keeping track of shared lists and expenses, but it doesn't consistently sync up, which kind of defeats the purpose. There's a refresh button that, from what my partner and I can determine, does nothing. Restarting the app and restarting my phone also do nothing. If I don't want a few days or weeks for it to sync on its own, my partner often just has to screenshot the amount they have and send it to me so we can compare. Not really worth downloading imo"
3,2023-03-11 16:00:15,"I have to amend my previous 5 star review. The app has gone downhill. Slow to load & crashed often. Will probably look for a more reliable app. Here's my previous review: ""This is a great app. It has made my grocery list and shopping easier. I'm more organized with this app."""
3,2023-02-27 03:14:54,"Been using for years but after most recent update, it takes. F O R E V E R to load the app, and F O R E V E R to save anything to your list, and to create and save a new item. Hope this gets fixed soon!"
3,2023-02-20 14:26:58,"I loved this app for years, particularly because I could simply scan items to add to my list from my home pantry or fridge, and also scan items at the store when adding to my cart. Scanning is huge for me. I don't know what's happened, but the scanner literally fails to recognize items 99 percent of the time. Today I scanned 26 items in the store, and the app only recognized one thing. I'm delighted Out of Milk reached out to me so quickly and hope they can fix it."
3,2023-02-15 19:43:56,For some reason the app isn't updating across shared lists. It doesn't matter how many times I close it and reopen it or if I close my phone down and restart it completely. The lists aren't updating.
3,2023-02-07 16:48:39,"Works well most of the time, but the syncing doesn't always work and there is no feedback from the app to let you know if the lists were successfully synced."
3,2023-01-31 03:54:10,Loved the app for years but latest update doesn't scroll smoothly and pesters me to login.
3,2023-01-23 21:09:00,The sync feature between my phone and my wife's had not worked for some time now.
3,2023-01-22 13:06:46,"Please add ""move"" feature to ""to do list"" category like it's available in ""shopping"" category."
3,2023-01-19 13:37:59,I really use to love this but now Everytime I move the screen up or down it opens what ever item my finger rested on for editing instead of moving the list
3,2023-01-19 06:20:32,Can't see $$ total in app anymore items in cart blocks it very unhappy
3,2023-01-15 20:05:22,I have had this app for years and it has worked quickly. Since the last update my app lags out. It drives me crazy to have to wait 3 to 5 seconds for something to even add to the list. It takes 3 to 5 seconds of waiting time after each push of a button. I have a S21FE and it is updated to the newest software. Please fix the lag or I will be forced to Uninstall and get a new app in its place. Thanks.
3,2022-12-29 18:00:48,Update 12/29/22: The widget list bug is still there (have been reporting it since May 2022. Unable to check things off the list from the widget (vs opening the app). Very disappointing as that was my favorite feature. Some improvements have been made since last update so I'll bump this up to a 3 star but looking forward to the app going back to its former glory.
3,2022-12-19 20:08:19,Past Like being able to share my list so we can stop at the store before coming home if I'm not with them. UPDATE 12.19.22. Looking for another app. App is freezing and not loading 😒 some good things must come to an end. I need to access my app quickly before I forget my thought and closing & reopening app several times doesn't help me remember what I needed to add to my list or retrieve while in the store.
3,2022-12-14 14:19:02,Normally very helpful app! My husband and I share a shopping and other lists. I just gave it three stars though because syncing hasn't been working very well for a while. My husband gets the things I add to the list but my phone often doesn't show what he has checked off from our shared lists. I just uninstalled and reinstalled it on my phone. I gave it all the permissions it suggested this time just in case that was the problem. I hope that helps!
3,2022-12-07 08:54:11,"Needed: a feature to flag urgently needed items, an option to show which Pantry list items are also on the Shopping list, and options to simultaneously apply edits, additions, and deletes made on one list (e.g., Pantry) to other lists the user chooses (e.g., Shopping)."
3,2022-12-06 03:44:23,"Used this app for years. Now it constantly bugs me to turn on my location or log in. I just want a shopping list, that's it. Sad to say I've uninstalled."
3,2022-11-30 13:03:35,"I really liked this app and used it for so much. Then the other day I tried to use it and it requires me to create and log on to an account. I don't want to have to do that everytime I use it. I am not comfortable with that either. And because there was no warning of it I no longer have access to so mich of the information I jad store in there, very frustrating."
3,2022-11-27 15:49:55,Was great but now it takes all kinds of frustrating tweaking to get it to update the shared lists.
3,2022-11-16 18:08:57,Was a good app. Too many issues with syncing shared lists.
3,2022-11-11 20:18:13,"Nice app, but the barcode scanner is useless. Everything I scan, even name brand items, aren't recognized. Still, two years later. Same problem. Will this issue ever be fixed? I think it's time to find a different app."
3,2022-10-31 14:23:56,"I've always loved this app and how easy it is to use, however, lately, it's been really slow and laggy and it's really frustrating to use. Just started doing this a few months ago and it's gotten to the point that I don't want to use it anymore."
3,2022-10-28 05:30:58,"Nag for account, nag for permissions, nag about power or whatever that 50% is for, widgets don't work in terms of removing items from lists and when I put baby swiss in the list it flags the item as Baby - Feeding. Other than that it's fine."
3,2022-10-24 10:58:04,"Not working like it used to. Now when I delete items, they keep popping back up back on the list & when my husband adds items they don't show up for days or at all. Please fix these issues! It's in need of an update"
3,2022-10-24 01:09:27,"I love this app SO much, so it's frustrating that it doesn't do all it claims to. I'm unable to actually share a list so that my partner and I can both access, add, and review the same list."
3,2022-10-23 21:43:41,Been using it for about 7 years. It might be time to find a better app. It doesn't sync well and it creates several duplicate items.
3,2022-10-19 02:01:59,"Used to be perfect, now I am unable to check off an item from the widget"
3,2022-10-11 03:52:16,"App started asking for permission to track my location, in order to give me ads. I allowed while using, but it keeps asking me to give permission at all times, and that's a big nope from me. Looking for other options since the app won't let me turn off this notification."
3,2022-10-02 19:05:58,"For the most part, it's good enough. It's main problem is syncing lists—it often needs one of you to hit the sync button to get everything online or else what one person adds simply won't appear on the live, online list. Now, I don't allow most all of my apps access to my location services. This app will always have a sign-in screen begging you to give it perms and has an annoyingly small and low-contrast button to get rid of the prompt. every single time you launch the app."
3,2022-09-30 23:44:11,I wish it didn't ask me for my location EVERY time I open the app. Maybe I don't want you to track me.
3,2022-09-23 13:32:56,"Dont understand why the app doesnt just open to the lists. The opening page that just keeps saying ""get the best out of the app 0% power"" doesnt make any sense. Stop sending the same automatic response to people's replies. Actually read and look into fixing the specific issue being addressed"
3,2022-09-22 18:24:15,"App works well, sharing is not clear but worked once I figured it out. I have used this app for a few years now. I finally had to get rid of it. It wouldn't sync to other people that I had linked to. It used to di it great. Now. I could put an item on the list snd my wife would never see it when she got into the app. For a single person and no syncing. This would be a great app."
3,2022-09-19 19:21:42,"Love the app, but ""in your cart"" should be at the *TOP* of a shopping list -- if you have a lot of items in a shopping list, that's a LOT of scrolling to get to ""in your cart"" especially if you're making a multiple stop shopping trip."
3,2022-09-16 19:50:50,Was a great app but lately not updating with items added from other family members.
3,2022-09-10 22:03:25,"App used to be great but after a recent update it won't sync my and my wifes list correctly. She will add an.item to her list, hit the sync button. It won't sync to my list but then gets deleted from her list. It's like my list is overwriting her list."
3,2022-09-07 19:19:43,"Have used this app for many years and this is my first complaint. Ditto of all the 1, 2, and 3 star reviews on the July 2022 update. Please fix."
3,2022-09-04 08:24:52,"The app is great, but only if you do not plan on sharing it with anyone else. With a solo list, it is very easy to add or delete items off the list. It automatically doesn't the items into categories, and creates a vague shopping total. There were major issues with syncing. For one, the list could only be updated by the person who created it. Any additions by other members was not updated on the list, so no other members could view individual additions. This also goes for deleting items as well"
3,2022-09-03 10:12:07,I have to close this splash screen e.v.e.r.y.t.i.m.e the app is open (non U.S. locale). What a pointless waste of time.
3,2022-09-02 13:36:35,"Update. This worked great for years, but now it no longer updates the widget and is more difficult to sync. Just doesn't run as well as it did before now that it's owned by a different company. Works great. Much better than the list on the fridge that I would forget to take with me. I had my whole family download it and we share the list."
3,2022-09-01 14:52:11,"Edit: 1/9/2022. Echoing comments made by others: Location request screen every time on launch, and incorrect default shopping list. Please pass on comments to development team rather than requesting every user to raise a support call for the same issues. Edit: Continuing to use on Pixel 4a, still 5 Stars. Using on a Nexus 5 and syncing with the wife. Works well, no complaints 👍"
3,2022-08-27 21:04:23,"I recently ""upgraded"" to the latest version from July 2022. It now has a nag screen to turn on location services, and very distracting ads at the top of the app. These were not there before. This is a huge downgrade. Please remove the nag screen and the ads, or provide a paid version without these annoyances."
3,2022-08-27 13:10:23,"This app used to work perfectly. Now it no longer syncs with my wife's. It used to be very helpful when she was adding to the list while I was shopping. But, now I get yelled at for getting everything because it doesn't sync! Please help me..."
3,2022-08-25 21:46:31,"I have used it for a few years, but lately my list has been scrambled and items have dropped off the list for no apparent reason."
3,2022-08-23 14:11:34,Used this app for years and loved it until the incessant pop ups and requests for location access started happening. Pretty disappointed.
3,2022-08-23 06:32:14,"There have been changes made that I don't like, such as items mysteriously appearing on my list that I don't buy. Have uninstalled. Have been using the app for years. suits my needs perfectly."
3,2022-08-22 17:10:10,"Please restore manual sort for Pantry categories so users can select items they think about at the same time, which don't line up alphabetically, i.e. produce and fruit. Sync between android and iphone is glitchy at best. Typically only works on when both users exit and refresh app after making changes, and even this is not dependable. Lastly, adding items to my shopping list as a way of advertising is not cool. Fools me into thinking a family member added it."
3,2022-08-21 14:24:13,"The app used to work great and I previously gave it 5 stars, but now the syncing doesn't work properly. Very frustrating."
3,2022-08-20 22:10:30,"I have used this app for years, but now a full-screen pop-up greets me every time I open it, asking me to turn on location permissions. If I wanted this, I would just go to settings. Hoping it's temporary"
3,2022-08-20 20:44:47,"Nagging location request; intrusive and irrelevant ads; and syncing problems (although appears to be finally resolved). Was once my favorite shopping app, best in category when it first came out, straight-forward and simple, only app that synced between all my devices, is now bloated and buggy. Saddened that I'm removing it. Other apps have caught up and now work better."
3,2022-08-18 02:54:51,"Works great so far, except for the very annoying pop up to allow location access."
3,2022-08-14 14:56:23,"I have been using this app for a long time and find it helpful to have a shared shopping list with my family. BUT. I find the constant request for a location, which I do not want to disclose, very intrusive. Why is there not an option to permanently dismiss this request?"
3,2022-08-14 14:38:16,"Used to be five stars, but now tries to force you to turn on location services every time you open the app. If they get rid of this, it will be back to five stars."
3,2022-08-07 15:29:24,"I have been using this app for quite a while now and when it works, it's a great app. The splash screen at the beginning that bugs you for your location is very annoying but I can live with it. My problem is that the sync frequently doesn't work properly which is one of the main features I rely on to make sure everyone has the latest update of the list since we are very far from the nearest store. Even days later it still hasn't synced and things are getting missed or double purchased."
3,2022-08-06 05:00:24,I like the app and wanted to get the pro but it won't load the screen so I can
3,2022-08-05 18:22:45,Decent shopping list app. Syncing across shared lists can be spotty.
3,2022-08-05 13:41:59,App has started doing weird things. Adds items to lists that I don't even have in my pantry list. Often adds those odd items multiple times. Won't sync. Even a forced close and signing out/in hasn't helped.
3,2022-08-03 14:05:52,Barcode scanner hasn't worked for some time. Syncing is hit-and-miss.
3,2022-07-25 22:10:39,07/25/22 Updating my review. Bought PRO version long ago to remove ads & now I'm getting ads! I'M NOT HAPPY. UNINSTALLING.
3,2022-07-24 21:03:02,"Last update slowed this waaaay down. Also, need to have option to not have the location banner show up Every dang Time you open it. Frustrating"
3,2022-07-21 16:37:36,"New main display is annoying! The app was great. Now you have to click out of the new intro display to see your lists, please remove this intro display! Also, scrolling up/down the list sometimes causes an item to be unintentionally moved, maybe add scroll bars?"
3,2022-07-14 15:07:48,"It does what it needs to do, but in the last version the developers chose to add more push notifications that are unnecessary and ignoring the push notifications configuration. Very disappointed in this change."
3,2022-07-14 14:52:12,"I used to love this app, however recently everytime I launch the app, it wants me to turn on location, and now I'm getting notifications even though they a switched off."
3,2022-07-11 21:43:00,"I bought the pro version back before the merger to not see ads, and get a little more functionality. Lately the ads are becoming more and more obtrusive and are starting to make me question is this still a good app"
3,2022-07-11 19:03:13,A good app. Very dependable. My only criticism is the app wanting 24/7 access to my location. I don't give anyone 24/7 location info through my phone. This part of the app should be dropped.
3,2022-07-11 15:45:52,"Your drag and drop moves my things around while I'm scrolling, and when I go to put it back in its place, it won't let me."
